ou_mean,ou_std,IT5A_V_num_-200_0,IT5A_V_mean_-200_0,IT5A_V_median_-200_0,IT5A_V_num_-200_-70,IT5A_V_mean_-200_-70,IT5A_V_median_-200_-70,IT5A_V_num_-70_-50,IT5A_V_mean_-70_-50,IT5A_V_median_-70_-50,IT5A_V_num_-50_0,IT5A_V_mean_-50_0,IT5A_V_median_-50_0
-0.0068421052631578,0.0063157894736842,319996,-92.50286605151958,-92.49143514410505,319996,-92.50286605151958,-92.49143514410505,0,,,0,,
-0.0005263157894736,0.0110526315789473,319964,-81.82717684707318,-81.79558168565549,310695,-82.25652206053185,-82.025539670384,9216,-67.64751833776326,-68.22911928218272,53,-30.587964135258535,-32.72059061133679
-0.0068421052631578,0.0236842105263157,319740,-91.7879512601033,-91.73793103276704,306143,-93.00794611086361,-92.43524699085606,13187,-65.40072381059429,-66.36029786741639,410,-29.533036090254377,-31.240565438883237
0.0089473684210526,0.0205263157894736,314199,-71.81780840035569,-72.1001328581879,183772,-79.06086349608024,-77.82931544771672,120940,-64.06949732143008,-64.86454690831701,9487,-30.28834922820012,-33.13701332361305
0.0373684210526315,0.0110526315789473,315548,-28.73550916635876,-23.469307647445635,230,-71.49032189846908,-71.14113102790056,45210,-60.61407575156949,-60.98322319892984,270108,-23.363348392720937,-23.20571011146386
0.0468421052631579,0.0110526315789473,319996,-22.396436565180974,-22.479325838006012,0,,,0,,,319996,-22.396436565180974,-22.479325838006012
0.0405263157894736,0.0284210526315789,319996,-22.60487580076169,-22.880135074119494,0,,,0,,,319996,-22.60487580076169,-22.880135074119494
0.0026315789473684,0.0236842105263157,317914,-80.00582084491712,-79.88605335941693,257883,-84.03716973991924,-82.79106753166558,56589,-64.67107382472547,-65.61188094028333,3442,-30.081838287040785,-32.79565862689262
0.0247368421052631,0.0031578947368421,310570,-62.567684957031304,-65.07029564692814,6042,-70.57113276553582,-70.43325958606555,287151,-64.25258710377675,-65.273733458542,17377,-31.942250877554155,-35.906107764422515
0.0026315789473684,0.0268421052631578,318356,-62.59664320962692,-72.52414757560621,172850,-85.6045054747113,-84.19116096912768,37048,-64.27862045203543,-65.14420411165972,108458,-25.35436614941392,-25.339223113190336
0.0373684210526315,0.03,319996,-22.804608807619825,-23.09055155071067,0,,,0,,,319996,-22.804608807619825,-23.09055155071067
-0.01,0.0189473684210526,319988,-96.41355066844375,-96.38134841382833,318529,-96.55283709356416,-96.44335107305965,1446,-66.35923496937352,-67.35854098007917,13,-26.55007325805263,-28.130866175574216
0.0089473684210526,0.0189473684210526,318428,-45.0994140845975,-26.84714009678236,88009,-78.91634834321837,-77.97228552399825,41550,-64.50196648144059,-65.40583476866259,188869,-25.072990376864688,-25.05950950534768
0.0405263157894736,0.0047368421052631,294493,-55.69595409785218,-59.715728521566376,0,,,253081,-59.683789636541384,-60.29560739393499,41412,-31.32510975401452,-34.94221127497083
0.0342105263157894,0.0126315789473684,319996,-23.324533062877293,-23.3953300264995,0,,,0,,,319996,-23.324533062877293,-23.3953300264995
0.0121052631578947,0.0126315789473684,315970,-65.93317188508254,-69.38733414963059,148083,-75.36224132687751,-74.64636808697426,137089,-64.64343644250688,-65.48481462691807,30798,-26.337212794814917,-25.047620318356834
0.0057894736842105,0.0284210526315789,318212,-50.63987309436757,-29.131438089282966,115346,-84.7093956656352,-83.25013355704334,32116,-64.14784390959464,-65.12752061778012,170750,-25.084352501645697,-25.1071072037277
-0.0005263157894736,0.0252631578947368,318585,-83.86760176913027,-83.61343723326496,275500,-87.11085006188945,-85.8435690771278,40787,-65.00689152653474,-66.00440932875256,2298,-29.801841982184246,-32.11751780188979
0.0310526315789473,0.0142105263157894,319996,-23.535920499592823,-23.6177817818035,0,,,0,,,319996,-23.535920499592823,-23.6177817818035
0.0405263157894736,0.001578947368421,303683,-57.93428725043932,-61.47231314353152,0,,,271494,-60.92283274389581,-61.92224815821446,32189,-32.72778284829976,-37.03876026957803
0.0468421052631579,0.0189473684210526,319996,-22.299969996389677,-22.4537709116111,0,,,0,,,319996,-22.299969996389677,-22.4537709116111
0.0057894736842105,0.0252631578947368,318231,-51.09062316589361,-29.749523591048998,118414,-83.36199526860352,-82.24031364741631,34621,-64.24315339434301,-65.27294884813982,165196,-25.201763839944817,-25.179321963158145
0.0278947368421052,0.03,319996,-23.484915256258173,-23.71328427579156,0,,,0,,,319996,-23.484915256258173,-23.71328427579156
-0.0005263157894736,0.0078947368421052,319996,-81.8881862566368,-81.86439846826582,318879,-81.93517103455015,-81.8850909398166,1117,-68.47506271480692,-68.73359837948999,0,,
0.0405263157894736,0.0205263157894736,319996,-22.749210775131253,-22.917124941543385,0,,,0,,,319996,-22.749210775131253,-22.917124941543385
-0.0068421052631578,0.0094736842105263,319996,-92.34552752749535,-92.32990290190762,319994,-92.34566744967043,-92.32994331691239,2,-69.95839928257826,-69.95839928257826,0,,
0.0057894736842105,0.0142105263157894,318233,-73.93401350200845,-74.19518285894485,224041,-77.96862534754206,-77.22765516646952,91181,-65.44798196346764,-66.31284076193825,3011,-30.70796542180256,-33.87065690592898
0.0278947368421052,0.0173684210526315,319996,-23.719723939798182,-23.824851701061718,0,,,0,,,319996,-23.719723939798182,-23.824851701061718
0.0373684210526315,0.0268421052631578,319996,-22.86955273996439,-23.10980478765434,0,,,0,,,319996,-22.86955273996439,-23.10980478765434
-0.01,0.0142105263157894,319996,-96.73237744130653,-96.70879846692371,319900,-96.74107281759701,-96.71159575454666,96,-67.75684748990311,-68.33602120778208,0,,
-0.0068421052631578,0.0078947368421052,319996,-92.4275807099218,-92.41403712072619,319996,-92.4275807099218,-92.41403712072619,0,,,0,,
0.0373684210526315,0.0047368421052631,297838,-56.80440172787154,-60.36093513246311,68,-71.05542805766795,-71.09623491140636,260952,-60.37872767768592,-60.87741425627131,36818,-31.444616431375565,-35.04367947340997
0.0405263157894736,0.0252631578947368,319996,-22.66678003649628,-22.892263287076148,0,,,0,,,319996,-22.66678003649628,-22.892263287076148
0.0310526315789473,0.0268421052631578,319996,-23.327150093590184,-23.537318465229617,0,,,0,,,319996,-23.327150093590184,-23.537318465229617
0.0373684210526315,0.0284210526315789,319996,-22.837741381025413,-23.100685398589285,0,,,0,,,319996,-22.837741381025413,-23.100685398589285
0.0278947368421052,0.0236842105263157,319996,-23.614632268120733,-23.77696402065624,0,,,0,,,319996,-23.614632268120733,-23.77696402065624
0.0373684210526315,0.0252631578947368,319996,-22.899439042404996,-23.120749872430615,0,,,0,,,319996,-22.899439042404996,-23.120749872430615
0.0436842105263157,0.0236842105263157,319996,-22.460959237392345,-22.681117871621332,0,,,0,,,319996,-22.460959237392345,-22.681117871621332
0.0089473684210526,0.0110526315789473,317231,-70.61041659794147,-71.19745118606083,180963,-75.7021642940647,-75.0755033207095,131380,-65.05980523239135,-65.80751027814068,4888,-31.294005565295357,-34.70308237040811
0.0468421052631579,0.0031578947368421,296301,-56.010506963771725,-59.879549691214834,0,,,256970,-59.75638858366998,-60.38459927288654,39331,-31.536702588971846,-35.271772957459525
-0.0036842105263157,0.0110526315789473,319996,-87.19428804095901,-87.16541390225098,319171,-87.24429422337664,-87.18554581665404,825,-67.84819925500015,-68.10491156997008,0,,
0.0436842105263157,0.0268421052631578,319996,-22.40453031705742,-22.66684350133132,0,,,0,,,319996,-22.40453031705742,-22.66684350133132
0.0436842105263157,0.03,319996,-22.341965685308693,-22.654803629958355,0,,,0,,,319996,-22.341965685308693,-22.654803629958355
0.0184210526315789,0.0252631578947368,319088,-26.347247413254948,-24.54849244360764,5298,-75.93524650864065,-74.19684944185218,9945,-62.86453854755963,-63.53937630364414,303845,-24.287375835516247,-24.39197280816799
0.0247368421052631,0.0236842105263157,319996,-23.838135272672098,-23.99235730146998,0,,,0,,,319996,-23.838135272672098,-23.99235730146998
0.0057894736842105,0.0126315789473684,318489,-73.32161225481902,-73.50752952872695,220556,-77.14149135457356,-76.44662708883334,95319,-65.64167633868855,-66.49031550160561,2614,-31.0670433428715,-34.41700392349506
-0.0036842105263157,0.0252631578947368,319412,-76.217249718777,-83.68801356046721,237779,-90.12056751277852,-89.09005496444772,20679,-65.21691741175326,-66.24213282200944,60954,-25.71291645167462,-25.73457775331936
0.0184210526315789,0.0,313235,-64.9236656437874,-67.04794162377073,87187,-71.0152327077078,-71.138483265824,213662,-64.34716353053884,-65.07188832240328,12386,-31.988992377106086,-36.163513527111576
0.05,0.0,299368,-55.399979466614745,-59.554837941314545,0,,,253209,-59.269651202962706,-60.14690540742199,46159,-34.17257612839409,-39.12605574761837
0.0278947368421052,0.0252631578947368,319996,-23.584287547210202,-23.762042395173232,0,,,0,,,319996,-23.584287547210202,-23.762042395173232
0.0152631578947368,0.0252631578947368,319047,-30.623437115925704,-25.032189414266533,23524,-78.95476846223605,-77.14526238398241,17023,-64.00445137813382,-64.95854402612206,278500,-24.50066783629852,-24.584362908650995
0.0405263157894736,0.0,303635,-57.93310130024967,-61.51791144556241,0,,,271551,-60.900717490712125,-61.98611625986077,32084,-32.815935605938655,-37.118808290375505
-0.0036842105263157,0.03,318773,-88.41899043880294,-88.05817877630648,285304,-91.44022455286141,-90.09351341503664,31529,-64.73317892049006,-65.7242728751552,1940,-29.047739760221226,-30.938070890520134
0.021578947368421,0.0142105263157894,319582,-26.006181082307613,-24.357052241705787,4191,-73.95316391387865,-72.90635147261041,9117,-63.59995307386192,-64.22803724270587,306274,-24.231011710130694,-24.279742172772927
0.0310526315789473,0.0031578947368421,307820,-60.5812566424942,-63.40057998226749,66,-70.15377537383642,-70.14824398336728,284888,-62.8594674082842,-63.768336224295794,22866,-32.169348355926786,-36.17578283385089
0.0121052631578947,0.0142105263157894,316729,-57.0930967957701,-66.54804150140868,116991,-75.7404012454642,-74.92289092590173,106113,-64.6088774883669,-65.46024838632827,93625,-25.27372342853176,-24.96958597123956
0.0342105263157894,0.0063157894736842,303003,-58.7628166161455,-61.548565613614784,1899,-70.91051609032331,-70.7667462548603,270903,-61.6811781777297,-62.02117744634955,30201,-31.82127880549979,-35.74687000677867
0.0436842105263157,0.0157894736842105,319996,-22.582568242843895,-22.699573334613522,0,,,0,,,319996,-22.582568242843895,-22.699573334613522
0.0342105263157894,0.0047368421052631,304291,-59.044445422274194,-61.91476576201461,293,-70.39389523578414,-70.35428594988343,275557,-61.82446833234866,-62.348639815985905,28441,-31.992648304495283,-35.909467322422245
0.05,0.0205263157894736,319996,-22.03536466937179,-22.222282179826173,0,,,0,,,319996,-22.03536466937179,-22.222282179826173
0.0373684210526315,0.0173684210526315,319996,-23.03228370978428,-23.146378982278556,0,,,0,,,319996,-23.03228370978428,-23.146378982278556
0.0278947368421052,0.0157894736842105,319996,-23.741899046051223,-23.83389720192192,0,,,0,,,319996,-23.741899046051223,-23.83389720192192
-0.0068421052631578,0.0173684210526315,319968,-91.89763268124157,-91.85852503060298,316650,-92.1621840091965,-91.98817324490497,3277,-67.12387720301946,-68.10675870144277,41,-28.810284027791838,-29.18972084418686
-0.0068421052631578,0.0205263157894736,319905,-91.77972060079782,-91.73627450151366,311675,-92.46713914279735,-92.10225976345981,8090,-66.37671231266535,-67.18252302873799,140,-29.345170409843423,-30.837948993119245
0.0342105263157894,0.0205263157894736,319996,-23.215508905439837,-23.37078276596346,0,,,0,,,319996,-23.215508905439837,-23.37078276596346
0.0436842105263157,0.0047368421052631,293094,-55.1140045368885,-59.28176764514757,0,,,248826,-59.32592822605482,-59.90462683090707,44268,-31.439202786628762,-35.114037003117986
0.0436842105263157,0.0078947368421052,313273,-30.299092295402716,-23.03732793680201,0,,,62062,-59.63169603531637,-60.0077169716121,251211,-23.052434890645284,-22.743098118750073
0.0121052631578947,0.03,319870,-25.47584408302054,-24.779546439078914,3912,-81.6732308358997,-78.87045296465072,1669,-63.99635085466912,-65.12486052691119,314289,-24.571787934764814,-24.714439253681636
0.0310526315789473,0.0126315789473684,319996,-23.554223885412707,-23.62444933354093,0,,,0,,,319996,-23.554223885412707,-23.62444933354093
0.0373684210526315,0.0142105263157894,319996,-23.07417372352679,-23.170054596041282,0,,,0,,,319996,-23.07417372352679,-23.170054596041282
0.0373684210526315,0.0063157894736842,307792,-39.020006679050596,-24.23780746630257,0,,,128049,-60.03862815910924,-60.49689797985758,179743,-24.0463305865183,-23.244566558328
0.021578947368421,0.0031578947368421,311935,-63.70596765659601,-65.98411347551561,32780,-70.81398708158665,-70.65726565585915,264284,-64.61598839772421,-65.59709634659913,14871,-31.865150072068165,-35.79746448133329
0.0089473684210526,0.001578947368421,318413,-66.85428731671615,-65.67930480603029,81294,-74.72533874944159,-74.94436107619661,234198,-64.5501409895438,-64.58863729743459,2921,-32.536316196938415,-37.061504801968304
-0.01,0.0,319996,-97.40095872621504,-97.400958586422,319996,-97.40095872621504,-97.400958586422,0,,,0,,
-0.0068421052631578,0.0189473684210526,319942,-91.83056026683468,-91.7861457270767,314467,-92.27768917302849,-92.01305484652264,5393,-66.71212046733301,-67.62745123127627,82,-29.104463860265337,-29.26264210712702
0.0405263157894736,0.0221052631578947,319996,-22.723899273983136,-22.907658230965165,0,,,0,,,319996,-22.723899273983136,-22.907658230965165
0.0152631578947368,0.0110526315789473,315745,-56.45596825586812,-65.65443878947039,93155,-74.04034261178289,-73.40610936342398,135050,-64.55043996405661,-65.42495330557595,87540,-25.256164768135758,-24.781707859866465
0.0184210526315789,0.0221052631578947,319908,-24.729236639195417,-24.442189973673386,1642,-78.53431969319477,-77.37179111868713,1166,-63.006036279976996,-63.960269795875284,317100,-24.30987777840759,-24.418556167379297
0.0278947368421052,0.001578947368421,309281,-61.467831346891444,-64.26006748499657,0,,,289261,-63.506272339783486,-64.61384207924941,20020,-32.0152099660247,-36.030673816686644
0.0057894736842105,0.0047368421052631,319962,-70.42687460292505,-70.44830384406856,181009,-72.37396691020304,-72.02469952114089,138893,-67.90655576752914,-68.32165508457919,60,-30.650417212320313,-34.57127571184678
0.0184210526315789,0.0031578947368421,313269,-64.90117001453767,-66.9448434654529,75690,-71.36360196037135,-71.19042774436898,225159,-64.54795964589367,-65.376286364797,12420,-31.921058856193284,-35.910962874468396
0.05,0.0063157894736842,319996,-22.19121921788738,-22.24607292966455,0,,,0,,,319996,-22.19121921788738,-22.24607292966455
0.0436842105263157,0.0094736842105263,319996,-22.651842017745984,-22.72646315518723,0,,,0,,,319996,-22.651842017745984,-22.72646315518723
0.05,0.0142105263157894,319996,-22.119680846028555,-22.233914193812595,0,,,0,,,319996,-22.119680846028555,-22.233914193812595
-0.01,0.0173684210526315,319988,-96.52460352138843,-96.4948475005674,319235,-96.59658544567029,-96.52426612022883,740,-66.69316962555374,-67.23099741780266,13,-26.99471773744172,-27.05199900787581
0.0057894736842105,0.0063157894736842,319684,-70.86515904260976,-70.85222763621525,188451,-73.54276617663217,-72.96121322710968,130670,-67.17248734698869,-67.76777710023083,563,-31.65320247626655,-35.61979700470434
-0.01,0.001578947368421,319996,-97.36077128342794,-97.35731078041074,319996,-97.36077128342794,-97.35731078041074,0,,,0,,
-0.0068421052631578,0.0221052631578947,319843,-91.77187525091612,-91.70445605159756,308890,-92.71496282530791,-92.23307473902614,10711,-65.99075990347319,-66.77324663631221,242,-29.09090679050256,-31.53762610336848
0.0310526315789473,0.03,319996,-23.258786456887325,-23.510351413393458,0,,,0,,,319996,-23.258786456887325,-23.510351413393458
0.0247368421052631,0.0126315789473684,315917,-31.533087196570776,-24.474062805245623,3403,-72.1621178084809,-71.34303428343831,56678,-62.25459733856415,-62.6926049279383,255836,-24.18660607976067,-24.08246576115249
0.0121052631578947,0.0205263157894736,316961,-36.37584372579967,-25.762593468232865,35116,-76.39156252770411,-74.97996325511853,47502,-63.49073899974975,-64.20723204107347,234343,-24.883271996535925,-24.85641909756089
0.0152631578947368,0.0221052631578947,318656,-27.50174496806071,-24.83260186982433,5735,-73.93293231076439,-72.96036818535994,16906,-63.05644645232781,-63.83555029234424,296015,-24.57158723043448,-24.62465175341835
0.0247368421052631,0.03,319996,-23.70520937096531,-23.92530240133746,0,,,0,,,319996,-23.70520937096531,-23.92530240133746
0.0184210526315789,0.0094736842105263,313073,-65.67822976005571,-67.10740187441655,95036,-73.07582849926074,-72.58299268780829,205564,-64.3258502300878,-65.11844808266918,12473,-31.601612420140643,-35.282457549996415
0.0278947368421052,0.0268421052631578,319996,-23.552374668297396,-23.747538433931524,0,,,0,,,319996,-23.552374668297396,-23.747538433931524
0.0121052631578947,0.0031578947368421,316048,-67.48850447221874,-68.32443136300257,131404,-73.62300071461634,-73.68175436957685,177409,-64.38628277463943,-64.87322123549396,7235,-32.1415390140057,-36.379661794872014
0.0152631578947368,0.03,319698,-25.858488789248675,-24.632688969414982,5715,-82.03139349575441,-78.57706313652297,3704,-63.50251541955239,-64.51506288725497,310279,-24.37446433049922,-24.52200506395779
0.0310526315789473,0.0173684210526315,319996,-23.493176423902558,-23.59564749940329,0,,,0,,,319996,-23.493176423902558,-23.59564749940329
0.0089473684210526,0.0126315789473684,317088,-69.88994512702467,-71.47424781456034,183128,-76.35310136004875,-75.57548985081979,120032,-64.96137935180464,-65.78709791212839,13928,-27.38568984916548,-25.430101759310517
0.0247368421052631,0.0142105263157894,318173,-31.003913304417285,-24.429187678173044,13817,-73.57354073673382,-72.79897245701542,38417,-63.55524109413258,-64.23006975249558,265939,-24.089888276385256,-24.063562497152578
0.0247368421052631,0.0094736842105263,310029,-51.91544407592574,-61.18186689064116,23317,-72.2994778030139,-71.78672259961034,189799,-62.99463017214958,-63.43992338942419,96913,-25.313100156206993,-24.21040550459592
-0.0068421052631578,0.0110526315789473,319996,-92.25737996351262,-92.23959149959515,319943,-92.26132907421561,-92.2409221769282,53,-68.41793985688811,-68.90015785560932,0,,
0.05,0.0078947368421052,319996,-22.180564307735935,-22.241149924831326,0,,,0,,,319996,-22.180564307735935,-22.241149924831326
0.0342105263157894,0.0157894736842105,319996,-23.286181311682864,-23.379557555659893,0,,,0,,,319996,-23.286181311682864,-23.379557555659893
0.0405263157894736,0.0094736842105263,319996,-22.88841219404354,-22.949441881683796,0,,,0,,,319996,-22.88841219404354,-22.949441881683796
-0.0005263157894736,0.0047368421052631,319996,-81.98861610086553,-81.97624866076433,319996,-81.98861610086553,-81.97624866076433,0,,,0,,
0.0405263157894736,0.0189473684210526,319996,-22.774434387905696,-22.921740652616542,0,,,0,,,319996,-22.774434387905696,-22.921740652616542
0.0468421052631579,0.0205263157894736,319996,-22.275860508683653,-22.44880667001378,0,,,0,,,319996,-22.275860508683653,-22.44880667001378
-0.0005263157894736,0.0,319996,-82.13021713911006,-82.13021711870616,319996,-82.13021713911006,-82.13021711870616,0,,,0,,
-0.0005263157894736,0.0189473684210526,319364,-82.65967461608945,-82.57356971348617,287670,-84.66036307456015,-83.87752736907578,30662,-65.66212539083467,-66.6668617197821,1032,-29.98603653129316,-32.79930937992812
0.05,0.0236842105263157,319996,-21.986212612048117,-22.217903966825734,0,,,0,,,319996,-21.986212612048117,-22.217903966825734
-0.0036842105263157,0.0,319996,-87.61606893649044,-87.61606887090127,319996,-87.61606893649044,-87.61606887090127,0,,,0,,
0.0026315789473684,0.0173684210526315,318872,-78.18075962077577,-78.22419908276706,260277,-81.28028323937177,-80.39905619972433,56726,-65.53787800391252,-66.52197466598595,1869,-30.264972419529084,-33.07454930834773
0.0342105263157894,0.0173684210526315,319996,-23.264546053293948,-23.37685016442997,0,,,0,,,319996,-23.264546053293948,-23.37685016442997
0.021578947368421,0.001578947368421,311907,-63.67531000310985,-66.02157492074241,19719,-70.39818542040221,-70.3243506204295,277405,-64.88701607140297,-65.91012360542327,14783,-31.969857643748572,-35.88596946651925
0.0342105263157894,0.0094736842105263,319996,-23.35478496958742,-23.409718004859922,0,,,0,,,319996,-23.35478496958742,-23.409718004859922
0.021578947368421,0.0,311971,-63.67754825640767,-66.07212252603694,0,,,297202,-65.25951089675445,-66.4006584013638,14769,-31.843134238103207,-35.99719574040064
-0.01,0.0252631578947368,319848,-96.16308268732239,-96.07300691433343,311694,-96.9822837949686,-96.52123907256774,7924,-65.89575026500198,-66.70326959985749,230,-28.76426559081879,-30.70751465491478
-0.0036842105263157,0.0236842105263157,319488,-76.12397308444248,-83.86217306784779,240512,-89.67442992725007,-88.79265368813267,18172,-65.35448624787955,-66.32945292885319,60804,-25.74333428792716,-25.76320679988969
0.0405263157894736,0.0173684210526315,319996,-22.797596616213774,-22.928974925827884,0,,,0,,,319996,-22.797596616213774,-22.928974925827884
-0.0005263157894736,0.0236842105263157,319035,-70.64816009571996,-78.88127459113764,216075,-86.48436617994109,-85.27476875195873,30740,-65.11196401082549,-66.14696587743225,72220,-25.62426696364538,-25.602231569478406
0.05,0.0157894736842105,319996,-22.101025858411838,-22.2263137778493,0,,,0,,,319996,-22.101025858411838,-22.2263137778493
0.0152631578947368,0.0173684210526315,317875,-38.93743214214833,-25.741897155781974,49137,-76.0235897368329,-74.89366087592849,50639,-64.12152570263338,-64.98604422240936,218099,-24.73470842704914,-24.707731091177667
-0.0036842105263157,0.0126315789473684,319986,-87.12811463949048,-87.1007746690036,317772,-87.26621594758939,-87.16448963114391,2200,-67.54041905127363,-68.35426854984371,14,-30.571072987318434,-31.329812682218865
-0.0036842105263157,0.0205263157894736,319655,-87.20928594518294,-87.18240448142812,301172,-88.60412353149584,-87.99782857717176,17929,-65.54087580958561,-66.57399606986617,554,-30.18202922332453,-32.73342360347763
0.0184210526315789,0.0142105263157894,317230,-39.80565846467079,-25.58581895485994,42409,-74.37222726593106,-73.61886872654962,68872,-63.915865165267284,-64.64402092602359,205949,-24.624949783511244,-24.51207644372202
-0.0068421052631578,0.001578947368421,319996,-92.68268759918003,-92.67890176301316,319996,-92.68268759918003,-92.67890176301316,0,,,0,,
0.0152631578947368,0.0189473684210526,319691,-26.44138528600671,-24.754382797571346,6857,-76.94459382354181,-75.6585233288493,5916,-63.59837857395776,-64.30670837763844,306918,-24.596849373374035,-24.657731390918173
0.0184210526315789,0.0236842105263157,319909,-24.704747753224364,-24.42706499391831,1627,-79.43852944408009,-78.2984414615426,1171,-63.122096016519755,-63.78711724884079,317111,-24.282061130472893,-24.401129597229918
0.0247368421052631,0.0205263157894736,319996,-23.894847366925863,-24.008311989915843,0,,,0,,,319996,-23.894847366925863,-24.008311989915843
-0.0036842105263157,0.0189473684210526,319827,-87.03692849975108,-86.99464327612097,303569,-88.19833025681422,-87.6775159739796,15981,-65.97009049368243,-66.79113026595677,277,-29.649088012663505,-32.80558655724172
-0.0005263157894736,0.03,319005,-53.24861677614132,-29.712388480448467,127282,-88.79462482082533,-87.21933078349058,20620,-64.49463270442868,-65.51536624323822,171103,-25.45097532985018,-25.49472228106082
0.0089473684210526,0.0173684210526315,318381,-46.70907191319037,-27.164738582459467,95098,-78.21315781647701,-77.36401860155175,46237,-64.67284222184354,-65.59861518685598,177046,-25.09566969573304,-25.073537492874436
0.0026315789473684,0.0047368421052631,319996,-76.29138276325055,-76.28045452120128,317113,-76.35673582989872,-76.31100737574253,2883,-69.10293079515743,-69.39842129397017,0,,
0.0184210526315789,0.03,319996,-24.139706930551423,-24.319820557572108,0,,,0,,,319996,-24.139706930551423,-24.319820557572108
0.0121052631578947,0.0110526315789473,316036,-66.13867542495339,-69.16551939021411,143076,-74.74792434937387,-74.11518783231546,146781,-64.79398348013171,-65.5868614254523,26179,-26.62602518019595,-25.163434532192767
-0.0036842105263157,0.0157894736842105,319938,-87.03410675363445,-86.99788237541793,311677,-87.57915422524725,-87.28269955058583,8173,-66.86727066583272,-67.58531515865553,88,-29.588544659662947,-31.534310467616294
0.0026315789473684,0.0,319996,-76.42488282079417,-76.42488284744525,319996,-76.42488282079417,-76.42488284744525,0,,,0,,
-0.0005263157894736,0.001578947368421,319996,-82.08412958651215,-82.08088458048283,319996,-82.08412958651215,-82.08088458048283,0,,,0,,
0.0026315789473684,0.0205263157894736,318905,-64.26647498587808,-73.89095604056247,187106,-82.63712210991581,-81.57408079458853,42216,-65.18477012342952,-66.1115967242956,89583,-25.46419053104764,-25.419580793103638
0.0057894736842105,0.0,319996,-70.59589368858218,-70.59589376385856,319996,-70.59589368858218,-70.59589376385856,0,,,0,,
0.0468421052631579,0.0094736842105263,316876,-25.651472521666882,-22.63332123043142,0,,,26445,-59.16023427449113,-59.486492786053894,290431,-22.600354684543987,-22.50161522841976
-0.01,0.0284210526315789,319652,-96.1894068418527,-96.09285210755397,307481,-97.48815853680576,-96.8166430426743,11614,-64.98716027667963,-66.09348420014811,557,-29.836483488284053,-32.16520136193538
0.0121052631578947,0.0221052631578947,319522,-28.72378535691641,-25.06089265043247,15543,-77.93731496849405,-76.9454509246702,11142,-64.32265397196069,-65.13998990834263,292837,-24.757181120219613,-24.82184144315905
0.0342105263157894,0.0221052631578947,319996,-23.189464004659758,-23.351340777156324,0,,,0,,,319996,-23.189464004659758,-23.351340777156324
0.05,0.0284210526315789,319996,-21.903752244246053,-22.223638854489764,0,,,0,,,319996,-21.903752244246053,-22.223638854489764
0.0089473684210526,0.0063157894736842,317679,-69.06306170208452,-69.1312096042515,140825,-74.75003757662466,-74.37476891312356,172727,-65.31744217529271,-65.91883709857868,4127,-31.772353311500613,-35.68160898561173
-0.01,0.0031578947368421,319996,-97.31094062153038,-97.3046994577168,319996,-97.31094062153038,-97.3046994577168,0,,,0,,
0.0121052631578947,0.0189473684210526,319385,-29.998926559104994,-25.14076824060939,20716,-77.67439703441076,-76.32296735527012,14260,-64.08082370093963,-64.76138862790619,284409,-24.81746992584445,-24.858503225971003
-0.0068421052631578,0.0126315789473684,319996,-92.16379123019448,-92.1420674965889,319715,-92.18486086400192,-92.15076791029614,281,-68.19127175422898,-68.94740252739058,0,,
0.0373684210526315,0.0189473684210526,319996,-23.008599463455916,-23.137183958553244,0,,,0,,,319996,-23.008599463455916,-23.137183958553244
0.0057894736842105,0.001578947368421,319996,-70.54229904147395,-70.54226242886679,233210,-70.95241226977257,-70.86048952617571,86786,-69.44024910287182,-69.56089722723286,0,,
0.0468421052631579,0.03,319996,-22.108508009706853,-22.428782658581213,0,,,0,,,319996,-22.108508009706853,-22.428782658581213
0.021578947368421,0.0189473684210526,319272,-27.396010549380538,-24.425516297060568,9366,-76.42410678062657,-75.347455400017,13644,-63.58300222898994,-64.37617596163544,296262,-24.179491172010366,-24.240073366507758
0.0057894736842105,0.0221052631578947,318396,-52.96059177777341,-61.2478268827394,127728,-82.01993992005758,-80.9463425698217,40179,-64.44602213756863,-65.37285709201632,150489,-25.229890358108953,-25.206236366312808
0.0121052631578947,0.0047368421052631,316044,-67.63260627919807,-68.5120781540042,131936,-73.71516204404368,-73.58831333912534,176936,-64.54451991191134,-65.07454642446525,7172,-31.92228448493909,-36.048268620358186
0.0184210526315789,0.0110526315789473,315496,-50.73630447515706,-62.05034202654739,63418,-73.54593702564362,-72.99301582918989,128779,-64.2066397437835,-64.98052851014405,123299,-24.93530379676386,-24.548446199492528
-0.0036842105263157,0.0173684210526315,319901,-87.00743479655215,-86.9784254486713,307617,-87.84593794899556,-87.44118498221691,12134,-66.458116181865,-67.24283852166853,150,-29.724820299432043,-31.936821147138613
-0.01,0.0268421052631578,319798,-96.1251471491183,-96.03971193350647,309330,-97.2020928195765,-96.64095179679488,10155,-65.39124273961728,-66.26858491724991,313,-28.94046675187037,-30.53397421964347
-0.01,0.0078947368421052,319996,-97.1070398255147,-97.09453874583427,319996,-97.1070398255147,-97.09453874583427,0,,,0,,
0.0436842105263157,0.0,300263,-57.36756903799769,-61.13611565778814,0,,,267852,-60.5341734131172,-61.57231053143248,32411,-31.19801811132121,-34.69310476946238
0.0057894736842105,0.0110526315789473,318785,-72.6778998952057,-72.86107965365376,213064,-76.39871737880321,-75.75152318110624,103602,-65.87374036104131,-66.62914148778734,2119,-31.22074073204716,-34.764442142279904
0.0342105263157894,0.0189473684210526,319996,-23.240327939486527,-23.377197615095824,0,,,0,,,319996,-23.240327939486527,-23.377197615095824
0.05,0.03,319996,-21.87466228577188,-22.216405656468147,0,,,0,,,319996,-21.87466228577188,-22.216405656468147
0.0342105263157894,0.0031578947368421,306483,-59.64607322607844,-62.62541761824606,2,-70.01769515741415,-70.01769515741415,280681,-62.1549115067173,-63.002751061952814,25800,-32.35134529228546,-36.46637492555047
0.021578947368421,0.0126315789473684,314191,-43.17401373594126,-26.33841602892596,31032,-73.43162524462275,-72.69226980716817,111225,-63.38385901446212,-63.990328665912514,171934,-24.639027977214724,-24.32911970060648
0.0310526315789473,0.0205263157894736,319996,-23.443710019536972,-23.584193410104774,0,,,0,,,319996,-23.443710019536972,-23.584193410104774
0.0468421052631579,0.0236842105263157,319996,-22.223449587044094,-22.450144296584703,0,,,0,,,319996,-22.223449587044094,-22.450144296584703
-0.0068421052631578,0.03,319414,-79.95102365800182,-87.4739995616079,241948,-94.61734778199117,-93.4605094342428,16523,-64.96278868473189,-66.04837855450704,60943,-25.788327652100584,-25.823997537872398
0.0247368421052631,0.0221052631578947,319791,-24.619896165529124,-24.055638466622156,1858,-75.7609072512832,-73.96473597058426,3522,-63.723691780218026,-64.61744242107241,314411,-23.879643544748472,-24.007687339027548
-0.0036842105263157,0.0063157894736842,319996,-87.40346081912324,-87.3887535599547,319996,-87.40346081912324,-87.3887535599547,0,,,0,,
0.0468421052631579,0.0047368421052631,319996,-22.442231267235375,-22.4827445558836,0,,,0,,,319996,-22.442231267235375,-22.4827445558836
0.0310526315789473,0.0236842105263157,319996,-23.387956151896336,-23.560370075508004,0,,,0,,,319996,-23.387956151896336,-23.560370075508004
0.0247368421052631,0.0110526315789473,315382,-32.65580248404849,-24.525362334954636,2986,-72.02694832938407,-71.42094496334751,66315,-62.138472789271326,-62.52924908934008,246081,-24.232943657950486,-24.097645013701413
0.0026315789473684,0.0157894736842105,319260,-68.05198754765539,-75.4270648386445,214171,-80.68840761230706,-79.91492269487743,43827,-65.72694370589629,-66.65342684239342,61262,-25.538602003374383,-25.482350636415468
-0.0068421052631578,0.0252631578947368,319586,-91.91535037519695,-91.81531423359527,304454,-93.32008730013055,-92.61375614734246,14501,-65.12510281449543,-66.22227996826447,631,-29.8037879885045,-32.16283227230099
0.0184210526315789,0.0173684210526315,317697,-33.26682040433859,-25.054687739963956,23309,-75.08761061269786,-74.08359565609814,41291,-63.39676994985224,-64.00463299340427,253097,-24.4998395801864,-24.49181268037877
0.021578947368421,0.0173684210526315,318508,-28.086327436837298,-24.487825412230777,7218,-74.54449009230213,-73.41690008488456,22296,-62.9942102282585,-63.60635017183742,288994,-24.232817769630817,-24.263017755370555
0.0278947368421052,0.0284210526315789,319996,-23.51869563948836,-23.73143208366072,0,,,0,,,319996,-23.51869563948836,-23.73143208366072
0.0468421052631579,0.0173684210526315,319996,-22.32198508823701,-22.46283594503324,0,,,0,,,319996,-22.32198508823701,-22.46283594503324
0.0121052631578947,0.0173684210526315,316885,-53.29693319955069,-64.07395221836641,110636,-77.07374161253895,-75.95093105055503,81291,-64.2944745732299,-65.08536390581409,124958,-25.09087907426759,-24.923824562786727
0.0057894736842105,0.03,318705,-41.3708075875214,-26.74265101950951,72407,-84.65704332850886,-82.7632229990209,22659,-64.05591030508502,-65.03633192525848,223639,-25.057694875628787,-25.141229738808327
0.0152631578947368,0.0063157894736842,314583,-66.42577538845224,-67.87702375336846,110063,-72.89345395254219,-72.5639838677498,194644,-64.52573010147967,-65.31917018227088,9876,-31.794376951640842,-35.70189374460301
0.0278947368421052,0.0094736842105263,317332,-32.54418019962692,-24.247065935114037,7463,-72.08968215891903,-71.6050058975514,59791,-63.3546388489138,-63.959404904080294,250078,-23.99758188141537,-23.890973316596124
-0.0005263157894736,0.0205263157894736,319348,-72.2564781938268,-79.6927374727872,230184,-85.44924664404263,-84.51466188135501,28119,-65.4879788762905,-66.46548888226037,61045,-25.62791269895125,-25.62060252037172
0.0057894736842105,0.0094736842105263,319044,-72.16698448610573,-72.26631115312078,209296,-75.55939971999284,-74.91264865801442,108086,-66.22928002670326,-66.95709693130618,1662,-31.11029700556569,-34.63103069533271
-0.01,0.0126315789473684,319996,-96.83462683226263,-96.81398438638396,319971,-96.83685005629383,-96.81486284139103,25,-68.37993817287281,-68.24733837521768,0,,
0.021578947368421,0.0268421052631578,319763,-24.879182736639535,-24.22726894960863,2630,-77.78551004113979,-75.88526067454866,3435,-63.47058004041745,-64.60169891444245,313698,-24.01304686535788,-24.16068193383898
0.0342105263157894,0.03,319996,-23.032564096362407,-23.30215818183705,0,,,0,,,319996,-23.032564096362407,-23.30215818183705
0.0278947368421052,0.0142105263157894,319879,-24.147574209043363,-23.86105464990621,544,-71.79208997955776,-71.57377026850006,2343,-63.832389010217845,-65.08914193308254,316992,-23.77248544447419,-23.844972648141205
0.0184210526315789,0.0063157894736842,313981,-60.47114668333828,-66.0313174079099,72225,-72.19705854563469,-71.86280697073198,194285,-64.49014231044335,-65.32197366791746,47471,-26.182116545644416,-24.622163248011802
0.0278947368421052,0.0126315789473684,319393,-25.83640149068272,-23.936252060963543,3066,-72.67087616266829,-72.22415174802302,12550,-63.35241320574664,-64.18498675419484,303777,-23.813797915137638,-23.851960037636697
0.0436842105263157,0.0221052631578947,319996,-22.48722551770597,-22.682897946096844,0,,,0,,,319996,-22.48722551770597,-22.682897946096844
0.0121052631578947,0.001578947368421,316055,-67.37788188179609,-68.23580110921122,130102,-73.59788764158277,-73.8652493593053,178645,-64.28419641414717,-64.66600334617922,7308,-32.2706365353775,-36.677201692260326
0.0089473684210526,0.0094736842105263,317362,-70.20931263868498,-70.66286450480982,171577,-75.31483869089722,-74.74964924375584,141172,-65.27837834103097,-66.03443767122647,4613,-31.214951747288694,-34.79538412513236
0.0152631578947368,0.0284210526315789,318971,-30.780960210783796,-25.064622760510858,25497,-79.87773001075374,-77.93631993260712,15470,-63.78083924936641,-64.81552505183843,278004,-24.44174038546939,-24.548640263566305
0.05,0.0173684210526315,319996,-22.080728827687313,-22.23115572469778,0,,,0,,,319996,-22.080728827687313,-22.23115572469778
0.0310526315789473,0.001578947368421,307892,-60.50394031432635,-63.47892568580757,0,,,285127,-62.764731647973605,-63.854069370732425,22765,-32.18798816897825,-36.21873336065652
0.0152631578947368,0.0236842105263157,319766,-25.80697627746824,-24.68763361014106,4738,-79.37835840396986,-76.97059112519403,3952,-64.14933186149403,-65.09932475826852,311076,-24.503917868000993,-24.60610322957838
0.0026315789473684,0.0126315789473684,319498,-76.98105350246583,-77.03913174025774,269541,-79.05243957837826,-78.43267769932814,49121,-66.4034624352695,-67.2745103174564,836,-30.639398627159427,-33.61854222079667
0.021578947368421,0.0094736842105263,313278,-56.59524806909363,-64.14852407831249,55050,-72.61438791696622,-72.14373461763867,185760,-63.96718509802026,-64.67535583965005,72468,-25.529609840926753,-24.376194416904273
0.0247368421052631,0.0157894736842105,317177,-29.2520525392939,-24.379406112583645,3962,-73.04281012061965,-72.20006887197152,37633,-62.475317360296515,-62.975812183216604,275582,-24.085568129767857,-24.067874894572487
0.0057894736842105,0.0205263157894736,319229,-40.04529267849644,-26.215425727817227,68728,-81.47534734974293,-80.38477329639468,22225,-64.46459790153584,-65.35029199168353,228276,-25.1943059079753,-25.226730241592453
-0.01,0.0094736842105263,319996,-97.02283079386036,-97.00734323677071,319996,-97.02283079386036,-97.00734323677071,0,,,0,,
0.0373684210526315,0.0094736842105263,319996,-23.12285446042292,-23.183932839007724,0,,,0,,,319996,-23.12285446042292,-23.183932839007724
0.0405263157894736,0.0126315789473684,319996,-22.85765389462354,-22.944597594795248,0,,,0,,,319996,-22.85765389462354,-22.944597594795248
-0.0036842105263157,0.0078947368421052,319996,-87.3381699794375,-87.31894228979806,319974,-87.3394193528567,-87.3191566189372,22,-69.16694223197962,-69.11034361532506,0,,
0.0373684210526315,0.0221052631578947,319996,-22.95622905772299,-23.12532056313819,0,,,0,,,319996,-22.95622905772299,-23.12532056313819
0.0121052631578947,0.0094736842105263,315868,-68.53944487563182,-69.46129487605056,147072,-74.4760022120053,-73.90853576853752,161464,-64.8199770579194,-65.62347091255285,7332,-31.367976128221876,-34.94236180093446
0.05,0.0031578947368421,307005,-37.97572013642646,-22.91746903552907,0,,,125139,-59.23260679284127,-59.86016640696532,181866,-23.349206443393705,-22.27362296041462
0.0057894736842105,0.0236842105263157,318357,-50.875795822345665,-29.479834511720366,118551,-82.6551818153421,-81.54572943376137,34844,-64.2674706778396,-65.28171867866922,164962,-25.20868759426554,-25.18862221242953
0.0278947368421052,0.0189473684210526,319996,-23.696474194222723,-23.818047877402364,0,,,0,,,319996,-23.696474194222723,-23.818047877402364
0.0184210526315789,0.0078947368421052,313150,-65.37841731639924,-66.95243509153917,87150,-72.63383067229941,-72.22317701503954,213604,-64.37347430341572,-65.16572470745996,12396,-31.686143468273357,-35.447016732047096
0.0121052631578947,0.0,316060,-67.35214533576831,-68.21427772021832,130062,-73.59032781077525,-73.9520773927809,178744,-64.23301109724103,-64.62998221986749,7254,-32.36124945307796,-36.68732089605966
0.0089473684210526,0.0078947368421052,317528,-69.63785733183526,-69.99647015206548,158663,-74.91460500621571,-74.43887713567044,154484,-65.30178302588781,-66.00962585755414,4381,-31.43413371160344,-35.333612199649785
0.0152631578947368,0.0205263157894736,318895,-27.62190869060866,-24.836675856253535,7210,-75.58663759528767,-74.04393044475984,15559,-63.12342766423641,-63.5701416398814,296126,-24.588761215839785,-24.644584182251535
-0.0036842105263157,0.0284210526315789,319158,-74.29371312108327,-82.51667873196195,223913,-90.90758773092351,-89.56622231071073,23210,-64.87982521263123,-65.8534447782977,72035,-25.68447917705623,-25.705275675617298
0.0121052631578947,0.0063157894736842,315982,-67.91004664024989,-68.88705127540415,136352,-73.89385675748076,-73.62535702892842,172382,-64.69512396144157,-65.36370221260802,7248,-31.80219952568941,-35.801752831503165
-0.0036842105263157,0.0142105263157894,319966,-87.08001338932657,-87.04231168776641,315018,-87.39349520106977,-87.19890773859738,4903,-67.45967295732596,-68.28635951803349,45,-30.32703042022886,-33.5313787892382
0.0373684210526315,0.001578947368421,305075,-58.74085578834873,-62.079322697906534,0,,,276184,-61.479974626946536,-62.50477531850636,28891,-32.55620322113786,-36.77699362147723
0.0278947368421052,0.0078947368421052,310157,-51.50001212875068,-61.015650197072624,13561,-71.46277940885217,-71.11253000579143,199277,-62.981827484396376,-63.47399212661036,97319,-25.207337463860384,-23.943690413881047
0.0184210526315789,0.001578947368421,313230,-64.90593292484212,-67.01881390421822,83596,-71.08964688238063,-71.05021957496535,217222,-64.40820992744031,-65.14399695750578,12412,-31.96866519580809,-36.01603540027749
0.0121052631578947,0.0268421052631578,319710,-27.171827017098543,-24.934888132339367,10322,-80.96407944103079,-79.48884645154851,5751,-63.91876600950541,-64.67964941396032,303637,-24.647183196796146,-24.76044753027867
0.0405263157894736,0.0268421052631578,319996,-22.636911039075034,-22.889205021257297,0,,,0,,,319996,-22.636911039075034,-22.889205021257297
0.0026315789473684,0.0252631578947368,318606,-57.9594556351058,-68.30974709592837,152315,-84.98130269101863,-83.62909526055974,33340,-64.41536790870718,-65.36830304356126,132951,-25.382997018598715,-25.382483003570606
0.0342105263157894,0.001578947368421,306453,-59.59705457059131,-62.75014753422522,0,,,280788,-62.08262150456606,-63.148448154798224,25665,-32.403702992297724,-36.44262693196717
0.021578947368421,0.0078947368421052,311851,-64.03662127644023,-65.82115609397984,56312,-72.05377233556,-71.6211087272709,240635,-64.16251726840382,-64.92287253948825,14904,-31.712628223077207,-35.55284374354656
0.0247368421052631,0.0,310696,-62.51280873601482,-65.1575079940757,0,,,293211,-64.3414148517658,-65.50085789178297,17485,-31.848386213539786,-35.93645384252615
0.0468421052631579,0.0126315789473684,319996,-22.379942814965407,-22.47409374067317,0,,,0,,,319996,-22.379942814965407,-22.47409374067317
0.0373684210526315,0.0157894736842105,319996,-23.05433349242875,-23.15311186605321,0,,,0,,,319996,-23.05433349242875,-23.15311186605321
0.0026315789473684,0.03,318440,-52.881614997879026,-30.85205283900958,125771,-86.49373541698586,-84.90253926454007,28124,-63.97665387442089,-64.86711342015289,164545,-25.293618579906124,-25.325023536948613
0.0468421052631579,0.001578947368421,298823,-56.715887862287914,-60.5623265796101,0,,,263551,-60.08397266275864,-61.00132621526565,35272,-31.54969038982083,-35.23198503708967
-0.0036842105263157,0.0047368421052631,319996,-87.46411460300669,-87.45347443427326,319996,-87.46411460300669,-87.45347443427326,0,,,0,,
0.0468421052631579,0.0078947368421052,312909,-29.950829527991335,-22.82137206274541,0,,,60886,-59.26422777193241,-59.568823738010536,252023,-22.869033162260436,-22.517069743923113
0.0026315789473684,0.0063157894736842,319996,-76.24485761541072,-76.23165979199699,306920,-76.57349392475261,-76.41573216723,13076,-68.53110294554169,-68.86836369445933,0,,
0.0342105263157894,0.0142105263157894,319996,-23.30693982811163,-23.390453082266212,0,,,0,,,319996,-23.30693982811163,-23.390453082266212
0.0026315789473684,0.0221052631578947,318875,-58.93647973642633,-69.98076003243368,159343,-83.2466878297172,-82.05084487611668,37223,-64.94358467151434,-65.81927816351413,122309,-25.437195503802116,-25.416601532426306
0.05,0.0221052631578947,319996,-22.01155713555275,-22.223913523248562,0,,,0,,,319996,-22.01155713555275,-22.223913523248562
0.0089473684210526,0.0284210526315789,318070,-44.59856089183304,-27.206647441682613,85822,-82.74294679706998,-80.93587003798024,33196,-63.9628993553632,-64.78639757697961,199052,-24.92306872498923,-24.95855651433224
0.0436842105263157,0.0252631578947368,319996,-22.43325258511954,-22.67084640291614,0,,,0,,,319996,-22.43325258511954,-22.67084640291614
0.0152631578947368,0.0047368421052631,314577,-66.37152436812084,-67.97120811604464,112179,-72.6341264190724,-72.44392267695821,192529,-64.48652126992822,-65.16800802254876,9869,-31.959256257696566,-35.95621014529669
0.0310526315789473,0.0252631578947368,319996,-23.3594613768686,-23.543310825128064,0,,,0,,,319996,-23.3594613768686,-23.543310825128064
0.0121052631578947,0.0284210526315789,319949,-24.937950070162,-24.76322606084067,1443,-86.12781400978703,-85.45509661968288,453,-62.744932839860205,-63.01799527121828,318053,-24.606484758218542,-24.743205936189213
0.0089473684210526,0.0157894736842105,316591,-72.24555269836806,-72.80140701965067,201173,-77.51900485459569,-76.67049152442573,109561,-64.77031238391126,-65.68191974616602,5857,-30.947723343309303,-34.22224668880894
0.0278947368421052,0.0221052631578947,319996,-23.643081894819844,-23.797141324698792,0,,,0,,,319996,-23.643081894819844,-23.797141324698792
-0.01,0.0063157894736842,319996,-97.18357213558679,-97.17247023029441,319996,-97.18357213558679,-97.17247023029441,0,,,0,,
0.0184210526315789,0.0268421052631578,319996,-24.212176178569205,-24.36254058867498,0,,,0,,,319996,-24.212176178569205,-24.36254058867498
0.0468421052631579,0.0157894736842105,319996,-22.343056810329315,-22.468669027365134,0,,,0,,,319996,-22.343056810329315,-22.468669027365134
-0.01,0.0205263157894736,319969,-96.3283163910131,-96.27901672297499,317406,-96.5725621807668,-96.39805169091156,2525,-66.65294876899992,-67.71268440624142,38,-28.044740154844703,-29.95113755025133
-0.0068421052631578,0.0157894736842105,319988,-91.97388306505093,-91.94662881924242,318396,-92.10092604534779,-92.00638042791266,1578,-66.9211276664261,-67.92794010050099,14,-26.49325909612615,-28.385686760660903
-0.0005263157894736,0.0284210526315789,318977,-58.87248312547271,-68.2508249267461,154298,-88.69185033275153,-87.2883448099403,23037,-64.60415321481344,-65.59397350487285,141642,-25.45648218509593,-25.485435222689713
-0.0005263157894736,0.0031578947368421,319996,-82.03690743493392,-82.02960587336122,319996,-82.03690743493392,-82.02960587336122,0,,,0,,
0.0468421052631579,0.0221052631578947,319996,-22.24993375591816,-22.454353380823513,0,,,0,,,319996,-22.24993375591816,-22.454353380823513
0.0468421052631579,0.0,298878,-56.694588090543135,-60.62401105393742,0,,,263488,-60.072474915333,-61.08742558363964,35390,-31.545318701161086,-35.403070664222454
0.0310526315789473,0.0221052631578947,319996,-23.4179685250353,-23.568419368770286,0,,,0,,,319996,-23.4179685250353,-23.568419368770286
0.0026315789473684,0.0094736842105263,319898,-76.29839531356862,-76.31866670490749,282521,-77.52414429822552,-77.13230673499314,37211,-67.19416860604234,-67.84081125244845,166,-30.982438202160008,-34.07298626863419
0.0152631578947368,0.0031578947368421,314572,-66.29643152800854,-67.96166983806097,118168,-72.421488595369,-72.34105305623027,186434,-64.24869470972124,-64.85008371140266,9970,-31.991719636806685,-36.12719356669387
0.05,0.0252631578947368,319996,-21.95861509270063,-22.221499366582126,0,,,0,,,319996,-21.95861509270063,-22.221499366582126
0.0436842105263157,0.0126315789473684,319996,-22.619662994112083,-22.71113738542245,0,,,0,,,319996,-22.619662994112083,-22.71113738542245
0.0468421052631579,0.0284210526315789,319996,-22.13810910076555,-22.437978516077358,0,,,0,,,319996,-22.13810910076555,-22.437978516077358
0.0152631578947368,0.0142105263157894,315434,-55.01517122779863,-64.82361243457115,95761,-75.11625402085053,-74.23474645953048,118438,-64.26562600432868,-65.08861259309155,101235,-25.17860134418024,-24.760447943886433
0.0026315789473684,0.0078947368421052,319960,-76.24393068625199,-76.238192436292,294001,-76.99157923910661,-76.70550290976496,25898,-67.85932358688353,-68.3958460695803,61,-32.55757776211677,-36.156584557716755
0.0121052631578947,0.0236842105263157,319805,-25.91230659037892,-24.87465842032416,4892,-78.3754030087609,-76.6395537671495,3007,-64.28542887607315,-65.78941454097487,311906,-24.719519512247025,-24.80385028384309
0.0342105263157894,0.0252631578947368,319996,-23.130700556485078,-23.336880265478744,0,,,0,,,319996,-23.130700556485078,-23.336880265478744
0.0436842105263157,0.001578947368421,298421,-56.81326856358264,-60.60667804871048,0,,,263196,-60.22593100213323,-61.0269512753253,35225,-31.314358608245076,-34.858233581743725
0.0121052631578947,0.0157894736842105,316337,-58.996458223552814,-67.54474960402574,130160,-76.42440946719789,-75.51243187361965,102287,-64.41636600039735,-65.2646633349542,83890,-25.347534148657896,-24.98544880143264
-0.01,0.0221052631578947,319938,-96.26165317414791,-96.2134224809272,315725,-96.67009203773007,-96.42033456288466,4118,-66.52958958911412,-67.572856367725,95,-27.654049370969325,-29.038606727375072
-0.01,0.0110526315789473,319996,-96.9317386708188,-96.91313342160922,319996,-96.9317386708188,-96.91313342160922,0,,,0,,
0.0373684210526315,0.0236842105263157,319996,-22.92860123959801,-23.121155293336123,0,,,0,,,319996,-22.92860123959801,-23.121155293336123
0.0057894736842105,0.0189473684210526,317493,-74.43115709970142,-75.61768713684548,228425,-80.19001042966887,-79.18161294632634,77031,-64.73751527352624,-65.68733620199251,12037,-27.180584001278923,-25.61505359143838
0.0310526315789473,0.0,307813,-60.4949576530962,-63.504240928326816,0,,,285143,-62.741786168014066,-63.887640056114655,22670,-32.23437436111437,-36.10899219535051
0.0405263157894736,0.0157894736842105,318581,-24.493795614955495,-23.03963861651269,279,-71.201744351314,-70.9530444280457,13162,-60.50035367458456,-60.79200575700056,305140,-22.897971288815754,-22.943557134491265
0.0247368421052631,0.0284210526315789,319996,-23.740912604514048,-23.93598047045269,0,,,0,,,319996,-23.740912604514048,-23.93598047045269
0.0405263157894736,0.0142105263157894,319996,-22.839487214776945,-22.939814334209707,0,,,0,,,319996,-22.839487214776945,-22.939814334209707
0.0310526315789473,0.0063157894736842,305975,-60.17777423847508,-62.68745142625789,4885,-70.97231018217857,-70.75272174788428,275752,-62.585518350250716,-63.06610670180085,25338,-31.893317596461326,-35.74261321229764
0.0089473684210526,0.0,318464,-66.52257650049079,-65.07310187136162,77631,-74.72368889973622,-74.97910932942868,238030,-64.2449748770223,-64.09948369890267,2803,-32.80047795192709,-37.09277067368417
0.0310526315789473,0.0110526315789473,319996,-23.57034705886042,-23.630832349022597,0,,,0,,,319996,-23.57034705886042,-23.630832349022597
-0.0068421052631578,0.0268421052631578,319502,-92.02941774813684,-91.82970664034215,302500,-93.62915959425123,-92.77064001098282,16230,-65.21222574407008,-66.24867369142959,772,-28.97387082637203,-30.92064824175995
0.0468421052631579,0.0142105263157894,319996,-22.362460487853518,-22.471381634806875,0,,,0,,,319996,-22.362460487853518,-22.471381634806875
-0.0005263157894736,0.0268421052631578,318839,-69.49122103951025,-78.2280850594104,205287,-87.74962465531033,-86.45084982051503,31686,-64.80638867676119,-65.82489658792328,81866,-25.519739535214423,-25.498846426502716
-0.0005263157894736,0.0126315789473684,319926,-81.83014816186261,-81.81150973982406,304609,-82.58527626369549,-82.23984617019612,15198,-67.1029763634765,-67.81557682594783,119,-29.76914833550788,-32.77790589626974
0.0247368421052631,0.0189473684210526,319996,-23.919035454629206,-24.03220164295265,0,,,0,,,319996,-23.919035454629206,-24.03220164295265
0.05,0.0189473684210526,319996,-22.05864987715552,-22.228375066319074,0,,,0,,,319996,-22.05864987715552,-22.228375066319074
0.0436842105263157,0.0110526315789473,319996,-22.63686128683434,-22.714510686448854,0,,,0,,,319996,-22.63686128683434,-22.714510686448854
0.0057894736842105,0.0031578947368421,319996,-70.47169127687579,-70.4801856520982,193671,-71.62622051090696,-71.4136724477854,126325,-68.7016629271109,-68.94563549031606,0,,
0.0089473684210526,0.0031578947368421,318222,-67.57104626483594,-66.80757229798766,93352,-74.71730135840505,-74.88071695016393,221643,-65.07361587850136,-65.4435544827805,3227,-32.37450384881254,-36.64059076132188
-0.01,0.03,319592,-93.3593455789455,-95.17957869964425,293814,-97.67913096870883,-96.86867856759542,11906,-65.0421321949356,-66.04197835912004,13872,-26.168696648877116,-26.129173973174026
0.0057894736842105,0.0173684210526315,317784,-73.74891181747402,-74.97869089489706,222955,-79.45984579743025,-78.52424652148026,83296,-64.92641264674208,-65.85223448756958,11533,-27.065274032348032,-25.57612178057525
0.0278947368421052,0.0063157894736842,307715,-61.16332392705934,-63.43929539366877,11521,-71.19245203411839,-70.90357748190914,274093,-63.10952899951657,-63.63532016865318,22101,-31.798735363354474,-35.56766421338111
0.05,0.0094736842105263,319996,-22.168077365554183,-22.238775922893467,0,,,0,,,319996,-22.168077365554183,-22.238775922893467
0.0342105263157894,0.0268421052631578,319996,-23.09917444469929,-23.321411572380185,0,,,0,,,319996,-23.09917444469929,-23.321411572380185
0.0342105263157894,0.0284210526315789,319996,-23.066242753298763,-23.314670680406707,0,,,0,,,319996,-23.066242753298763,-23.314670680406707
0.0152631578947368,0.0157894736842105,317798,-40.171446935582885,-25.80714107309613,52379,-75.6825657974972,-74.66128010498069,56536,-64.25886882958781,-65.05798071462465,208883,-24.747293801686524,-24.69419690766061
0.0405263157894736,0.0031578947368421,301631,-57.507040776776826,-60.927671060730106,0,,,267405,-60.72234336419218,-61.39865143817957,34226,-32.38613887799224,-36.56845987129983
0.0436842105263157,0.0142105263157894,319996,-22.601980925000774,-22.71035907898963,0,,,0,,,319996,-22.601980925000774,-22.71035907898963
0.0152631578947368,0.0126315789473684,315548,-57.06424876198628,-65.88600739094134,100261,-74.52763800204168,-73.76406231384226,129924,-64.45719497350927,-65.28766674327692,85363,-25.300861671758547,-24.796920559172616
-0.0068421052631578,0.0047368421052631,319996,-92.57078843366709,-92.5614516555594,319996,-92.57078843366709,-92.5614516555594,0,,,0,,
0.0152631578947368,0.0,314579,-66.21799126193103,-67.91654982161548,118699,-72.25883316180199,-72.51808049760832,185925,-64.18570560347858,-64.75669776953936,9955,-32.14574800477328,-36.42255878082419
0.0342105263157894,0.0,306543,-59.58654207989372,-62.79912974915844,0,,,280872,-62.07588211742854,-63.19701615073094,25671,-32.35013075885124,-36.455270184470024
-0.0005263157894736,0.0173684210526315,319502,-82.39664688414322,-82.36381162193973,290787,-84.12542816721162,-83.4607875495115,27907,-65.8985561390581,-66.93425685593563,808,-30.05146800231597,-32.57044246730264
0.0089473684210526,0.0142105263157894,316790,-71.7209722652026,-72.29519648531034,195368,-76.93132703073195,-76.12189880569396,115832,-64.89974017926292,-65.84748409558453,5590,-30.96611808749769,-34.3407594865929
-0.01,0.0157894736842105,319996,-96.62570073002374,-96.59862206489267,319591,-96.66223883444036,-96.61329580388873,405,-67.79298633839714,-68.55362342371926,0,,
0.05,0.0047368421052631,306945,-37.99757931705026,-23.12905209422351,0,,,124887,-59.327920273321496,-59.81719993894184,182058,-23.365526394323197,-22.302190474914532
0.0310526315789473,0.0047368421052631,307811,-60.6317123180395,-63.26756700347929,1398,-70.69975944484969,-70.48844152272261,283394,-62.894820422914435,-63.62006037567106,23019,-32.158434236619534,-36.166801131180165
0.0373684210526315,0.0,305173,-58.71395333298315,-62.128000730663096,0,,,276323,-61.45544845738361,-62.56408487339639,28850,-32.45613159087893,-36.58657432945397
0.0278947368421052,0.0,309193,-61.48804000424732,-64.29268113570465,0,,,289186,-63.50961952305435,-64.65679792766929,20007,-32.2676424071202,-36.06226446794925
0.0089473684210526,0.03,317748,-37.79712962515918,-26.21571774450988,52046,-81.59615593789678,-79.13572065312016,30021,-63.43350071572562,-64.14417726133509,235681,-24.859329717730763,-24.92378432237673
0.0310526315789473,0.0094736842105263,316844,-32.70443829652826,-24.038575078469073,5411,-71.73061899532077,-71.4404524671526,65384,-62.974397161284266,-63.58503564715665,246049,-23.802383607525776,-23.65576468812999
0.0152631578947368,0.001578947368421,314574,-66.22065678983124,-67.92097976270475,117805,-72.28597826675166,-72.40396754158336,186796,-64.21607997569166,-64.78318238356138,9973,-32.12076046830403,-36.244123335822366
-0.0036842105263157,0.001578947368421,319996,-87.57059909855144,-87.56735926752643,319996,-87.57059909855144,-87.56735926752643,0,,,0,,
0.021578947368421,0.0063157894736842,311873,-63.90726711656908,-65.88435845338773,48570,-71.6010416261737,-71.31624774393629,248405,-64.32433605080818,-65.18040072954884,14898,-31.87017243666804,-35.750477687259846
0.0373684210526315,0.0205263157894736,319996,-22.98391126291288,-23.135899317928065,0,,,0,,,319996,-22.98391126291288,-23.135899317928065
0.05,0.0110526315789473,319996,-22.15354531984059,-22.234395561022616,0,,,0,,,319996,-22.15354531984059,-22.234395561022616
0.0278947368421052,0.0205263157894736,319996,-23.670301861033227,-23.80935503696756,0,,,0,,,319996,-23.670301861033227,-23.80935503696756
0.0373684210526315,0.0126315789473684,319996,-23.09194015495853,-23.17708154397474,0,,,0,,,319996,-23.09194015495853,-23.17708154397474
0.0310526315789473,0.0284210526315789,319996,-23.294670490333022,-23.52122640429556,0,,,0,,,319996,-23.294670490333022,-23.52122640429556
0.0089473684210526,0.0047368421052631,317968,-68.2325696508547,-67.83920035164198,113172,-74.70677674377127,-74.5337150316354,201125,-65.24689645708256,-65.72734576771083,3671,-32.21910083523666,-36.43823732322214
0.0089473684210526,0.0221052631578947,318089,-47.06596965949184,-27.63931730607429,96026,-80.08759287170294,-78.91207332723017,43772,-64.27380638047023,-65.16679909092285,178291,-25.056132822374696,-25.048187221143838
0.021578947368421,0.0236842105263157,319996,-24.058357432892407,-24.19453791670823,0,,,0,,,319996,-24.058357432892407,-24.19453791670823
0.0184210526315789,0.0284210526315789,319996,-24.176928100822927,-24.344217328975564,0,,,0,,,319996,-24.176928100822927,-24.344217328975564
0.021578947368421,0.0047368421052631,311941,-63.80078434564473,-65.98726623554555,39488,-71.2127307181848,-70.9860752484175,257605,-64.50855806840411,-65.4402874344604,14848,-31.8093384801886,-35.7164247855333
0.0468421052631579,0.0268421052631578,319996,-22.167561645533937,-22.44678623909005,0,,,0,,,319996,-22.167561645533937,-22.44678623909005
-0.0068421052631578,0.0284210526315789,319344,-92.18047163374824,-91.95780528380551,300227,-94.03888765529693,-93.05914730159978,18029,-65.02877249405677,-66.12144015071755,1088,-29.286461420505187,-31.205041718240295
0.0089473684210526,0.0236842105263157,318715,-39.284133945610314,-26.20315953405568,61916,-80.45610844651007,-79.12681971308324,28643,-64.1748812684286,-65.05674556007583,228156,-24.986242815132957,-25.02973055696446
0.0057894736842105,0.0078947368421052,319349,-71.51514528891342,-71.48819804619835,198398,-74.66096780271465,-74.03645939452538,119824,-66.68339145369737,-67.34906713456718,1127,-31.439880388988215,-35.19087404801593
0.0026315789473684,0.0284210526315789,318822,-50.43446700518491,-28.55136547335232,114598,-86.71087707237461,-85.28852723545876,25311,-64.08749697437636,-64.95695750606129,178913,-25.26706227534409,-25.310942043980432
0.0184210526315789,0.0189473684210526,319525,-26.89235039028328,-24.588675726124112,8221,-75.91139897900445,-75.10768899243563,9657,-63.64722875530553,-64.28985047704745,301647,-24.379719869114844,-24.451091980179534
0.021578947368421,0.03,319926,-24.225900040369023,-24.14122155435203,1017,-84.04998923941642,-83.25853383874026,842,-62.98866231844478,-64.03954952564698,318067,-23.932001759335254,-24.120133736475022
0.0121052631578947,0.0252631578947368,319951,-24.985235604741863,-24.79718406765219,1423,-82.30059623511089,-80.23192310004885,449,-63.162659315042646,-63.48967666864722,318079,-24.674930864652328,-24.779393946173776
-0.0068421052631578,0.0,319996,-92.72602363544082,-92.72602353005459,319996,-92.72602363544082,-92.72602353005459,0,,,0,,
0.0184210526315789,0.0205263157894736,318671,-27.63939976145909,-24.653762534930777,5911,-74.36073610174742,-73.43903060749882,19216,-63.075670340968806,-63.74360316069573,293544,-24.378855534483566,-24.44040393440153
0.0152631578947368,0.0268421052631578,319401,-26.655324856040377,-24.72893080811147,7338,-79.04882847997062,-75.7640679641924,7706,-63.52967791129503,-64.33154597818879,304357,-24.458505679099506,-24.568250970623428
0.0436842105263157,0.0031578947368421,293171,-55.04973175305256,-59.38104209105368,0,,,249198,-59.218349368710584,-59.94912231483379,43973,-31.42589047347769,-35.10899600278521
0.05,0.0126315789473684,319996,-22.137642752020454,-22.23249277465489,0,,,0,,,319996,-22.137642752020454,-22.23249277465489
0.0310526315789473,0.0078947368421052,308706,-50.61027835356605,-60.16135133940293,8111,-71.44831141522958,-71.15685387999437,200514,-62.43513613994644,-62.83978168467745,100081,-25.230168039506186,-23.75079299077696
0.0247368421052631,0.0268421052631578,319996,-23.773851353411146,-23.962571931209602,0,,,0,,,319996,-23.773851353411146,-23.962571931209602
0.0026315789473684,0.0189473684210526,318629,-78.6163758286783,-78.57333840699596,259664,-81.9646225399272,-80.94382949736547,56656,-65.23431892056142,-66.18722272044882,2309,-30.437372864859373,-33.067876724566446
0.0247368421052631,0.0047368421052631,310581,-62.64487450932058,-64.97707455920798,15332,-70.83220796640603,-70.60619694104884,277824,-64.12243125427626,-65.01493762933654,17425,-31.88281300719162,-35.804300789482646
0.0278947368421052,0.0047368421052631,309211,-61.61293225574913,-64.0780839247504,5270,-70.74871319701154,-70.55940209694612,283837,-63.541819935011205,-64.3258572854802,20104,-31.985233400836446,-35.9727004426978
0.021578947368421,0.0110526315789473,307815,-61.16005825304774,-64.02026177061633,46218,-72.99122038540993,-72.36301788550617,230680,-63.149834824910684,-63.65190593322687,30917,-28.627331564466765,-25.231733594541787
-0.0036842105263157,0.0031578947368421,319996,-87.51989347902524,-87.51312253196357,319996,-87.51989347902524,-87.51312253196357,0,,,0,,
0.0436842105263157,0.0205263157894736,319996,-22.513370021186176,-22.68851978575472,0,,,0,,,319996,-22.513370021186176,-22.68851978575472
0.0405263157894736,0.0078947368421052,311688,-33.05698776820376,-23.451776756964986,16,-70.4850351682646,-70.52561343455338,82129,-59.964257338120625,-60.348757823491894,229543,-23.427131962249746,-22.99082555258942
0.0405263157894736,0.03,319996,-22.573184939251096,-22.873957786883068,0,,,0,,,319996,-22.573184939251096,-22.873957786883068
0.0373684210526315,0.0078947368421052,313900,-30.931919710212323,-23.519998400517043,1,-70.01704486862708,-70.01704486862708,63921,-60.13242134488229,-60.50084643172005,249978,-23.465005221277707,-23.215924527133943
-0.0068421052631578,0.0142105263157894,319996,-92.064826062192,-92.03998134135509,319200,-92.126646623175,-92.06689089902743,796,-67.2744704519147,-67.72171959851707,0,,
0.0278947368421052,0.0031578947368421,309234,-61.50288093523693,-64.13445888824022,498,-70.32798124716516,-70.16353226884334,288679,-63.53547128909531,-64.47525790842178,20057,-32.02882944613957,-36.04059570699567
0.021578947368421,0.0284210526315789,319942,-24.23843631512127,-24.15699528088021,1005,-83.15921161138614,-82.34014851779172,709,-62.96487309933467,-63.89166283593427,318228,-23.966076802907534,-24.13788247177192
0.0152631578947368,0.0094736842105263,315722,-57.17383195194339,-65.80173566485549,91336,-73.62488103224587,-73.07293236880878,143699,-64.58752535487068,-65.4200860708478,80687,-25.348217576570043,-24.769895068544354
-0.01,0.0236842105263157,319904,-96.2002007288458,-96.13581057968278,313785,-96.80222591767783,-96.45748717109896,5970,-66.25635873020802,-67.14209183400337,149,-28.134850757155796,-29.845204911995012
0.0057894736842105,0.0268421052631578,319135,-37.19598512441902,-26.08539361693921,55321,-83.6637778754902,-82.26877657647665,15899,-64.3203619075945,-65.42110232704077,247915,-25.08741876394176,-25.157845886606733
0.0026315789473684,0.001578947368421,319996,-76.37909999768604,-76.37620545498731,319996,-76.37909999768604,-76.37620545498731,0,,,0,,
-0.0068421052631578,0.0031578947368421,319996,-92.6308556686376,-92.62407971808112,319996,-92.6308556686376,-92.62407971808112,0,,,0,,
-0.01,0.0047368421052631,319996,-97.25173089057412,-97.24239904053775,319996,-97.25173089057412,-97.24239904053775,0,,,0,,
-0.0005263157894736,0.0157894736842105,319667,-82.11523286110325,-82.13591221313301,294411,-83.56617044966139,-83.01684031026372,24693,-65.98627007126645,-66.96368907959899,563,-30.783957167391723,-34.035864899806704
0.0057894736842105,0.0157894736842105,318044,-73.21877000070884,-74.41958622213001,220768,-78.66551439591726,-77.81754261471272,86205,-65.21345439248431,-66.13159135286224,11071,-26.938521185391227,-25.535624546263765
0.0405263157894736,0.0110526315789473,319996,-22.873536596474864,-22.950018554753857,0,,,0,,,319996,-22.873536596474864,-22.950018554753857
0.05,0.001578947368421,297506,-56.11579728480816,-60.10078126452102,0,,,259431,-59.6865901663528,-60.57338799281908,38075,-31.785544676744927,-35.661259778960705
0.0089473684210526,0.0252631578947368,318919,-36.75424403505901,-25.923457798370826,51406,-81.32750471173277,-79.86756181869472,22251,-64.01531010105641,-64.8373592202101,245262,-24.938638603399824,-24.99532704560969
0.0278947368421052,0.0110526315789473,318888,-27.38237257812911,-24.010581605770792,3944,-72.37490916998823,-71.72789727600691,23532,-63.313714715511,-63.97271728233004,291412,-23.87192377198811,-23.872280359136376
0.0247368421052631,0.001578947368421,310596,-62.53038645225521,-65.11500862656578,181,-70.12878094370909,-70.10414185745863,293070,-64.33706967443537,-65.45315159111937,17345,-31.9244503711199,-35.89902325947897
0.05,0.0268421052631578,319996,-21.93261867033616,-22.219549790118105,0,,,0,,,319996,-21.93261867033616,-22.219549790118105
0.0184210526315789,0.0126315789473684,316081,-47.22364654351302,-57.023950989905586,58273,-74.01319479357267,-73.3768870145006,107305,-64.12477240466825,-64.89491663803001,150503,-24.800952938023514,-24.530540852276133
0.0342105263157894,0.0236842105263157,319996,-23.1602939524487,-23.343998351421142,0,,,0,,,319996,-23.1602939524487,-23.343998351421142
0.0026315789473684,0.0142105263157894,319290,-77.40702601486164,-77.45700572961138,266953,-79.7801247918136,-79.06949457412462,51151,-66.10270287744315,-67.01858397890584,1186,-30.797915558223195,-33.83161851241524
0.0247368421052631,0.0078947368421052,313527,-49.946104289924634,-60.983699907536455,22502,-71.64724516748969,-71.32915998242134,175017,-63.75503131225174,-64.43642041342008,116008,-24.90372744786551,-24.169736542499948
0.0468421052631579,0.0063157894736842,319996,-22.43332459114253,-22.484659777086684,0,,,0,,,319996,-22.43332459114253,-22.484659777086684
0.0310526315789473,0.0157894736842105,319996,-23.515653688418706,-23.60849117988523,0,,,0,,,319996,-23.515653688418706,-23.60849117988523
0.0468421052631579,0.0252631578947368,319996,-22.196349717414936,-22.442952524349856,0,,,0,,,319996,-22.196349717414936,-22.442952524349856
-0.0036842105263157,0.0221052631578947,319502,-87.41388703919542,-87.2900399371762,298797,-89.02215481334194,-88.26136884908064,19928,-65.553528707622,-66.58515518035733,777,-29.611615121492743,-31.892267537908463
0.0121052631578947,0.0078947368421052,315960,-68.11857206033982,-69.15419580074888,140661,-74.04627328186652,-73.58395485423321,168082,-64.72361421014288,-65.3789584427465,7217,-31.653964031467705,-35.33773738993121
0.0342105263157894,0.0110526315789473,319996,-23.34060855946967,-23.40436993299452,0,,,0,,,319996,-23.34060855946967,-23.40436993299452
-0.0036842105263157,0.0094736842105263,319996,-87.26846863602728,-87.24437371223254,319807,-87.27949342573888,-87.2479305665208,189,-68.613416131842,-69.19380771264534,0,,
0.0247368421052631,0.0252631578947368,319996,-23.806858700928867,-23.976987549327696,0,,,0,,,319996,-23.806858700928867,-23.976987549327696
0.021578947368421,0.0221052631578947,319347,-25.258683394113007,-24.304328145583806,1794,-73.04193031909207,-72.29494893887413,7204,-62.49661419861414,-62.9926428505989,310349,-24.118079755953897,-24.224751325891997
0.021578947368421,0.0157894736842105,318971,-28.76888577191033,-24.504491942995543,10915,-74.70059514164899,-73.60544870544432,22628,-63.68423269171468,-64.30494645120248,285428,-24.244420485140882,-24.271194188439026
0.0310526315789473,0.0189473684210526,319996,-23.469401334579832,-23.589673922000408,0,,,0,,,319996,-23.469401334579832,-23.589673922000408
0.0184210526315789,0.0047368421052631,313220,-65.08606923989996,-66.99873050069831,79131,-71.82415985853845,-71.54055851783201,221761,-64.52924124859337,-65.31647241669934,12328,-31.85203966792189,-35.79491923410729
0.0405263157894736,0.0236842105263157,319996,-22.696288521567936,-22.90542491311869,0,,,0,,,319996,-22.696288521567936,-22.90542491311869
0.0089473684210526,0.0268421052631578,318415,-40.74003559965272,-26.48487738950953,68622,-81.91098971974345,-80.22846480879473,28759,-63.87796596761333,-64.69899348593941,221034,-24.94763735738662,-24.988722993915516
0.0405263157894736,0.0063157894736842,319996,-22.911574992143095,-22.959620747957246,0,,,0,,,319996,-22.911574992143095,-22.959620747957246
0.021578947368421,0.0205263157894736,319859,-24.73554099180289,-24.267774582745627,1925,-76.49647546299491,-75.26184169681338,2441,-63.161859268754625,-63.39155403505716,315493,-24.12241029866206,-24.232828134958087
0.0026315789473684,0.0031578947368421,319996,-76.33495226665528,-76.32817520668249,319927,-76.33641215007545,-76.32858692503875,69,-69.5660229484329,-69.70904055766133,0,,
0.0373684210526315,0.0031578947368421,305091,-58.77952964340267,-61.923416273927096,0,,,276004,-61.5483904544071,-62.3312592117274,29087,-32.5060514820086,-36.801764864729826
0.0184210526315789,0.0157894736842105,319249,-28.400483184443274,-24.684916172610098,11293,-74.81845958863948,-73.83165799753468,17644,-63.741633307237954,-64.48036853118894,290312,-24.44695229250916,-24.489645898528167
0.0436842105263157,0.0284210526315789,319996,-22.374150529563096,-22.659686989748117,0,,,0,,,319996,-22.374150529563096,-22.659686989748117
0.021578947368421,0.0252631578947368,319798,-24.81362452482384,-24.235449288784906,2344,-76.52543905814996,-74.77022095441086,3098,-63.908173732386906,-65.11383072735867,314356,-24.042755170616676,-24.18054945956356
0.0247368421052631,0.0063157894736842,310538,-62.72722788989795,-64.79362932733727,24685,-71.30406126227076,-70.99996945077721,268416,-63.94229666785751,-64.66032618904461,17437,-31.881151563590617,-35.73014268027277
-0.0005263157894736,0.0142105263157894,319830,-81.9191812709155,-81.90455925423228,298784,-83.03514324350019,-82.56822174423874,20776,-66.53309205607471,-67.30579656485696,270,-30.918468347914995,-34.16310120572233
0.0026315789473684,0.0110526315789473,319726,-76.55647886560087,-76.62516295806662,274420,-78.25294061786988,-77.73776390694007,44836,-66.64958441013354,-67.48373960165631,470,-31.114959179813997,-33.97697442629932
0.0342105263157894,0.0078947368421052,302729,-48.04940468335426,-58.14085413990673,62,-70.35185550780754,-70.27239601846561,194730,-60.62027593860209,-61.03689822027198,107937,-25.35738515820974,-23.57025575585836
0.0436842105263157,0.0189473684210526,319996,-22.537254447213964,-22.694610793053624,0,,,0,,,319996,-22.537254447213964,-22.694610793053624
-0.0036842105263157,0.0268421052631578,319063,-87.99647300615288,-87.72893300234875,290482,-90.43803409852792,-89.3004994651657,27087,-65.0522901695086,-66.09007752196608,1494,-29.26791293982109,-31.14426978239873
0.0152631578947368,0.0078947368421052,314504,-66.7126922596884,-68.12412361865061,115275,-73.24378143876406,-72.82270835947325,189298,-64.57382349078934,-65.41659560213269,9931,-31.672139958520525,-35.466778964910475
0.0436842105263157,0.0063157894736842,292994,-55.21697591941046,-59.24307532146601,0,,,248505,-59.464028333928205,-59.92635881479401,44489,-31.493948648180865,-35.17722660097206
0.0436842105263157,0.0173684210526315,319996,-22.56045466354296,-22.697942055754936,0,,,0,,,319996,-22.56045466354296,-22.697942055754936
-0.0005263157894736,0.0221052631578947,319049,-83.16088869462398,-83.01083600924287,280233,-85.82696886181232,-84.8071572655382,37287,-65.31256798986298,-66.27555330549771,1529,-29.783969549264075,-32.19774805158773
0.0247368421052631,0.0173684210526315,319996,-23.942735752641536,-24.042918386235645,0,,,0,,,319996,-23.942735752641536,-24.042918386235645
-0.0005263157894736,0.0094736842105263,319996,-81.83331662655142,-81.80409602438594,315492,-82.02757632986713,-81.89819794735712,4504,-68.22599373168518,-68.89540686367371,0,,
-0.0005263157894736,0.0063157894736842,319996,-81.93919894416368,-81.92164454929122,319891,-81.94349939147766,-81.92293824421996,105,-68.83753807069841,-68.96834114578456,0,,
