ou_mean,ou_std,VIP2_r,VIP2_cv,VIP3_r,VIP3_cv,VIP4_r,VIP4_cv,VIP5A_r,VIP5A_cv,VIP5B_r,VIP5B_cv,VIP6_r,VIP6_cv
0.0123684210526315,0.0184210526315789,56.0078125,0.5852690587875734,55.77725118483412,0.585154729169946,55.375,0.5944696629737936,55.5,0.5856482987870308,55.69117647058823,0.5996278057639709,56.1875,0.5968873973858887
-0.01,0.0210526315789473,0.7265625,0.9837967504241534,0.6812796208530806,0.9132243824696136,0.5961538461538461,0.6671712267906756,0.5625,0.9213401002064581,0.6544117647058824,1.0583928881505185,0.7395833333333334,0.8837058262291777
0.0110526315789473,0.0144736842105263,52.7734375,0.5349885436761099,52.704383886255926,0.5378870831223088,52.51923076923077,0.5466266818875679,52.45,0.5382724449365148,52.43382352941177,0.5490373875826817,52.84375,0.5482106939977598
-0.0047368421052631,0.0013157894736842,0.0,,0.0,,0.0,,0.0,,0.0,,0.0,
0.0057894736842105,0.0013157894736842,30.7109375,0.12139293939369994,30.69312796208531,0.11995786785200764,30.625,0.12266554656238954,30.6625,0.11917181580189833,30.639705882352942,0.12231830484478949,30.739583333333332,0.12152979886598937
0.0084210526315789,0.0013157894736842,47.515625,0.07682083469982892,47.46090047393365,0.07695504929327796,47.43269230769231,0.07618430033017663,47.4375,0.07728981183351927,47.419117647058826,0.07872194954282946,47.479166666666664,0.07842819184333293
-0.0007894736842105,0.0223684210526315,13.6015625,1.0465171615408222,12.953199052132701,1.0431802871889397,12.76923076923077,1.034897867892646,12.9,1.007065995834645,13.044117647058824,1.1021920972663053,13.291666666666666,1.0595583625319718
0.0005263157894736,0.0210526315789473,15.8125,1.0098599056160245,15.28021327014218,1.0013537070796898,14.875,0.9800271461961122,15.25,0.9924899891828396,15.382352941176471,1.0302425445839483,15.791666666666666,1.0075892078126774
0.0136842105263157,0.025,58.109375,0.6600963732884733,57.87559241706161,0.6624222514985567,57.50961538461539,0.6671877920873391,57.4,0.6685799653003714,57.794117647058826,0.6751380651814874,58.15625,0.6679770894650705
0.0071052631578947,0.0118421052631578,35.71875,0.613593950379113,35.57642180094787,0.6190303548211771,35.35576923076923,0.6267338165611863,35.375,0.6110813959139589,35.5514705882353,0.6333470394713432,35.854166666666664,0.6213827196349514
0.0110526315789473,0.0236842105263157,49.90625,0.7088175104122376,49.77132701421801,0.7126111660810773,49.52884615384615,0.7206916213460637,49.5375,0.7077675531330534,49.536764705882355,0.7329828658485696,50.104166666666664,0.7158912650190995
-0.0060526315789473,0.0236842105263157,4.7890625,1.0981951405958865,4.5100710900473935,1.1045576708774019,4.288461538461538,1.059677461347353,4.5,1.053888501112045,4.610294117647059,1.0947037715057315,5.083333333333333,1.0823941815501574
-0.01,0.0039473684210526,0.0,,0.0,,0.0,,0.0,,0.0,,0.0,
0.0123684210526315,0.0210526315789473,55.0,0.6317245300923919,54.708530805687204,0.6323838432302478,54.32692307692308,0.6429011875527646,54.35,0.6395299770101055,54.669117647058826,0.6488863184280913,55.041666666666664,0.6398714390441592
0.0031578947368421,0.0078947368421052,13.71875,0.7528178665727041,13.494075829383887,0.7526807425149121,13.25,0.7386792115643891,13.175,0.759620781566817,13.477941176470589,0.7701911224421727,13.572916666666666,0.7744873544301649
0.0044736842105263,0.0144736842105263,24.4765625,0.8185864185617209,24.0521327014218,0.7991122005446211,23.96153846153846,0.8097010043989372,23.8125,0.8012991852926789,24.058823529411764,0.79145231784117,24.53125,0.8151552267068188
0.0031578947368421,0.0197368421052631,22.640625,0.9409082914634554,22.308056872037916,0.9151424863794253,22.067307692307693,0.9039116520658096,22.1125,0.9095923285935559,22.272058823529413,0.922581792695608,22.729166666666668,0.9369219745599019
0.0136842105263157,0.0,72.1171875,0.012059960689433812,72.12026066350711,0.010784487531679142,72.125,0.010167763769507763,72.125,0.010257500827443615,72.07352941176471,0.02094899221756763,72.10416666666667,0.013615239744510253
0.0071052631578947,0.0078947368421052,36.8828125,0.48745764999806895,36.84123222748815,0.4828788310906832,36.57692307692308,0.49224792356754915,36.725,0.48911579460778015,36.8014705882353,0.4949184346113609,36.791666666666664,0.48785551677738
0.0097368421052631,0.0171052631578947,46.09375,0.6392484514127988,46.10485781990521,0.6393058533279329,45.82692307692308,0.6489898979595173,46.175,0.6343327422660974,46.036764705882355,0.6518095837955327,46.25,0.6511851973859037
0.0123684210526315,0.0118421052631578,60.40625,0.42075862456022384,60.25592417061611,0.42642325665566033,60.06730769230769,0.42828199787063387,59.6875,0.4241797337821366,60.125,0.42986161938978606,60.479166666666664,0.4338051215595176
0.0031578947368421,0.0039473684210526,9.71875,0.6438051080285757,9.563981042654028,0.6497179188415586,9.51923076923077,0.645147751804251,9.4375,0.6445259943966707,9.558823529411764,0.6700638721537509,9.770833333333334,0.6450243942253195
0.0110526315789473,0.0052631578947368,59.171875,0.22345617342480734,59.165284360189574,0.22289957771568114,59.07692307692308,0.22145701369086407,58.9375,0.22297965844857673,59.22794117647059,0.22412928648990077,59.229166666666664,0.22621610318806037
-0.0086842105263157,0.0223684210526315,1.8359375,1.05052836489096,1.6101895734597156,0.9862573292040488,1.5,0.8248471503167872,1.6375,0.9745842904318456,1.588235294117647,1.017472224348134,1.7916666666666667,0.976517824851102
-0.01,0.0197368421052631,0.4765625,0.9790402430707698,0.42713270142180093,0.7903053012551894,0.4230769230769231,0.7090346914854624,0.3625,0.7409589831698313,0.47058823529411764,0.9768799276168918,0.53125,0.8610988287859274
0.0057894736842105,0.0131578947368421,29.8125,0.7202815412644299,29.283175355450236,0.7119254972281307,29.153846153846153,0.7071792433963415,29.0875,0.7227515738904533,29.28676470588235,0.7280955413860369,29.697916666666668,0.7348600942317466
-0.0034210526315789,0.0105263157894736,0.40625,0.8515402696477498,0.37796208530805686,0.7057181620906795,0.38461538461538464,0.6201251608572516,0.3125,0.550383220768749,0.4264705882352941,1.2754017839833072,0.4895833333333333,0.7267984323235559
0.0110526315789473,0.0092105263157894,56.5546875,0.3776315416885867,56.441943127962084,0.37866053777833303,56.375,0.38227661986810546,56.175,0.37541416487130075,56.5514705882353,0.38268479955911117,56.645833333333336,0.38346685961967836
-0.0007894736842105,0.025,15.3359375,1.0554926197799057,14.757701421800947,1.0571895149721968,14.451923076923077,1.0439411188992656,14.6,1.03073087178537,14.882352941176471,1.1063394309285364,15.197916666666666,1.0620026573638095
0.0123684210526315,0.006578947368421,64.359375,0.24819589816925347,64.1978672985782,0.24564212827510343,64.15384615384616,0.24815597205580417,64.0375,0.24860319864945754,64.19852941176471,0.2455786917025092,64.40625,0.2476041134839685
-0.0086842105263157,0.0105263157894736,0.0078125,,0.0005924170616113745,,0.0,,0.0,,0.0,,0.0,
0.0018421052631578,0.0131578947368421,13.3203125,0.8797748709077546,12.863151658767773,0.890496765328297,12.75,0.8934979638543441,12.75,0.8735999280400988,12.911764705882353,0.9120608152976442,13.125,0.8894786177395234
0.0071052631578947,0.025,37.6171875,0.8470863907398867,37.19549763033175,0.8473561839805734,36.80769230769231,0.844608825829781,36.75,0.8611326509827265,37.0514705882353,0.8621702472061962,37.59375,0.8737738611169025
0.0123684210526315,0.0197368421052631,55.4453125,0.607918413548399,55.19372037914692,0.6096369002555408,54.75,0.6229384620658824,54.8625,0.6139386981127702,55.11029411764706,0.6263286577427919,55.604166666666664,0.6178327151320101
0.015,0.0144736842105263,68.734375,0.42079188515049304,68.5468009478673,0.42924366369780115,68.52884615384616,0.42856314907231224,68.4125,0.4284787180989089,68.625,0.43368510924702697,68.72916666666667,0.4330346210645797
0.015,0.0105263157894736,72.0234375,0.3197766139331393,71.90165876777252,0.3206610656661609,72.01923076923077,0.3165384183126093,71.8,0.32534350625265623,71.88970588235294,0.32197893753096474,71.94791666666667,0.32301063063176494
0.0005263157894736,0.0105263157894736,6.3984375,0.9792903287914052,5.872630331753554,0.9182077990402912,5.740384615384615,0.8954045320428462,5.975,0.9236740043904508,5.992647058823529,0.9501201062596488,6.291666666666667,0.9126772270873347
-0.0086842105263157,0.006578947368421,0.0,,0.0,,0.0,,0.0,,0.0,,0.0,
0.0005263157894736,0.0,0.0,,0.0,,0.0,,0.0,,0.0,,0.0,
-0.0021052631578947,0.0052631578947368,0.0078125,,0.0005924170616113745,,0.0,,0.0,,0.0,,0.0,
0.015,0.0184210526315789,65.7109375,0.5092746095829435,65.3489336492891,0.518788625268082,65.41346153846153,0.5267089732046905,64.775,0.513297620590891,65.33088235294117,0.5225467477032418,65.44791666666667,0.5281107252335343
-0.0047368421052631,0.0210526315789473,4.8359375,1.0669846441482866,4.5864928909952605,1.0818813015141762,4.394230769230769,1.047868999928468,4.6375,1.0462835698579855,4.705882352941177,1.0832088936835136,5.1875,1.0571157335167445
0.0071052631578947,0.0184210526315789,36.0859375,0.7436946125026407,35.764810426540286,0.7562296472770825,35.38461538461539,0.762568509644692,35.35,0.7757320750434648,35.669117647058826,0.7790756607274645,36.270833333333336,0.7724983588603399
0.0018421052631578,0.006578947368421,5.9140625,0.8904177690306645,5.533175355450237,0.8415315895620032,5.365384615384615,0.8146880899988562,5.5125,0.8231031655938162,5.375,0.8358992886821235,5.979166666666667,0.8572657876509068
-0.0021052631578947,0.0210526315789473,9.4375,1.117289722290793,9.011255924170616,1.0620790686236672,8.903846153846153,1.052533735754857,8.9,1.0478064860283185,9.102941176470589,1.0842450408430184,9.46875,1.0825984195623486
-0.01,0.0144736842105263,0.0390625,,0.019549763033175356,,0.028846153846153848,,0.0,,0.022058823529411766,,0.041666666666666664,
0.0018421052631578,0.0,0.0,,0.0,,0.0,,0.0,,0.0,,0.0,
0.0071052631578947,0.0052631578947368,38.0703125,0.3498458786013524,38.06575829383886,0.35294645119521495,37.73076923076923,0.357430448066355,37.9375,0.35057051495206715,38.05882352941177,0.3565626244536678,38.208333333333336,0.3598309748751865
-0.0034210526315789,0.0118421052631578,0.8984375,0.8699905432095006,0.8050947867298578,0.8327977409985846,0.7115384615384616,0.6487216892776696,0.6625,0.821772907222045,0.8161764705882353,0.8484606930370066,0.875,0.7359029134025048
0.0031578947368421,0.0052631578947368,11.25,0.6966162906469271,10.986374407582938,0.6928148642180303,10.971153846153847,0.6790636113404097,10.8375,0.6944145784982168,10.948529411764707,0.7036679582413188,11.239583333333334,0.6998839155697426
-0.0034210526315789,0.0184210526315789,4.9921875,1.0562686699247144,4.708530805687204,1.0413568613284145,4.5576923076923075,1.0353767170330774,4.7625,1.0240222809891177,4.75,1.0507293716868056,5.302083333333333,1.0616282513546806
0.0097368421052631,0.0223684210526315,45.5546875,0.7236955688556044,45.52665876777251,0.7299432632277562,45.04807692307692,0.7372573971697499,45.45,0.7274416193094905,45.24264705882353,0.7527235142958321,45.822916666666664,0.7449139112912427
0.0044736842105263,0.0157894736842105,25.1328125,0.8370497556549165,24.754146919431278,0.8198853664806866,24.596153846153847,0.8268055043819802,24.5125,0.8204133393310844,24.71323529411765,0.8128672526381444,25.1875,0.8331136305525216
-0.0086842105263157,0.0039473684210526,0.0,,0.0,,0.0,,0.0,,0.0,,0.0,
0.0071052631578947,0.0157894736842105,35.6640625,0.7063447146709603,35.43127962085308,0.7094086940740546,35.23076923076923,0.7005709726626658,34.9125,0.7256392509827376,35.4264705882353,0.7312708743454325,35.96875,0.722345919892084
0.0123684210526315,0.0,66.75,0.010638136079037453,66.75,0.010747709690133342,66.75,0.01067374742290722,66.75,0.010652984753593733,66.75,0.010909504056497639,66.73958333333333,0.011629992145279799
-0.0047368421052631,0.0223684210526315,5.7734375,1.108119205373772,5.428909952606635,1.0887175973289498,5.394230769230769,1.0922665491078467,5.375,1.093194621964193,5.485294117647059,1.0834573183458966,5.9375,1.1045042109713867
-0.0034210526315789,0.0026315789473684,0.0,,0.0,,0.0,,0.0,,0.0,,0.0,
-0.0086842105263157,0.0078947368421052,0.0,,0.0,,0.0,,0.0,,0.0,,0.0,
0.0097368421052631,0.0092105263157894,50.34375,0.4226941314674565,50.177132701421804,0.4233746825204249,50.09615384615385,0.426544027666196,50.0375,0.42230566696687094,50.18382352941177,0.4279962673346645,50.302083333333336,0.4337003229115081
0.0005263157894736,0.025,18.5859375,1.0472393752605305,18.01599526066351,1.0328645021200071,17.567307692307693,1.0083857754639192,17.9,1.0350817476373888,18.066176470588236,1.0488959072977324,18.65625,1.0543143050143071
0.0005263157894736,0.0236842105263157,17.7265625,1.0328172071753365,17.162322274881518,1.0247180103939417,16.692307692307693,1.001124563363486,17.0125,1.0160890400196474,17.183823529411764,1.0512499137898559,17.78125,1.031790975352883
0.0018421052631578,0.0118421052631578,12.1015625,0.8654202466865204,11.601303317535544,0.8758423103122844,11.326923076923077,0.8791732170683778,11.475,0.8420101789408004,11.566176470588236,0.9083195773352553,11.875,0.886944843276016
0.015,0.0131578947368421,69.8359375,0.3908648235872064,69.72274881516587,0.3940896853639616,69.6826923076923,0.3934377555573627,69.7,0.3946901689060375,69.78676470588235,0.3954682102248527,69.83333333333333,0.39763957739449923
0.0136842105263157,0.0144736842105263,63.5546875,0.4564902314136863,63.432464454976305,0.4628601808201116,63.44230769230769,0.46185520580212913,62.8375,0.4565065888312737,63.48529411764706,0.46547498685564004,63.635416666666664,0.4699649282594487
0.0110526315789473,0.0039473684210526,59.921875,0.16853472985861337,59.915876777251185,0.16641058235732592,59.83653846153846,0.16563377602220383,59.8,0.16889822622428236,59.88235294117647,0.16762708796509906,59.979166666666664,0.1676518450261051
0.0136842105263157,0.0078947368421052,68.96875,0.26386464508901514,68.77310426540285,0.26444602759402897,68.65384615384616,0.26424557829069983,68.7125,0.2671746373300084,68.625,0.2677061441963069,68.95833333333333,0.2685932570407953
0.0057894736842105,0.0092105263157894,29.2734375,0.6053351531505833,28.885071090047393,0.6074065657970588,28.807692307692307,0.6056233606361465,28.575,0.6178555761644089,28.86764705882353,0.6247636017939416,29.083333333333332,0.6118789201402836
-0.0034210526315789,0.0223684210526315,7.8984375,1.1497462651668076,7.493483412322274,1.084772933324155,7.384615384615385,1.076250263027044,7.4125,1.0817819140017932,7.492647058823529,1.1188988041982044,8.072916666666666,1.0927315611146342
0.0084210526315789,0.0105263157894736,42.9140625,0.5155815137964577,42.687203791469194,0.520380839330533,42.57692307692308,0.5243857662484062,42.5875,0.5252028963422782,42.77205882352941,0.5310073608962502,42.895833333333336,0.5316223219031392
-0.0034210526315789,0.0092105263157894,0.171875,,0.13033175355450238,,0.11538461538461539,,0.125,,0.17647058823529413,1.3373670801736286,0.13541666666666666,
0.015,0.0039473684210526,76.140625,0.11982611057496112,76.10959715639811,0.11731423288278607,76.13461538461539,0.11519143797431147,76.075,0.11719870930179302,76.1029411764706,0.11716101969424578,76.13541666666667,0.11715596953295043
-0.0060526315789473,0.0052631578947368,0.0,,0.0,,0.0,,0.0,,0.0,,0.0,
-0.0007894736842105,0.0026315789473684,0.0,,0.0,,0.0,,0.0,,0.0,,0.0,
0.0084210526315789,0.0026315789473684,47.1015625,0.15267716435339693,47.06101895734597,0.15143223838632208,46.96153846153846,0.15201218303371136,47.0375,0.1514694361282907,47.044117647058826,0.1512531830287178,47.083333333333336,0.1524630505791106
-0.0021052631578947,0.0118421052631578,2.140625,0.9910871244198165,1.9840047393364928,0.9358357207595558,1.8076923076923077,0.8252009922256821,1.925,0.9558918531158203,1.963235294117647,0.888978683309939,2.0208333333333335,0.9563125047593483
0.0136842105263157,0.0236842105263157,58.4765625,0.6424508531154252,58.26007109004739,0.6426020889770181,57.83653846153846,0.6507053951754751,57.775,0.6417807617135173,58.30882352941177,0.6546222152587157,58.541666666666664,0.6486859035242165
-0.0021052631578947,0.0078947368421052,0.2265625,,0.17298578199052134,,0.16346153846153846,,0.15,0.4199618728795553,0.22058823529411764,1.019890150906997,0.20833333333333334,
0.0110526315789473,0.025,49.7109375,0.7280696237591415,49.62322274881517,0.7306305448904237,49.30769230769231,0.7383715234623198,49.2875,0.728033055006585,49.35294117647059,0.758482113514835,50.010416666666664,0.7345592172954541
-0.0047368421052631,0.0131578947368421,0.6015625,0.8981793881416169,0.5977488151658767,0.829832591942608,0.5288461538461539,0.589591089779654,0.5125,0.8162546203718162,0.5735294117647058,0.8837473067691022,0.6666666666666666,0.7911772153983907
-0.0021052631578947,0.025,12.46875,1.1334693364390835,11.836492890995261,1.0844165403392052,11.490384615384615,1.0513842558157485,11.725,1.080117586851491,11.992647058823529,1.1203408399227275,12.260416666666666,1.0981375062385947
-0.0007894736842105,0.0171052631578947,9.078125,1.0709421045857639,8.780805687203792,1.0076020025268928,8.567307692307692,0.9959179790129906,8.8375,1.009458966379394,8.830882352941176,1.0236146148658662,9.1875,1.0336078349562852
0.0084210526315789,0.0,47.625,0.013383163302993648,47.6196682464455,0.01471904822592841,47.57692307692308,0.023268758167111308,47.5875,0.02157213407490925,47.61029411764706,0.015999311937664115,47.5625,0.027270141716258172
0.0018421052631578,0.0144736842105263,14.375,0.9043517927415106,14.043838862559241,0.9066595251895959,13.89423076923077,0.8953949088359703,13.8875,0.8924102399258771,14.022058823529411,0.9389225996584378,14.291666666666666,0.9055601485879495
0.0031578947368421,0.025,25.6328125,0.9881478380360909,25.213270142180093,0.9635964657739456,25.048076923076923,0.9561842678560422,24.95,0.9696347224261028,25.014705882352942,0.9619754144220433,25.791666666666668,0.98719652695465
0.0044736842105263,0.006578947368421,20.828125,0.6105007224612197,20.68483412322275,0.605329127914153,20.778846153846153,0.6095531210360252,20.4625,0.6071325923559655,20.58823529411765,0.60411891237889,20.9375,0.631965619979313
0.0057894736842105,0.0144736842105263,30.1484375,0.7517857587072497,29.623222748815166,0.7392751234330549,29.490384615384617,0.7255199587034021,29.3875,0.7517495801144822,29.50735294117647,0.7507542950709581,29.989583333333332,0.7607627776055481
-0.0073684210526315,0.0105263157894736,0.015625,,0.004739336492890996,,0.009615384615384616,,0.0,,0.007352941176470588,,0.0,
-0.0021052631578947,0.006578947368421,0.0625,,0.03139810426540284,,0.028846153846153848,,0.0125,,0.03676470588235294,,0.0625,
-0.0086842105263157,0.0052631578947368,0.0,,0.0,,0.0,,0.0,,0.0,,0.0,
0.0057894736842105,0.0026315789473684,30.53125,0.23448500789847196,30.319312796208532,0.23484952933559033,30.23076923076923,0.23971732463812356,30.2125,0.23866146458569623,30.316176470588236,0.2381341066102273,30.322916666666668,0.24151169127151695
0.0097368421052631,0.0013157894736842,54.5078125,0.06681612012893823,54.49407582938389,0.0653565469514357,54.41346153846154,0.06816207572428971,54.5,0.06502041210976785,54.52205882352941,0.06569115900540143,54.520833333333336,0.06519327340717887
-0.0021052631578947,0.0026315789473684,0.0,,0.0,,0.0,,0.0,,0.0,,0.0,
-0.0047368421052631,0.0184210526315789,3.21875,1.0482536303814085,2.999407582938389,1.0420625581405307,2.701923076923077,0.9751349857520234,3.0125,1.0165780218012384,2.9926470588235294,1.0144168868711418,3.2604166666666665,1.1314215924309083
0.0044736842105263,0.0236842105263157,28.9453125,0.9336211160138984,28.482227488151658,0.9154888701279811,28.39423076923077,0.9181379539384698,28.5125,0.9241051320774423,28.625,0.9075765378650587,29.208333333333332,0.929121613975668
-0.0060526315789473,0.0,0.0,,0.0,,0.0,,0.0,,0.0,,0.0,
-0.0034210526315789,0.0236842105263157,8.84375,1.163944934551734,8.403436018957345,1.0960468561420362,8.25,1.0748202073622874,8.3125,1.09477719937273,8.330882352941176,1.1215871447599157,8.979166666666666,1.1166459828224162
0.0031578947368421,0.0171052631578947,20.921875,0.9105493998422483,20.670023696682463,0.8874606558600623,20.375,0.8689364930936878,20.4,0.8801361508009858,20.639705882352942,0.8957304195315707,21.1875,0.9092415093965974
0.0031578947368421,0.0105263157894736,15.9140625,0.8113877485206755,15.753554502369669,0.7975647557298006,15.64423076923077,0.783719365111694,15.6375,0.7940053544657555,15.786764705882353,0.8034554995547836,15.989583333333334,0.8176255275092168
0.0136842105263157,0.0026315789473684,71.6875,0.08748168255052809,71.62677725118483,0.08727845745045021,71.60576923076923,0.08610842065125092,71.525,0.08768644643611748,71.625,0.0861824410814787,71.67708333333333,0.08692190245096361
0.0005263157894736,0.0078947368421052,3.140625,0.9171036410009334,2.9893364928909953,0.9040833884185363,2.826923076923077,0.8588748259307757,3.0,0.9199836485186165,2.985294117647059,0.8486981561440201,3.3125,0.9586078871533258
-0.01,0.0157894736842105,0.09375,,0.06101895734597156,,0.0673076923076923,,0.0625,,0.0661764705882353,,0.09375,
0.0110526315789473,0.0026315789473684,60.453125,0.11121188008858435,60.491706161137444,0.11097993700015851,60.48076923076923,0.11106610688865683,60.4125,0.1115938204661832,60.455882352941174,0.1119795548741292,60.572916666666664,0.11288999927878357
0.0005263157894736,0.0092105263157894,4.671875,0.9188508149520429,4.444312796208531,0.9097858520138615,4.221153846153846,0.8800512879604756,4.3875,0.9201275686961194,4.404411764705882,0.9016472282533742,4.864583333333333,0.9281642595176193
0.0031578947368421,0.0157894736842105,19.9765625,0.8930657762975405,19.767772511848342,0.8694964937765366,19.403846153846153,0.8559247060060452,19.5375,0.857965507404718,19.63235294117647,0.8775814827169849,20.28125,0.8851419568797821
-0.0060526315789473,0.0157894736842105,0.90625,0.9633483082623607,0.7997630331753555,0.8715561249349967,0.7115384615384616,0.7024671947665803,0.6625,0.9687415114473177,0.8235294117647058,0.9336513091417987,0.8541666666666666,0.8624240884057827
0.0136842105263157,0.0013157894736842,71.984375,0.04532258576202761,71.9478672985782,0.04545346083439905,71.9326923076923,0.04372782033152796,71.925,0.043671373571290945,71.93382352941177,0.04437629783339059,71.98958333333333,0.04417770345606312
0.0057894736842105,0.0197368421052631,31.703125,0.8299223530593662,31.275473933649288,0.8237483498909058,31.14423076923077,0.8113254034662662,31.025,0.8364690745112577,31.279411764705884,0.8281942487517284,31.8125,0.855395828069294
0.0005263157894736,0.0223684210526315,16.734375,1.0132560484541555,16.203791469194314,1.0146958300353162,15.865384615384615,0.9912189815835224,16.1125,1.002668418785523,16.33823529411765,1.0566165404846177,16.666666666666668,1.0139948671162908
-0.01,0.0078947368421052,0.0,,0.0,,0.0,,0.0,,0.0,,0.0,
0.0031578947368421,0.0131578947368421,18.09375,0.8479046345312156,17.82345971563981,0.8346549936548696,17.71153846153846,0.8191511673694216,17.7375,0.835673800323535,17.735294117647058,0.8418796967403613,18.208333333333332,0.8659041365291481
0.0123684210526315,0.0026315789473684,66.3671875,0.09822693858440903,66.29206161137441,0.0976043579323191,66.29807692307692,0.09665762548507523,66.25,0.09787867067712719,66.33088235294117,0.09696368313958843,66.34375,0.09779275462572873
0.015,0.0197368421052631,64.7734375,0.5365680358558986,64.45912322274881,0.54451191692677,64.51923076923077,0.5486921146268162,64.0375,0.5440325122641767,64.61764705882354,0.5479182948008684,64.42708333333333,0.5539361436575111
0.0071052631578947,0.0236842105263157,37.125,0.8282004190692851,36.89632701421801,0.8315168915856741,36.36538461538461,0.8276634539603879,36.45,0.8486858070925765,36.830882352941174,0.8477526064806443,37.354166666666664,0.857413653694366
0.0018421052631578,0.0039473684210526,1.859375,0.8731343474028526,1.7559241706161137,0.8209690924413285,1.6057692307692308,0.6813190677683075,1.7875,0.8339154896773469,1.7573529411764706,0.8351298375770652,1.7916666666666667,0.812901961250874
-0.0047368421052631,0.0052631578947368,0.0,,0.0,,0.0,,0.0,,0.0,,0.0,
-0.0073684210526315,0.0131578947368421,0.09375,,0.07345971563981042,,0.07692307692307693,,0.0625,,0.08088235294117647,,0.09375,
0.015,0.0118421052631578,70.9765625,0.35712221360873225,70.82938388625593,0.3584700817647186,70.91346153846153,0.3573124753452205,70.65,0.36402596727711517,70.81617647058823,0.3581005545038336,70.85416666666667,0.3629126017179873
0.0136842105263157,0.0157894736842105,62.546875,0.4887546300902048,62.415284360189574,0.49522677702603735,62.32692307692308,0.502606230392696,61.875,0.48643252894482947,62.345588235294116,0.495982578050404,62.510416666666664,0.5018145828647674
-0.0047368421052631,0.0105263157894736,0.1328125,,0.10308056872037914,,0.10576923076923077,,0.0875,,0.14705882352941177,,0.11458333333333333,
-0.01,0.0052631578947368,0.0,,0.0,,0.0,,0.0,,0.0,,0.0,
0.0031578947368421,0.0013157894736842,6.3125,0.5002083074035142,6.200829383886256,0.4824764084860819,6.1923076923076925,0.48582935351719925,6.075,0.487761304473191,6.088235294117647,0.49583843903247965,6.34375,0.48771376262602706
-0.0060526315789473,0.0223684210526315,3.9921875,1.0958611325551482,3.7665876777251186,1.0938253307355956,3.5865384615384617,1.0391193586085186,3.825,1.0359153741103082,3.8308823529411766,1.0309418555704724,4.260416666666667,1.1356660925540867
-0.0060526315789473,0.0184210526315789,2.0078125,1.0207186233036634,1.7962085308056872,0.971762277282264,1.625,0.8309676658886814,1.775,0.9672267024676235,1.8014705882352942,0.9904546944176222,1.8854166666666667,0.9588595345947377
0.0084210526315789,0.006578947368421,45.1171875,0.36464354907139895,44.99052132701422,0.36370741779537236,44.96153846153846,0.3695017832431417,45.05,0.3675968803280621,44.904411764705884,0.3678442022655218,44.979166666666664,0.37140405049881076
-0.0060526315789473,0.0078947368421052,0.0078125,,0.0,,0.0,,0.0,,0.0,,0.0,
0.0097368421052631,0.0210526315789473,45.59375,0.707475328395302,45.58293838862559,0.7095634620774093,45.09615384615385,0.7228334772201944,45.525,0.7074957466355905,45.31617647058823,0.7337869011464594,45.791666666666664,0.7264479838996101
0.0044736842105263,0.0105263157894736,22.359375,0.7380514996820811,22.10308056872038,0.7230135814515858,22.0,0.7276411407064742,21.8375,0.7191996005106494,21.96323529411765,0.7082368947194216,22.427083333333332,0.745949026898165
-0.0073684210526315,0.0078947368421052,0.0,,0.0,,0.0,,0.0,,0.0,,0.0,
0.0110526315789473,0.0223684210526315,50.09375,0.686418610281288,49.92417061611374,0.6924996535973518,49.65384615384615,0.7044761733382138,49.6625,0.691432721872477,49.654411764705884,0.710473197871612,50.135416666666664,0.6992891007809957
0.0071052631578947,0.0039473684210526,38.65625,0.27216697056538897,38.63684834123223,0.2721903514020148,38.41346153846154,0.27408462422058055,38.6,0.2730899242535967,38.56617647058823,0.27610660075883925,38.760416666666664,0.27782816782171155
0.0084210526315789,0.0039473684210526,46.5859375,0.2272093758959702,46.46741706161137,0.2253856428905045,46.42307692307692,0.22727792255866278,46.4625,0.22816847887414923,46.411764705882355,0.22685837516012797,46.541666666666664,0.2271867357792755
0.0136842105263157,0.0052631578947368,70.5,0.1761731931160011,70.47037914691943,0.17508519246655788,70.3173076923077,0.1744880612217181,70.325,0.177274513669571,70.40441176470588,0.1751518522110545,70.54166666666667,0.17562105922985496
-0.0047368421052631,0.0171052631578947,2.4296875,1.0923552156845482,2.270734597156398,1.0029470796060653,2.048076923076923,0.8933856412778289,2.1875,0.9986488956142058,2.301470588235294,0.9566660655758438,2.3645833333333335,1.0487485570858286
-0.0073684210526315,0.0026315789473684,0.0,,0.0,,0.0,,0.0,,0.0,,0.0,
0.0005263157894736,0.0131578947368421,8.9375,0.9978940293850653,8.627369668246445,0.9396762521706774,8.413461538461538,0.9328893474161087,8.5875,0.9413310415537737,8.757352941176471,0.9670325039243233,9.125,0.9664505343449856
0.0097368421052631,0.0144736842105263,47.0078125,0.5819969926467395,46.94135071090047,0.5794854792959718,46.89423076923077,0.5870550359441699,46.8125,0.5790700718962112,46.970588235294116,0.593095984125025,47.28125,0.5885914111413926
-0.0034210526315789,0.0157894736842105,3.1328125,1.0117852104677796,2.928909952606635,1.0094075112068905,2.644230769230769,0.9502950078816114,2.95,0.987038768360236,2.9044117647058822,0.9846132011075909,3.2291666666666665,1.1117799486980167
0.0084210526315789,0.0197368421052631,40.96875,0.723527783696438,40.83175355450237,0.7321887430787581,40.50961538461539,0.7341908682800439,40.375,0.732075397530395,40.588235294117645,0.7515966198417938,41.177083333333336,0.735882854017137
-0.0047368421052631,0.0026315789473684,0.0,,0.0,,0.0,,0.0,,0.0,,0.0,
-0.0047368421052631,0.0118421052631578,0.3359375,1.0417404534675938,0.27488151658767773,0.8768010274747595,0.2692307692307692,0.5315710123636181,0.2375,0.5515970698192405,0.3382352941176471,1.0984638432019942,0.375,0.6929492836149878
-0.0060526315789473,0.025,5.5625,1.1149258994279145,5.235781990521327,1.1084407522320827,5.076923076923077,1.1052593079116162,5.3125,1.1073481202291453,5.360294117647059,1.0946669642251456,5.833333333333333,1.1237279538507345
-0.0060526315789473,0.0118421052631578,0.1171875,,0.08767772511848342,,0.07692307692307693,,0.075,,0.11764705882352941,,0.10416666666666667,
0.0018421052631578,0.0210526315789473,19.40625,0.9847677386857853,19.0521327014218,0.9698207830313095,18.721153846153847,0.9518929271152193,18.9625,0.9651505160473215,19.03676470588235,0.9807643557809418,19.645833333333332,1.0068382274032137
0.0110526315789473,0.0197368421052631,50.6484375,0.6468370637426544,50.44135071090047,0.6471173943490494,50.16346153846154,0.6575609626203204,50.0625,0.6470321544659835,50.25,0.6592241739022799,50.479166666666664,0.65913591548991
0.0136842105263157,0.0039473684210526,71.171875,0.1328155992102673,71.10545023696683,0.13054364685870962,71.0576923076923,0.1324805199833005,71.0625,0.13026347791170836,71.08823529411765,0.13061660911338932,71.14583333333333,0.13309905627543192
-0.0034210526315789,0.0,0.0,,0.0,,0.0,,0.0,,0.0,,0.0,
-0.01,0.0026315789473684,0.0,,0.0,,0.0,,0.0,,0.0,,0.0,
-0.0073684210526315,0.0223684210526315,2.671875,1.1274450969320726,2.5071090047393363,1.0644064495335286,2.2403846153846154,0.9504804484745197,2.525,1.0647424126573595,2.5661764705882355,1.0290510277035263,2.6770833333333335,1.085991827502936
0.0084210526315789,0.0157894736842105,41.0,0.651680191220538,40.96267772511848,0.6567796280250502,40.49038461538461,0.6632292865527692,40.725,0.6637249702491774,40.875,0.6807118500505074,41.0625,0.6693153510269448
0.0057894736842105,0.0236842105263157,32.9765625,0.8786636468112721,32.67002369668246,0.872044956826993,32.51923076923077,0.8663532672468569,32.45,0.8859456631298054,32.60294117647059,0.8720661881623823,32.979166666666664,0.9047836994225248
-0.0021052631578947,0.0197368421052631,8.3984375,1.0996863100340473,8.037914691943127,1.0536790030324452,7.961538461538462,1.0381867048323525,8.025,1.0550169163171117,7.970588235294118,1.0755035167859552,8.541666666666666,1.0731204887728747
-0.01,0.0171052631578947,0.1796875,,0.13270142180094788,,0.125,,0.125,,0.18382352941176472,1.3355645035590376,0.13541666666666666,
-0.0034210526315789,0.006578947368421,0.015625,,0.002369668246445498,,0.0,,0.0,,0.0,,0.0,
0.0031578947368421,0.0184210526315789,21.84375,0.9271350798373341,21.50829383886256,0.9008877495088174,21.35576923076923,0.892895714728962,21.3,0.8911333883664809,21.448529411764707,0.9147251210396048,21.96875,0.9206761581643937
0.0057894736842105,0.025,33.296875,0.8897827805259222,33.09419431279621,0.8856722671205715,32.78846153846154,0.8881785956104074,32.875,0.8982771897244414,33.11764705882353,0.8862138437356609,33.458333333333336,0.9202195344718759
-0.0021052631578947,0.0039473684210526,0.0,,0.0,,0.0,,0.0,,0.0,,0.0,
-0.0086842105263157,0.0092105263157894,0.0,,0.0,,0.0,,0.0,,0.0,,0.0,
0.0136842105263157,0.0105263157894736,66.953125,0.34782528191828077,66.81161137440758,0.3500282885682924,66.70192307692308,0.34950610107190516,66.5125,0.3520468303111698,66.78676470588235,0.3507546847249946,67.01041666666667,0.35339414137918884
0.0084210526315789,0.0052631578947368,45.9609375,0.2979598962147602,45.76658767772512,0.2967344820085835,45.78846153846154,0.30135986604312737,45.775,0.2977911140760477,45.6985294117647,0.30265391216890686,45.78125,0.3049946087528692
-0.0047368421052631,0.0039473684210526,0.0,,0.0,,0.0,,0.0,,0.0,,0.0,
0.015,0.0157894736842105,67.7265625,0.45487069246677203,67.43364928909952,0.46106029563762085,67.50961538461539,0.46303432717220044,67.125,0.46155906678806513,67.38970588235294,0.4652330325146316,67.51041666666667,0.4694023387614166
0.0071052631578947,0.0,39.75,0.014353664082057427,39.74881516587678,0.01470487102476535,39.75,0.01442322531565379,39.75,0.014587126216768715,39.75,0.01437045677985101,39.75,0.014283855015541738
0.0005263157894736,0.0171052631578947,12.7265625,0.9603424190786296,12.22808056872038,0.9697702523967444,12.086538461538462,0.9709245373400572,12.1375,0.9475382300522721,12.272058823529411,1.0113405971978608,12.510416666666666,0.9941239649686082
0.0018421052631578,0.0105263157894736,10.6640625,0.860328724526229,10.261255924170616,0.8634094313551297,9.990384615384615,0.8503166777362845,10.0875,0.8460332072134154,10.220588235294118,0.9011611134686061,10.53125,0.8741719869379044
0.0136842105263157,0.006578947368421,69.7265625,0.2195635383125631,69.67298578199052,0.21994310848609933,69.60576923076923,0.21991192219784972,69.4875,0.22393548194641744,69.63235294117646,0.22126321739647656,69.82291666666667,0.2213417899012019
-0.0073684210526315,0.0013157894736842,0.0,,0.0,,0.0,,0.0,,0.0,,0.0,
-0.0047368421052631,0.006578947368421,0.0,,0.0,,0.0,,0.0,,0.0,,0.0,
-0.0073684210526315,0.0171052631578947,0.65625,0.9664593668849235,0.643957345971564,0.8766723237247616,0.5769230769230769,0.6423200470968528,0.55,0.8369370851484934,0.6323529411764706,0.9978692108885154,0.6770833333333334,0.841753472556718
0.0071052631578947,0.0092105263157894,36.3515625,0.5365071121722877,36.28317535545024,0.5348904840237869,35.97115384615385,0.5474777006437548,36.1375,0.5395928935811094,36.31617647058823,0.5576233218188992,36.385416666666664,0.5374488828222779
0.0044736842105263,0.0013157894736842,20.2578125,0.1767395985535959,20.19312796208531,0.17556339960960873,20.173076923076923,0.17703563963237245,20.075,0.17233301412742177,20.227941176470587,0.17904063161587025,20.21875,0.17995142509148468
0.0097368421052631,0.025,45.515625,0.7570831133011697,45.53732227488152,0.7685377463433394,45.13461538461539,0.7758051178521596,45.1625,0.7686051649055468,45.38970588235294,0.7895076739773659,45.885416666666664,0.7731587643046022
-0.0007894736842105,0.0157894736842105,8.0078125,1.0468363628273787,7.634478672985782,0.999144570579511,7.586538461538462,0.9878399079367134,7.5625,1.0068248885185012,7.654411764705882,1.0210054229144774,8.09375,1.0172509598343045
0.0044736842105263,0.0,20.25,0.020382802915598523,20.248815165876778,0.02080432937035736,20.25,0.02039150749053806,20.25,0.020373514617324083,20.25,0.02040842768954437,20.25,0.02037464498236408
0.0097368421052631,0.0052631578947368,52.9921875,0.2560184950312267,52.742890995260666,0.2557678611423442,52.72115384615385,0.25661483071817087,52.5625,0.25848638864672874,52.77205882352941,0.2597798714053931,52.885416666666664,0.25820745875901024
0.0084210526315789,0.0223684210526315,41.2265625,0.7646491695975344,41.03732227488152,0.7720312014951719,40.60576923076923,0.766853785574016,40.5375,0.7930131340331292,40.72794117647059,0.7984061425843558,41.4375,0.7831300725331349
0.0123684210526315,0.0171052631578947,56.7109375,0.5581412592053716,56.46919431279621,0.5592988697660163,56.10576923076923,0.5690273474694038,56.1,0.5592914344991325,56.48529411764706,0.5677933241807861,56.65625,0.5712190687767357
-0.0047368421052631,0.0,0.0,,0.0,,0.0,,0.0,,0.0,,0.0,
0.0136842105263157,0.0092105263157894,67.953125,0.3072224243180234,67.81694312796209,0.30822470185297435,67.61538461538461,0.3077958536842779,67.7875,0.3089762355819171,67.76470588235294,0.30675341341186585,67.98958333333333,0.31032507535124326
-0.0007894736842105,0.0013157894736842,0.0,,0.0,,0.0,,0.0,,0.0,,0.0,
0.0071052631578947,0.0144736842105263,35.5546875,0.6733181213297608,35.36848341232228,0.6817823814708978,35.14423076923077,0.6808452581963842,34.95,0.6976106905508896,35.31617647058823,0.703112310616119,35.791666666666664,0.6948632768229667
0.0071052631578947,0.0013157894736842,39.6796875,0.09384648956770823,39.611374407582936,0.09352309973094561,39.54807692307692,0.09365833214546028,39.55,0.09529575145889398,39.595588235294116,0.09424942045238235,39.6875,0.09457695990386233
0.0136842105263157,0.0223684210526315,58.9609375,0.6212103821647235,58.71504739336493,0.6217550807334741,58.34615384615385,0.6290851829911286,58.425,0.6166517866225742,58.69117647058823,0.6345804190210746,58.96875,0.6288273035500213
-0.0060526315789473,0.006578947368421,0.0,,0.0,,0.0,,0.0,,0.0,,0.0,
0.0005263157894736,0.0026315789473684,0.0,,0.0,,0.0,,0.0,,0.0,,0.0,
-0.0073684210526315,0.0039473684210526,0.0,,0.0,,0.0,,0.0,,0.0,,0.0,
0.0057894736842105,0.0078947368421052,29.265625,0.5522324512033951,29.03080568720379,0.5592275570417391,28.942307692307693,0.5573387958380723,28.65,0.5630163363920119,29.066176470588236,0.5775696403466681,29.21875,0.5649668820316701
0.015,0.0223684210526315,63.4453125,0.5840135421455075,63.00592417061611,0.5914965980854419,63.125,0.6004433375272313,62.45,0.5904550447495236,63.10294117647059,0.5958533121878534,63.020833333333336,0.6014348848175032
0.0123684210526315,0.0013157894736842,66.6640625,0.04953079755645244,66.63625592417061,0.04993726308736571,66.61538461538461,0.04893687550288079,66.6,0.053824278121899036,66.63970588235294,0.05026530915090769,66.67708333333333,0.05051208061829308
-0.0073684210526315,0.006578947368421,0.0,,0.0,,0.0,,0.0,,0.0,,0.0,
-0.0073684210526315,0.0184210526315789,1.1328125,1.0376011571053911,0.9922985781990521,0.904041985794353,0.8653846153846154,0.75958744897455,0.8875,0.8700048787862245,0.9926470588235294,0.9554709441959532,1.0520833333333333,0.8042597103493367
0.0097368421052631,0.0026315789473684,54.1796875,0.12900849431663383,54.100118483412324,0.12889855856612495,54.125,0.1272988579240523,54.075,0.128637853716155,54.11029411764706,0.12996096466654916,54.1875,0.13160085937999375
-0.0007894736842105,0.0105263157894736,3.0546875,0.9621358813491541,2.8803317535545023,0.9428970907125422,2.6826923076923075,0.9322338945659266,2.9125,0.9400308018713692,2.8455882352941178,0.88947290189897,3.25,0.9946341597241147
0.0044736842105263,0.0052631578947368,20.4609375,0.5463669554909498,20.34004739336493,0.5429529540087238,20.16346153846154,0.5454695900294738,20.2125,0.5467000325746432,20.235294117647058,0.5461719135714809,20.65625,0.5737667833358275
0.015,0.0052631578947368,75.4921875,0.15842333855354893,75.4739336492891,0.15794221633477798,75.4326923076923,0.15643671134136833,75.275,0.1595574792922843,75.43382352941177,0.15745531608767846,75.47916666666667,0.1591133467585655
0.0084210526315789,0.0131578947368421,41.671875,0.5987027686567239,41.54917061611374,0.5970968663378905,41.32692307692308,0.6013176106216231,41.3375,0.6061949084990039,41.529411764705884,0.6152079569127629,41.6875,0.6023689290169606
-0.0021052631578947,0.0013157894736842,0.0,,0.0,,0.0,,0.0,,0.0,,0.0,
-0.01,0.0,0.0,,0.0,,0.0,,0.0,,0.0,,0.0,
0.015,0.006578947368421,74.7265625,0.19837123056937594,74.70912322274881,0.1979857213278302,74.72115384615384,0.1975071798222616,74.5625,0.1999693119543516,74.63235294117646,0.19886446852583717,74.61458333333333,0.2004809410030888
0.0005263157894736,0.0052631578947368,0.609375,0.8571744362043359,0.5503554502369669,0.7501683966931755,0.5,0.6268986378323685,0.4375,0.9443881360396971,0.5294117647058824,0.8116193593576273,0.6875,0.7519095422734825
-0.0021052631578947,0.0105263157894736,1.3828125,0.9226914040692016,1.167654028436019,0.8601408695594278,1.0769230769230769,0.7116208877585677,1.15,0.9204014247446798,1.1911764705882353,0.8775398884823129,1.2291666666666667,0.7625459987375393
-0.0007894736842105,0.0210526315789473,12.53125,1.0635091412617184,11.95260663507109,1.0333546293240958,11.682692307692308,1.0066066230318653,11.8625,1.034963477299041,11.970588235294118,1.075403684157794,12.302083333333334,1.032223585292565
0.0084210526315789,0.0236842105263157,41.3671875,0.7864578055896532,41.18601895734597,0.7907327479762782,40.77884615384615,0.789887911374906,40.6375,0.810325900505067,40.786764705882355,0.8153301982741779,41.583333333333336,0.8033678917871123
-0.0060526315789473,0.0171052631578947,1.4921875,0.9993355773446687,1.2494075829383886,0.9278063959844052,1.1057692307692308,0.7967735593322982,1.1875,0.9086100815459164,1.286764705882353,0.9625046001939646,1.3333333333333333,0.8424803235840105
0.0084210526315789,0.0210526315789473,41.15625,0.7429819599286541,40.93364928909953,0.7513229514673465,40.53846153846154,0.7522571501604605,40.3625,0.7703589044632878,40.73529411764706,0.7762868952177697,41.09375,0.7671760953519073
-0.0073684210526315,0.0210526315789473,2.1328125,1.0661683588577335,1.9531990521327014,1.0127913060167433,1.7980769230769231,0.9005733568532994,1.9125,1.026874165988669,1.963235294117647,0.9805345338227847,2.0520833333333335,1.0097529404150591
0.0084210526315789,0.0118421052631578,42.1640625,0.5596879898613637,42.05509478672986,0.5610469311772901,41.92307692307692,0.5695596907885851,41.8625,0.5674784409937411,42.02205882352941,0.5713321725632747,42.302083333333336,0.5689148249318629
0.0044736842105263,0.0210526315789473,27.796875,0.9070709686882867,27.283767772511847,0.8871278461264234,27.028846153846153,0.8924885407820379,27.3125,0.8924116366352228,27.49264705882353,0.8786038488041426,28.03125,0.9008384162888804
0.0031578947368421,0.0236842105263157,24.8046875,0.9748863606067306,24.52191943127962,0.9517524290258271,24.26923076923077,0.9458374053708515,24.2625,0.9529151067694487,24.360294117647058,0.9525459610828954,25.15625,0.980439672913661
0.0057894736842105,0.0039473684210526,30.171875,0.337416608190388,29.880331753554504,0.33892628677900927,29.75,0.3450877954680914,29.65,0.34462462803368,29.897058823529413,0.3473125570948793,30.072916666666668,0.34487081497679256
0.0097368421052631,0.0157894736842105,46.546875,0.6103425835728473,46.468601895734594,0.6102693268315975,46.34615384615385,0.6210335762992342,46.4375,0.6081963893040075,46.50735294117647,0.6207613330043641,46.635416666666664,0.6256351883511693
-0.0007894736842105,0.0092105263157894,1.9375,0.9237034197004392,1.8074644549763033,0.8970829590824841,1.5576923076923077,0.7569352842899687,1.775,0.9098294378408622,1.8088235294117647,0.8581095578225755,1.875,0.8900126801101084
-0.01,0.0118421052631578,0.015625,,0.001184834123222749,,0.0,,0.0,,0.0,,0.0,
0.0123684210526315,0.0144736842105263,58.484375,0.4941025849799716,58.18068720379147,0.49902251424637656,57.88461538461539,0.5054958220216105,57.825,0.49884659757474664,58.213235294117645,0.4981802268646196,58.541666666666664,0.5077822216390374
0.0136842105263157,0.0184210526315789,60.9609375,0.5481279954669536,60.59004739336493,0.5522992445045637,60.49038461538461,0.5638116299164216,60.2875,0.5450241774412504,60.5514705882353,0.5522104447424345,60.708333333333336,0.5585703812195261
-0.01,0.0092105263157894,0.0,,0.0,,0.0,,0.0,,0.0,,0.0,
0.0005263157894736,0.0184210526315789,13.8671875,0.9736247008486194,13.287914691943127,0.9816253626456992,13.153846153846153,0.9837183928235161,13.175,0.9499206782581471,13.382352941176471,1.024936345787738,13.53125,0.9855429940396836
0.0071052631578947,0.0026315789473684,39.2734375,0.1874326839462924,39.198459715639814,0.18375284265715636,39.13461538461539,0.18323678460885073,39.075,0.1866154138135699,39.154411764705884,0.18405877396828538,39.3125,0.18818840451460916
-0.0086842105263157,0.0171052631578947,0.3515625,1.0104971256641393,0.28791469194312796,0.8481382326563685,0.27884615384615385,0.6530996549755609,0.25,0.7409660003651188,0.3602941176470588,1.1859937528989164,0.3958333333333333,0.6927068218574591
0.015,0.0078947368421052,73.875,0.24031385968246294,73.86552132701422,0.23925217211010605,73.78846153846153,0.24038447310759678,73.5875,0.24211146898995367,73.92647058823529,0.23958007954654678,73.72916666666667,0.24253912318664714
-0.0007894736842105,0.006578947368421,0.3359375,1.0416349063792139,0.2754739336492891,0.7878441054787749,0.3076923076923077,0.5315959331714839,0.225,0.41213642248520127,0.3382352941176471,1.0980763891393117,0.375,0.6934849932213631
0.0110526315789473,0.0171052631578947,51.578125,0.597104876174634,51.3281990521327,0.5962849596323369,51.17307692307692,0.6028516577413967,51.0625,0.5960590537226647,51.088235294117645,0.614107708991744,51.302083333333336,0.6028260879337465
0.0071052631578947,0.0171052631578947,35.8515625,0.7267233648062374,35.58056872037915,0.7343240456315978,35.25961538461539,0.7301144059034272,35.225,0.7466107110075302,35.470588235294116,0.756724822211436,36.052083333333336,0.7524750339515759
0.0110526315789473,0.006578947368421,58.3046875,0.2782969406890062,58.31931279620853,0.27780528513257036,58.375,0.2747634758948841,58.1125,0.2781540693594763,58.47794117647059,0.277848164743635,58.385416666666664,0.2851003231166684
-0.0060526315789473,0.0197368421052631,2.59375,1.110781881163698,2.3921800947867298,1.0372645661821622,2.1346153846153846,0.9223656313927348,2.4,1.029129571698497,2.3970588235294117,0.9857741160904016,2.5729166666666665,1.0631507635412705
-0.01,0.0013157894736842,0.0,,0.0,,0.0,,0.0,,0.0,,0.0,
-0.0034210526315789,0.0052631578947368,0.0,,0.0,,0.0,,0.0,,0.0,,0.0,
-0.0047368421052631,0.0236842105263157,6.6953125,1.1169516925165164,6.2760663507109005,1.1061336362004464,6.240384615384615,1.1023172344191021,6.1125,1.1199850165466054,6.367647058823529,1.117412078791816,6.84375,1.1101262000130896
-0.0073684210526315,0.025,3.9921875,1.125563225203083,3.779028436018957,1.119191314719869,3.5288461538461537,1.0706938229454896,3.7625,1.0506210276049137,3.7941176470588234,1.0537690957526833,4.229166666666667,1.1620580629931225
0.0018421052631578,0.0223684210526315,20.1640625,1.0018382925329379,19.90462085308057,0.9823959001133732,19.682692307692307,0.9616152995013645,19.9125,0.9765826578603873,19.96323529411765,0.9957622984848025,20.447916666666668,1.0204171737987737
0.0018421052631578,0.0092105263157894,9.15625,0.8869827355071858,8.789099526066352,0.8576715151271481,8.64423076923077,0.830868557953974,8.7375,0.8444403359898163,8.764705882352942,0.889537529913499,9.177083333333334,0.8853988273206322
-0.0021052631578947,0.0171052631578947,6.4296875,1.0540502064548827,5.981042654028436,1.02917819422177,5.855769230769231,1.0334523778013625,5.8625,1.0342242855703296,6.0661764705882355,1.0428259560468494,6.53125,1.0375883909654318
-0.0086842105263157,0.0236842105263157,2.3359375,1.1343445247227473,2.095379146919431,1.0390156546582283,1.8942307692307692,0.8978877620736588,2.0625,1.055178085919064,2.1029411764705883,0.9849908024981228,2.2083333333333335,1.0597015173922217
0.0084210526315789,0.0171052631578947,40.9921875,0.6753704387189409,40.83175355450237,0.6836591402014144,40.31730769230769,0.6904390056143629,40.625,0.686546829535985,40.73529411764706,0.7028911899560554,41.114583333333336,0.6965655185047265
0.0123684210526315,0.0223684210526315,54.4765625,0.6547166838902776,54.28376777251185,0.6550732680697079,54.06730769230769,0.6677166257658326,54.0375,0.656762997019665,54.18382352941177,0.6727146841224988,54.739583333333336,0.6577856207337021
0.0031578947368421,0.006578947368421,12.46875,0.7304856187514372,12.305094786729859,0.7231630096637905,12.25,0.712704916447029,12.15,0.7365022364356185,12.367647058823529,0.745970783306353,12.489583333333334,0.735225562415451
0.0018421052631578,0.0236842105263157,21.0234375,1.0091155662867488,20.731635071090047,0.9926232307759422,20.41346153846154,0.9628965895303127,20.575,0.9805257587452682,20.941176470588236,1.0031415671885582,21.239583333333332,1.0186221343152624
-0.0086842105263157,0.0026315789473684,0.0,,0.0,,0.0,,0.0,,0.0,,0.0,
-0.0047368421052631,0.0197368421052631,4.015625,1.0841744281315553,3.765995260663507,1.0652593818668785,3.5961538461538463,1.0232563191658381,3.85,1.025194978815023,3.8088235294117645,1.014018705774934,4.260416666666667,1.0949638370651555
0.0044736842105263,0.0026315789473684,20.0546875,0.33114145283356816,20.03080568720379,0.33292337812454575,19.923076923076923,0.3372011345166775,19.9375,0.33072939221127495,19.99264705882353,0.3398984177737986,20.114583333333332,0.33522118894997543
-0.0073684210526315,0.0236842105263157,3.390625,1.1159949880685396,3.132701421800948,1.0927009772183227,2.8461538461538463,1.0329311909350176,3.1625,1.0868681702501397,3.0955882352941178,1.0573108424568862,3.4375,1.1952953916542801
-0.0073684210526315,0.0157894736842105,0.40625,1.0119943870860704,0.36255924170616116,0.7704310464149984,0.36538461538461536,0.6422859332793153,0.3125,0.7403916190409215,0.4117647058823529,1.274255915217812,0.46875,0.7154473605138371
0.0084210526315789,0.0078947368421052,44.328125,0.413246378831423,44.2292654028436,0.422525183782936,44.14423076923077,0.4299314725311905,44.1625,0.42552770989441135,44.279411764705884,0.42744484729608995,44.416666666666664,0.4311865796358754
-0.0021052631578947,0.0144736842105263,4.140625,1.000572607935585,3.9058056872037916,0.9959220896795115,3.7788461538461537,0.9768531970716281,3.925,0.9431031068501422,3.875,0.9745593948671498,4.395833333333333,0.9744983406542486
-0.0034210526315789,0.025,9.765625,1.1590539661217267,9.309834123222748,1.106524529814333,8.990384615384615,1.0999491705383053,9.0875,1.0902304758657808,9.316176470588236,1.1211047815466744,9.8125,1.1265309277103885
0.015,0.0171052631578947,66.6328125,0.4802631809275575,66.32523696682465,0.49126875726947444,66.35576923076923,0.4961271998307288,65.775,0.49215287917218725,66.29411764705883,0.49681172530011336,66.45833333333333,0.49751560089792135
-0.0060526315789473,0.0039473684210526,0.0,,0.0,,0.0,,0.0,,0.0,,0.0,
-0.0007894736842105,0.0052631578947368,0.0625,,0.03850710900473934,,0.028846153846153848,,0.0375,,0.04411764705882353,,0.0625,
0.0044736842105263,0.0039473684210526,20.2578125,0.45607583638986116,20.09004739336493,0.453344672821033,20.028846153846153,0.44690500599397737,19.85,0.46035731283429193,20.058823529411764,0.462507333645768,20.25,0.4654603511343544
0.0097368421052631,0.0078947368421052,51.1875,0.37200697193932436,51.06101895734597,0.37172705040808174,50.93269230769231,0.37651364198591997,50.975,0.36982763519357087,51.11029411764706,0.37514565894839935,51.375,0.3785541144424722
0.015,0.0026315789473684,76.625,0.07743863723917326,76.5675355450237,0.07805218370769253,76.51923076923077,0.0800555834074289,76.4875,0.07942530508775199,76.5220588235294,0.07735221157158209,76.60416666666667,0.0778457799495177
0.0110526315789473,0.0013157894736842,60.875,0.056204526865101745,60.851303317535546,0.05663050125610926,60.83653846153846,0.05996116031698976,60.7625,0.058283665457695796,60.904411764705884,0.0561364308637171,60.895833333333336,0.05695642054906817
0.015,0.025,62.328125,0.6309544986612314,61.90995260663507,0.631355091560318,61.85576923076923,0.6380053783814748,61.3375,0.6321832928434435,61.970588235294116,0.6459233976411126,61.90625,0.642060480738697
0.0044736842105263,0.0078947368421052,21.2265625,0.6671887606244179,21.036137440758292,0.6536407509469864,21.096153846153847,0.6608447838443969,20.7,0.653755690367472,20.919117647058822,0.6402829200546625,21.322916666666668,0.6685170550531984
0.0018421052631578,0.025,21.859375,1.0160885375367,21.533175355450236,1.0029683104324643,21.423076923076923,0.9862681594846392,21.4125,0.9866704829932569,21.602941176470587,1.002591982744362,22.145833333333332,1.0299344686396588
-0.01,0.025,2.0625,1.0625121508183275,1.7535545023696681,1.0097876567942217,1.5865384615384615,0.8582880301731546,1.7875,1.0156027798215108,1.7794117647058822,1.0537087561846603,1.8854166666666667,1.0181389079353103
0.0071052631578947,0.0197368421052631,36.3359375,0.7664409027517837,36.02251184834123,0.7766880411660618,35.68269230769231,0.7819167380492823,35.6,0.7923751389696295,35.911764705882355,0.7972785069721627,36.489583333333336,0.7947724668284383
0.0084210526315789,0.0184210526315789,41.0,0.6980228560265415,40.800355450236964,0.7087338073034953,40.33653846153846,0.7095339030739057,40.5125,0.7082657091037102,40.705882352941174,0.7275145917899429,41.125,0.7152736086671982
0.0018421052631578,0.0184210526315789,17.5703125,0.9608962245792927,17.13803317535545,0.9475855517051184,16.83653846153846,0.9290020355604636,16.9625,0.9505346780669193,17.16176470588235,0.9537811223053074,17.697916666666668,0.9723983578397863
0.0123684210526315,0.0078947368421052,63.53125,0.29557203309544067,63.28732227488152,0.29448983642981963,63.25961538461539,0.2957777681050549,62.9125,0.29881614000710754,63.38235294117647,0.2942133823051645,63.604166666666664,0.29619562731693566
-0.0073684210526315,0.0052631578947368,0.0,,0.0,,0.0,,0.0,,0.0,,0.0,
0.0057894736842105,0.0171052631578947,30.875,0.7923217814537346,30.41409952606635,0.7851915695372174,30.35576923076923,0.7735247711959541,30.1875,0.8026324262871587,30.360294117647058,0.7884248476283101,30.895833333333332,0.8150342748593015
-0.0073684210526315,0.0118421052631578,0.0390625,,0.02132701421800948,,0.028846153846153848,,0.0,,0.022058823529411766,,0.041666666666666664,
0.0097368421052631,0.006578947368421,52.0859375,0.3167946757318275,51.925947867298575,0.3159972012653878,51.75961538461539,0.3186836348138034,51.7125,0.3171745133086503,51.9264705882353,0.3189118685265924,52.177083333333336,0.31973652885799525
-0.0021052631578947,0.0131578947368421,3.0625,0.9837223753580667,2.884478672985782,0.9790962615372341,2.6346153846153846,0.9261295495604264,2.925,0.9547255686464984,2.801470588235294,0.9398526521320661,3.1458333333333335,1.0701502365914932
0.0110526315789473,0.0210526315789473,50.3515625,0.6669744533138027,50.1404028436019,0.6701579015468944,49.82692307692308,0.6809568920825705,49.85,0.6675992954941137,49.86764705882353,0.6863990613333164,50.260416666666664,0.6812930315751187
0.015,0.0210526315789473,63.890625,0.562737486141625,63.70260663507109,0.568536623592929,63.67307692307692,0.5802072601450167,63.25,0.5671625800719774,63.77205882352941,0.57388506884912,63.65625,0.5764600107962595
-0.0034210526315789,0.0144736842105263,2.3046875,1.044180262012639,2.130924170616114,0.9681428305606832,1.9230769230769231,0.8551849381112228,2.05,0.9687011100435342,2.1323529411764706,0.9336414682932963,2.1666666666666665,0.9755542196582407
0.0110526315789473,0.0105263157894736,55.6640625,0.4181822757683683,55.48341232227488,0.42463044926865623,55.45192307692308,0.4272278715643122,55.3,0.41874331109408097,55.52205882352941,0.4289437950103398,55.6875,0.4280444192212605
-0.0007894736842105,0.0144736842105263,6.921875,1.0440804959284538,6.481635071090047,0.9877981973738484,6.384615384615385,0.9702794105335475,6.4125,0.9904454416115087,6.5,1.0036620464087262,6.979166666666667,0.9837377107877606
0.0123684210526315,0.0052631578947368,65.1640625,0.1975096042496255,65.04206161137441,0.1956831079616121,64.91346153846153,0.19571212806020222,64.875,0.19856929968681142,65.01470588235294,0.19910598867105583,65.22916666666667,0.1980893718613996
0.0057894736842105,0.0210526315789473,32.0,0.8480288309575408,31.756516587677726,0.841203961936528,31.653846153846153,0.8310080842038038,31.425,0.849128265875503,31.691176470588236,0.8437245642851844,32.166666666666664,0.8762850948620313
0.0123684210526315,0.0236842105263157,54.0625,0.6744842398681166,53.958530805687204,0.6759149381617977,53.80769230769231,0.6821082853140965,53.625,0.6772375560972399,53.77205882352941,0.6907409553558734,54.3125,0.6840892361172219
-0.0034210526315789,0.0013157894736842,0.0,,0.0,,0.0,,0.0,,0.0,,0.0,
-0.0007894736842105,0.0197368421052631,11.359375,1.068180439170678,10.901658767772512,1.0238511857130321,10.711538461538462,0.9986292091307386,10.825,1.0180935906156576,11.014705882352942,1.0661817238599338,11.447916666666666,1.0537980415562338
0.0031578947368421,0.0210526315789473,23.2734375,0.9461785802638,23.055687203791468,0.9293891349221975,22.85576923076923,0.9180684137817519,22.9875,0.9219402598667725,22.941176470588236,0.9282463973961002,23.458333333333332,0.9548968484378735
-0.0086842105263157,0.0157894736842105,0.2265625,,0.14869668246445497,0.721238524028921,0.125,,0.1375,,0.19852941176470587,1.101959343874277,0.16666666666666666,
-0.0034210526315789,0.0039473684210526,0.0,,0.0,,0.0,,0.0,,0.0,,0.0,
0.0123684210526315,0.0131578947368421,59.4140625,0.4593133905756651,59.21030805687204,0.46413063536526866,58.99038461538461,0.4692319709174609,58.625,0.46070703458635986,59.11764705882353,0.4624554058270513,59.385416666666664,0.4724337642579082
-0.0086842105263157,0.0144736842105263,0.09375,,0.0669431279620853,,0.07692307692307693,,0.0625,,0.0661764705882353,,0.09375,
0.0123684210526315,0.0157894736842105,57.6171875,0.5252515455762755,57.28376777251185,0.5305433959498854,56.88461538461539,0.5395085056800558,56.9125,0.5305908896512864,57.1985294117647,0.5330085813396124,57.59375,0.5388748648808807
0.0044736842105263,0.0118421052631578,22.9921875,0.7642993483172453,22.73400473933649,0.7514106737108747,22.567307692307693,0.7535521704528829,22.375,0.7502429652818343,22.772058823529413,0.7440486775037127,23.083333333333332,0.77198396682733
0.0097368421052631,0.0197368421052631,45.609375,0.6884926251096792,45.666469194312796,0.6874009864374536,45.33653846153846,0.7011021551701023,45.675,0.6846044988789967,45.50735294117647,0.7104279452818423,45.9375,0.6985697247798855
0.0110526315789473,0.0131578947368421,53.640625,0.49855198224917574,53.54976303317535,0.5041273244138212,53.39423076923077,0.5153544681622976,53.4625,0.500798253876239,53.49264705882353,0.5125767508538873,53.78125,0.5104583936315445
-0.0047368421052631,0.0144736842105263,1.1953125,0.943439472708687,1.0343601895734598,0.8740502485343574,0.9423076923076923,0.7700182710575192,0.95,0.8351583213422619,1.0514705882352942,0.8941234869950849,1.1041666666666667,0.83723371977978
-0.0060526315789473,0.0026315789473684,0.0,,0.0,,0.0,,0.0,,0.0,,0.0,
-0.01,0.0105263157894736,0.0,,0.0,,0.0,,0.0,,0.0,,0.0,
0.0057894736842105,0.0052631578947368,29.75,0.42949015815913616,29.553909952606634,0.42557238320450114,29.471153846153847,0.43471282213187096,29.2,0.427703008028697,29.485294117647058,0.44072553555995253,29.791666666666668,0.4280215142035441
0.0084210526315789,0.0092105263157894,43.53125,0.47098642190410256,43.43068720379147,0.47583773067859814,43.34615384615385,0.48102374117618746,43.3875,0.4805368952518755,43.419117647058826,0.4841927393028533,43.770833333333336,0.4866498951649638
-0.01,0.0184210526315789,0.28125,0.7276781481628325,0.25118483412322273,0.9551959868639379,0.23076923076923078,0.7571983856214873,0.2,0.6720109809362144,0.33088235294117646,1.1862328954192451,0.3229166666666667,0.6926119480166403
-0.0021052631578947,0.0236842105263157,11.453125,1.1419976756568824,10.940758293838863,1.0766769867515251,10.663461538461538,1.0375299229115191,10.8625,1.081165303045927,10.963235294117647,1.1091199357573487,11.416666666666666,1.0980499526584915
-0.0021052631578947,0.0157894736842105,5.359375,1.0331606394350443,4.922985781990521,1.016116347274582,4.8173076923076925,1.0015710490918601,4.9375,1.0145558205411869,4.9338235294117645,0.9899846362948388,5.333333333333333,1.0172745580412144
-0.0086842105263157,0.0184210526315789,0.578125,0.9955345056007007,0.5225118483412322,0.8534088015312368,0.47115384615384615,0.6817255649963323,0.4375,0.740767590726042,0.5220588235294118,1.03310630667679,0.6041666666666666,0.832957567659774
0.0136842105263157,0.0197368421052631,60.296875,0.5710208785418559,59.85248815165877,0.5767256212073658,59.64423076923077,0.5837899406560221,59.575,0.575695071380114,59.911764705882355,0.5811627300020722,60.0625,0.5852102323138311
0.015,0.0092105263157894,73.046875,0.280994497963196,72.91943127962085,0.28002053094867535,72.92307692307692,0.28115621118626755,72.6875,0.28356257007141383,72.88970588235294,0.28361546377065844,72.94791666666667,0.28222241829450767
0.0031578947368421,0.0223684210526315,24.1328125,0.9598026600928673,23.838862559241708,0.9407312716147531,23.567307692307693,0.9325152086603146,23.65,0.9391896196584281,23.63235294117647,0.9343977076567243,24.322916666666668,0.969227600836334
-0.0007894736842105,0.0236842105263157,14.4296875,1.0471719924752723,13.855450236966824,1.0440848295571223,13.538461538461538,1.038692796480463,13.7375,1.021569235850411,14.029411764705882,1.0910270660680668,14.135416666666666,1.062274386505487
0.0005263157894736,0.0013157894736842,0.0,,0.0,,0.0,,0.0,,0.0,,0.0,
0.0018421052631578,0.0013157894736842,0.0,,0.0,,0.0,,0.0,,0.0,,0.0,
-0.0007894736842105,0.0184210526315789,10.203125,1.0740763761648306,9.87914691943128,1.0158572435394657,9.740384615384615,0.9938202825831114,9.9125,1.0244741778148392,9.970588235294118,1.0546861173788247,10.34375,1.0543197592310811
-0.0086842105263157,0.0013157894736842,0.0,,0.0,,0.0,,0.0,,0.0,,0.0,
-0.0034210526315789,0.0078947368421052,0.0546875,,0.026066350710900472,,0.028846153846153848,,0.0,,0.022058823529411766,,0.052083333333333336,
-0.0060526315789473,0.0210526315789473,3.296875,1.089569531328248,3.0627962085308056,1.0698029510378722,2.8076923076923075,1.0140381708833226,3.075,1.0591753762883247,3.0441176470588234,1.0371438546945726,3.34375,1.1631613719379792
-0.0073684210526315,0.0144736842105263,0.25,,0.17061611374407584,0.6240451205498256,0.17307692307692307,,0.1375,,0.22794117647058823,1.0199669025651155,0.21875,
0.0018421052631578,0.0026315789473684,0.3125,0.9227904860362841,0.2565165876777251,0.7420000235829425,0.25961538461538464,0.5320126786901964,0.25,0.4160678018012708,0.33088235294117646,1.0201917699336753,0.375,0.6573133795883819
-0.0086842105263157,0.0210526315789473,1.4140625,0.9982686795233275,1.1741706161137442,0.9414164139304996,1.0673076923076923,0.8402565080718998,1.175,0.9625989529351944,1.2058823529411764,0.9999903860618854,1.3020833333333333,0.8618104773255123
-0.0021052631578947,0.0184210526315789,7.421875,1.0978569967782663,7.014810426540285,1.0413518922851752,6.903846153846154,1.0156266900219326,6.975,1.052182534045349,7.0588235294117645,1.0703201806752114,7.46875,1.030913856443843
0.0018421052631578,0.0171052631578947,16.640625,0.9405860910961292,16.167061611374407,0.9322531410572223,16.0,0.9167614937452349,15.9375,0.9376436580707466,16.25,0.9436032646047771,16.541666666666668,0.9495498186781632
-0.0047368421052631,0.0078947368421052,0.015625,,0.002962085308056872,,0.009615384615384616,,0.0,,0.007352941176470588,,0.0,
0.0071052631578947,0.0105263157894736,35.875,0.578420657230467,35.90165876777251,0.5788550215011059,35.68269230769231,0.5895910925421869,35.75,0.5754744593563915,35.794117647058826,0.600229335404277,35.96875,0.5815335623373687
0.0031578947368421,0.0144736842105263,18.90625,0.864801704629644,18.834123222748815,0.8514800457101291,18.567307692307693,0.8380741313296617,18.625,0.8393174419003347,18.816176470588236,0.8630792992544258,19.28125,0.8720357075691418
0.0084210526315789,0.025,41.5859375,0.8030523330416766,41.36611374407583,0.8065280703554973,40.97115384615385,0.809124344074308,41.0,0.837066746068927,40.93382352941177,0.8318604133551506,41.697916666666664,0.8219200990134595
0.0057894736842105,0.0118421052631578,29.578125,0.6833446666020295,29.03436018957346,0.6818200684991195,28.951923076923077,0.6835045638503066,28.725,0.6969254331616702,28.941176470588236,0.7001224729831493,29.395833333333332,0.7016575353999706
0.0018421052631578,0.0157894736842105,15.5625,0.9189541614411648,15.138033175355451,0.9178553742944866,15.009615384615385,0.9007114226323255,15.1,0.915260554247584,15.191176470588236,0.9390366755825442,15.614583333333334,0.9252973325000222
0.0005263157894736,0.0039473684210526,0.0859375,,0.057464454976303314,,0.04807692307692308,,0.0625,,0.058823529411764705,,0.08333333333333333,
0.0005263157894736,0.0157894736842105,11.546875,0.9756013342765589,11.058649289099526,0.9604463136300315,10.942307692307692,0.9496215672299884,10.9125,0.9565351959453497,11.132352941176471,1.0080636021623741,11.53125,0.9639750295102373
-0.01,0.006578947368421,0.0,,0.0,,0.0,,0.0,,0.0,,0.0,
0.0018421052631578,0.0078947368421052,7.5078125,0.9208516370863679,7.213270142180095,0.844798418619012,7.173076923076923,0.8442175692964108,7.25,0.8498198134318317,7.345588235294118,0.865933680740792,7.604166666666667,0.8783128052111411
0.0005263157894736,0.006578947368421,1.8125,0.8577977587709786,1.632701421800948,0.8476241172324156,1.4230769230769231,0.7255910435783278,1.6125,0.8698933059313656,1.625,0.8831610994068497,1.7291666666666667,0.8243107900674959
-0.01,0.0236842105263157,1.6171875,1.0855559926717355,1.349526066350711,0.9833113695293981,1.1730769230769231,0.8853003261435183,1.3125,1.0157893871640302,1.3897058823529411,1.0269236604701708,1.4895833333333333,0.917776615758882
0.0071052631578947,0.006578947368421,37.4296875,0.4229654791957198,37.443127962085306,0.4241539491045596,37.14423076923077,0.4288550120978528,37.275,0.4251568116341666,37.36029411764706,0.427518214884135,37.427083333333336,0.4261522069272492
0.015,0.0236842105263157,62.921875,0.6057185205830549,62.398696682464454,0.6116309443758213,62.58653846153846,0.6181756281366059,61.8,0.6139071655849642,62.5514705882353,0.6221313515292376,62.53125,0.6190839150963506
-0.0034210526315789,0.0210526315789473,6.9453125,1.0956546802329594,6.588270142180095,1.0755153213909847,6.4423076923076925,1.0886845284705804,6.5375,1.0517678539171693,6.617647058823529,1.0806898195120056,7.125,1.0695751158825517
-0.0034210526315789,0.0131578947368421,1.609375,0.9476894883180448,1.412914691943128,0.9097742544451572,1.2884615384615385,0.7581254516891346,1.475,0.8738987998004049,1.4264705882352942,0.9274049621297384,1.5520833333333333,0.8464729640025769
0.0044736842105263,0.0197368421052631,27.0078125,0.8879376205370647,26.670616113744074,0.8716365365494768,26.46153846153846,0.8779620927373397,26.5875,0.873679824773703,26.852941176470587,0.8610022554145008,27.322916666666668,0.8892651058169379
-0.0034210526315789,0.0171052631578947,3.96875,1.0528095795135706,3.8127962085308056,1.03211884224584,3.644230769230769,1.0133937099593813,3.875,0.9671361937380503,3.8308823529411766,1.00212515108281,4.3125,1.0188128717556058
0.0071052631578947,0.0131578947368421,35.53125,0.6406018690090196,35.394549763033176,0.6530247721709206,35.15384615384615,0.6574486460309152,35.1625,0.6522043962326576,35.286764705882355,0.670393199837075,35.760416666666664,0.6546686788373252
-0.0047368421052631,0.0157894736842105,1.8671875,0.9625350417483963,1.617298578199052,0.9447190545102762,1.4711538461538463,0.772468677818158,1.6125,0.9198476668179799,1.588235294117647,0.9654423262758599,1.7291666666666667,0.9182308111977173
0.0044736842105263,0.0184210526315789,26.34375,0.8750780221298543,26.053317535545023,0.8555966409789784,25.903846153846153,0.8606687344076741,25.975,0.8569501105161906,26.110294117647058,0.8453016105522327,26.677083333333332,0.8704011426923199
0.0136842105263157,0.0171052631578947,61.703125,0.5167879014451411,61.45675355450237,0.5250552461590439,61.32692307692308,0.5299476148766168,61.05,0.5220270336316528,61.38235294117647,0.5276781979956576,61.729166666666664,0.5292221651544605
-0.0086842105263157,0.0118421052631578,0.015625,,0.00533175355450237,,0.009615384615384616,,0.0,,0.007352941176470588,,0.020833333333333332,
-0.0034210526315789,0.0197368421052631,6.0625,1.0796015470226574,5.670023696682464,1.06048887351864,5.6923076923076925,1.0647097655187125,5.5625,1.1014064536313437,5.705882352941177,1.0636564762089886,6.135416666666667,1.0949710696204809
0.0044736842105263,0.0131578947368421,23.5703125,0.7910002128908391,23.39751184834123,0.7763908739611257,23.25,0.7846676888915068,23.125,0.7754945294385196,23.323529411764707,0.7658667282348779,23.802083333333332,0.7944426361974818
0.0110526315789473,0.0157894736842105,52.171875,0.5684735909935483,51.95201421800948,0.5683519120140531,51.75,0.5767143185908407,51.6875,0.56612329985897,51.669117647058826,0.5852810985752805,52.020833333333336,0.5760493644174369
-0.0086842105263157,0.0131578947368421,0.0390625,,0.02014218009478673,,0.028846153846153848,,0.0,,0.022058823529411766,,0.041666666666666664,
0.0005263157894736,0.0144736842105263,10.203125,0.985265122006279,9.867298578199053,0.9553254486052578,9.60576923076923,0.9107200185498303,9.8625,0.9504256542964225,9.882352941176471,0.987075375472502,10.135416666666666,0.9690519068504386
-0.0073684210526315,0.0,0.0,,0.0,,0.0,,0.0,,0.0,,0.0,
0.0097368421052631,0.0039473684210526,53.6171875,0.19393510065562863,53.50059241706161,0.19249175290126416,53.47115384615385,0.189196202053791,53.525,0.19440327714951927,53.56617647058823,0.19418252142187153,53.666666666666664,0.19601544772739343
0.0110526315789473,0.0184210526315789,50.953125,0.6219012395433214,50.807464454976305,0.6224688778715171,50.58653846153846,0.6318289870945205,50.4875,0.6220994276514025,50.529411764705884,0.6394628195570234,50.885416666666664,0.625265337962543
-0.0060526315789473,0.0092105263157894,0.015625,,0.0035545023696682463,,0.009615384615384616,,0.0,,0.007352941176470588,,0.0,
-0.0007894736842105,0.0131578947368421,5.75,0.9951519912514166,5.296800947867299,0.9702784856223877,5.259615384615385,0.9838477491563455,5.2375,1.0040482702315894,5.257352941176471,0.9739872325007274,5.71875,1.0032406164078604
0.0123684210526315,0.025,53.90625,0.6928055120514871,53.70201421800948,0.6953347416633764,53.61538461538461,0.7046314153172132,53.5,0.6933699623645719,53.5514705882353,0.709360791562693,54.010416666666664,0.7049362875816931
0.0044736842105263,0.025,29.4765625,0.9479591187893032,29.046208530805686,0.9282352005502196,28.89423076923077,0.9324147791683202,29.1,0.93665932639041,29.205882352941178,0.9191691454909631,29.916666666666668,0.9457660569538376
-0.0007894736842105,0.0,0.0,,0.0,,0.0,,0.0,,0.0,,0.0,
-0.0086842105263157,0.0197368421052631,0.9296875,0.9894543153297832,0.8098341232227488,0.9190150471955358,0.7115384615384616,0.749249058237758,0.675,0.9882570472931265,0.8382352941176471,0.9539564188508407,0.90625,0.9010592839453808
0.0097368421052631,0.0184210526315789,45.796875,0.667909825672907,45.817535545023695,0.6649694672944603,45.58653846153846,0.6744404020310816,45.825,0.6625170842537194,45.720588235294116,0.6848034176679768,46.145833333333336,0.6687264469799655
-0.0060526315789473,0.0131578947368421,0.2578125,,0.21860189573459715,0.9285276507019791,0.20192307692307693,0.5127317739989823,0.175,0.4158189814323371,0.29411764705882354,1.0993378295298721,0.3020833333333333,0.6928986917960089
0.0136842105263157,0.0131578947368421,64.734375,0.4237068998436258,64.5781990521327,0.4274082885059507,64.61538461538461,0.4289318553826711,64.1,0.4287280076769422,64.68382352941177,0.43070180046812345,64.6875,0.4350935159275884
0.0123684210526315,0.0092105263157894,62.4921875,0.3393443799347514,62.328791469194314,0.34096214887872067,62.32692307692308,0.3397007568573956,61.975,0.3451678063429625,62.39705882352941,0.3431223303551777,62.583333333333336,0.349132986436538
0.0136842105263157,0.0210526315789473,59.65625,0.6005172813901112,59.21327014218009,0.5993847579737934,58.91346153846154,0.607370789157462,58.9375,0.5966755574051923,59.286764705882355,0.6111135852583106,59.489583333333336,0.610241195723709
0.0097368421052631,0.0236842105263157,45.546875,0.7436441506036268,45.51658767772512,0.7490168510923849,45.11538461538461,0.758133328360639,45.25,0.7465177723541764,45.36029411764706,0.7703548089562289,45.833333333333336,0.7606680631816739
-0.0021052631578947,0.0092105263157894,0.5703125,0.8650608730643667,0.5497630331753555,0.7903214408199589,0.49038461538461536,0.5824271201790744,0.4375,0.9436533465598411,0.5441176470588235,0.8813135636708199,0.6458333333333334,0.7622201816285701
0.0057894736842105,0.0223684210526315,32.515625,0.861424358308301,32.22452606635071,0.8573059254614752,32.07692307692308,0.8503659153816826,31.9625,0.8721431025140264,32.161764705882355,0.8590147709689174,32.5625,0.8882827557722054
0.015,0.0013157894736842,76.859375,0.039869582057556474,76.85011848341232,0.040814387418686766,76.83653846153847,0.04220372622408372,76.825,0.03955604998903593,76.82352941176471,0.0463172460113916,76.875,0.039646574271450054
0.0110526315789473,0.0118421052631578,54.53125,0.4635911839202059,54.524289099526065,0.46589301248509757,54.35576923076923,0.47040725609993406,54.3375,0.46510996091561585,54.419117647058826,0.4702527242406058,54.78125,0.4713834920725288
0.0031578947368421,0.0026315789473684,8.2421875,0.6058811157496119,7.9336492890995265,0.5926090898856146,7.865384615384615,0.5733023750482151,7.8625,0.6122413854197623,7.823529411764706,0.629242020766987,8.114583333333334,0.5938421221152526
-0.0047368421052631,0.0092105263157894,0.0546875,,0.024881516587677725,,0.028846153846153848,,0.0,,0.022058823529411766,,0.041666666666666664,
-0.0007894736842105,0.0118421052631578,4.2578125,0.9471820971547751,4.055687203791469,0.9563056105806138,3.8653846153846154,0.9531868521601682,4.125,0.9241288691476177,4.0661764705882355,0.940217966696129,4.583333333333333,0.9639527511134295
0.0136842105263157,0.0118421052631578,65.890625,0.3840606958888252,65.72334123222748,0.3903164922784737,65.57692307692308,0.39099992932883343,65.45,0.3905035610864112,65.88970588235294,0.39080695619932915,65.77083333333333,0.3950543587402626
-0.0073684210526315,0.0092105263157894,0.0078125,,0.0005924170616113745,,0.0,,0.0,,0.0,,0.0,
0.0097368421052631,0.0,54.625,0.012046366871035243,54.62381516587678,0.012234659658744455,54.625,0.0121131892121121,54.625,0.012053236151007451,54.625,0.012093979965054385,54.625,0.012062244596063048
0.0097368421052631,0.0131578947368421,47.7890625,0.544477603584347,47.562203791469194,0.5463754963248223,47.61538461538461,0.5506815439373721,47.375,0.5481833074967357,47.60294117647059,0.5655352128952389,47.90625,0.5556275391092064
-0.0047368421052631,0.025,7.5703125,1.1473447690631666,7.092417061611374,1.1179878612933043,6.971153846153846,1.137974229358046,7.0375,1.0991584658408855,7.169117647058823,1.1342868387432483,7.635416666666667,1.1018103494105065
0.0097368421052631,0.0118421052631578,48.5,0.5099584137640223,48.36255924170616,0.5109362667963547,48.38461538461539,0.5205350345790738,48.1,0.5135075598569327,48.36764705882353,0.5239460079849918,48.65625,0.5221425727609279
0.0057894736842105,0.0,30.875,0.016341878436400406,30.872037914691944,0.01759011819339583,30.875,0.016280242503685226,30.875,0.01631004128337129,30.860294117647058,0.020683180476074148,30.875,0.01628824409394445
0.0005263157894736,0.0118421052631578,7.6484375,0.9841177992707337,7.264218009478673,0.9311059822600884,7.134615384615385,0.9200140957978272,7.2125,0.9498603027980458,7.257352941176471,0.9353042924629558,7.697916666666667,0.9483670900789524
0.0071052631578947,0.0210526315789473,36.59375,0.7893509011104354,36.302725118483416,0.7952012595673377,35.81730769230769,0.7990970716706385,35.85,0.812115494865935,36.1985294117647,0.818137405010524,36.6875,0.8104744284702162
0.015,0.0,77.0,0.00976105218595316,76.99229857819905,0.010702335537136263,76.98076923076923,0.010512742535030952,77.0,0.009686551266320667,76.99264705882354,0.009715585714687572,76.95833333333333,0.018186988610871403
0.0044736842105263,0.0092105263157894,21.7265625,0.701569653244493,21.528436018957347,0.6913951917559132,21.53846153846154,0.6970349885248914,21.425,0.6939384371779863,21.455882352941178,0.680123776888207,21.90625,0.7107349843373746
-0.0021052631578947,0.0223684210526315,10.4375,1.1331555337885986,10.040284360189574,1.0652786545477302,9.85576923076923,1.0577826756296722,9.875,1.059796172592017,10.125,1.0924652667295656,10.604166666666666,1.0961000744379525
0.0057894736842105,0.0157894736842105,30.4921875,0.7731392574133783,29.987559241706162,0.7626173748034685,29.98076923076923,0.7472904635644467,29.95,0.7765103033401757,29.897058823529413,0.7697294651219373,30.416666666666668,0.786608172567609
0.0084210526315789,0.0144736842105263,41.21875,0.6297567365771388,41.17890995260664,0.6279096947662531,40.75,0.6356992981041356,41.0125,0.6322192889709441,41.11029411764706,0.6542586450503745,41.322916666666664,0.6396558585611563
-0.0086842105263157,0.025,2.765625,1.1245886505666012,2.6214454976303316,1.0925593708555599,2.3846153846153846,1.0006176254088308,2.6,1.0856929392984638,2.6323529411764706,1.0354620720968026,2.8333333333333335,1.1223978418699996
0.0071052631578947,0.0223684210526315,36.828125,0.8088144685206597,36.601303317535546,0.813338293341501,35.98076923076923,0.8162242462535045,36.225,0.8358733958341557,36.51470588235294,0.8331583970916208,37.020833333333336,0.8377324238872877
0.0044736842105263,0.0171052631578947,25.734375,0.8561090628832111,25.408175355450236,0.8382837191145965,25.201923076923077,0.8415079043361395,25.35,0.8425261490704757,25.49264705882353,0.8297550678307891,25.854166666666668,0.8514962679785795
0.0057894736842105,0.006578947368421,29.4296875,0.4979626734581064,29.25059241706161,0.49895383842743757,29.26923076923077,0.5044888863714099,28.925,0.49263787914314056,29.21323529411765,0.5155387808277332,29.489583333333332,0.5030369744016776
0.0123684210526315,0.0039473684210526,65.890625,0.14696739516853374,65.74052132701422,0.14676044090055065,65.79807692307692,0.14592038422675943,65.6625,0.14724315088405907,65.7279411764706,0.14828171715443475,65.89583333333333,0.14729236356854286
-0.01,0.0223684210526315,1.1171875,1.03187606884359,0.9727488151658767,0.9239510131705235,0.8173076923076923,0.7740270470690322,0.8875,0.982509100697087,0.9779411764705882,0.9796138878950843,1.0729166666666667,0.8479581429050715
-0.0060526315789473,0.0013157894736842,0.0,,0.0,,0.0,,0.0,,0.0,,0.0,
0.0005263157894736,0.0197368421052631,14.890625,0.9956010664542375,14.309834123222748,0.9923421000219818,14.038461538461538,0.9892092762646858,14.3,0.9722767971648185,14.411764705882353,1.0121435922679631,14.614583333333334,0.9993593100949187
-0.0060526315789473,0.0105263157894736,0.046875,,0.0231042654028436,,0.028846153846153848,,0.0,,0.022058823529411766,,0.041666666666666664,
0.0123684210526315,0.0105263157894736,61.5,0.38165375510063915,61.28732227488152,0.38519591858534225,61.21153846153846,0.3837668522671793,60.9125,0.3879518033547145,61.279411764705884,0.3883370850471247,61.65625,0.3923097699036393
0.0031578947368421,0.0092105263157894,14.8046875,0.782176365887312,14.687203791469194,0.777082396556743,14.586538461538462,0.7657747960318898,14.475,0.7756345913779297,14.698529411764707,0.7899214110699893,14.791666666666666,0.7983922684574835
0.0097368421052631,0.0105263157894736,49.3671875,0.465456110697422,49.23696682464455,0.46989738160424116,49.22115384615385,0.47761405442803817,49.0875,0.4696739211366273,49.25735294117647,0.47857444859404635,49.4375,0.47816627914130533
-0.0007894736842105,0.0078947368421052,0.9453125,0.852587163269796,0.8827014218009479,0.8012099741610382,0.7788461538461539,0.6914046585338534,0.725,0.7273273383289021,0.875,0.8539326252303364,0.9166666666666666,0.6931185097349982
0.0110526315789473,0.0078947368421052,57.421875,0.3308724008088383,57.432464454976305,0.32978930601448947,57.29807692307692,0.32787731319270275,57.2,0.33141759748897914,57.529411764705884,0.33091196743503853,57.53125,0.33947401954591144
0.0018421052631578,0.0197368421052631,18.5234375,0.9737528404787034,18.153436018957347,0.9602801678368222,17.778846153846153,0.9399213537206799,18.05,0.952983743548146,18.198529411764707,0.9671805085234643,18.760416666666668,0.994071889169417
0.0057894736842105,0.0184210526315789,31.21875,0.8087638476234126,30.848933649289098,0.8052104606907061,30.682692307692307,0.7925095891461703,30.5375,0.8210772318060997,30.705882352941178,0.8091677432211702,31.4375,0.8335017854769049
-0.0060526315789473,0.0144736842105263,0.484375,1.0209935616162717,0.4656398104265403,0.7921533264323701,0.4423076923076923,0.6352234003118256,0.3875,0.7401148714138895,0.49264705882352944,1.020218245434874,0.5416666666666666,0.78420725647443
-0.0073684210526315,0.0197368421052631,1.7109375,1.0085489049868481,1.4389810426540284,0.9634612176552988,1.3076923076923077,0.767535898404911,1.525,0.9361744557243936,1.4558823529411764,0.9931581486851219,1.59375,0.9244120414838579
0.0057894736842105,0.0105263157894736,29.3984375,0.6485921721418474,28.875,0.6478469460349687,28.91346153846154,0.6447461564655851,28.5,0.6651650906018218,28.83823529411765,0.6694036479757779,29.145833333333332,0.6634364489491317
0.0018421052631578,0.0052631578947368,3.8125,0.8216292854668741,3.664691943127962,0.8420898813783297,3.5673076923076925,0.8350082573540699,3.7125,0.8262388218809604,3.6838235294117645,0.8323112215674374,3.9583333333333335,0.8606757537100655
0.0031578947368421,0.0118421052631578,17.0703125,0.830476516552471,16.807464454976305,0.8173579038080073,16.721153846153847,0.8060163357760298,16.6375,0.8166387486593252,16.78676470588235,0.8252720752706654,17.114583333333332,0.8438520487600817
0.0110526315789473,0.0,61.0,0.01147391011027123,60.98874407582938,0.014396552501483053,60.99038461538461,0.016010458380217814,61.0,0.013923502599907073,61.0,0.012841795675372289,61.0,0.011357166104373003
-0.0021052631578947,0.0,0.0,,0.0,,0.0,,0.0,,0.0,,0.0,
-0.0086842105263157,0.0,0.0,,0.0,,0.0,,0.0,,0.0,,0.0,
0.0044736842105263,0.0223684210526315,28.4140625,0.9189834551964282,27.88921800947867,0.9011441593768365,27.60576923076923,0.9047699704555403,27.925,0.9079464396717862,28.029411764705884,0.8937573285050069,28.6875,0.9181906544103992
0.0031578947368421,0.0,5.5,0.11387951244724563,5.5,0.11385568286329757,5.5,0.11384447234160675,5.5,0.11385442969021242,5.5,0.11387317964528461,5.5,0.11386419804804271
-0.01,0.0131578947368421,0.015625,,0.0071090047393364926,,0.009615384615384616,,0.0,,0.007352941176470588,,0.020833333333333332,
-0.0007894736842105,0.0039473684210526,0.0078125,,0.0005924170616113745,,0.0,,0.0,,0.0,,0.0,
