ou_mean,ou_std,ITP4_V_num_-200_0,ITP4_V_mean_-200_0,ITP4_V_median_-200_0,ITP4_V_num_-200_-70,ITP4_V_mean_-200_-70,ITP4_V_median_-200_-70,ITP4_V_num_-70_-50,ITP4_V_mean_-70_-50,ITP4_V_median_-70_-50,ITP4_V_num_-50_0,ITP4_V_mean_-50_0,ITP4_V_median_-50_0
0.0123684210526315,0.0147368421052631,316303,-68.95288389875384,-69.8227087062251,155839,-77.37673747789958,-76.32639606359879,145827,-63.19027457942464,-64.1531654754892,14637,-36.677083617912395,-42.07290113708587
-0.0035526315789473,0.0157894736842105,319948,-91.00078019052941,-90.96695411084417,312555,-91.60021427557426,-91.27532039692186,7259,-66.23788572781226,-67.21480354136068,134,-34.26742536725277,-39.255144680259534
0.006578947368421,0.0052631578947368,319996,-72.6464946664593,-72.64037516553438,246223,-74.08182006689199,-73.71878919966689,73773,-67.85598694587402,-68.33052585619966,0,,
0.006578947368421,0.0031578947368421,319996,-72.72376014643267,-72.7159910859699,286860,-73.16036363516382,-73.00218392477603,33136,-68.94406203026239,-69.17648158305839,0,,
0.0036842105263157,0.0073684210526315,319996,-78.46078948418268,-78.43688172123939,304566,-78.99694480240196,-78.74486334787035,15430,-67.87785489903875,-68.40831079341436,0,,
0.0036842105263157,0.0189473684210526,318705,-80.06948801669282,-80.25988477175359,254403,-84.63340421836573,-83.52038819464964,59786,-63.979087764754155,-65.06839315703358,4516,-35.98328252692688,-41.21856444094773
0.0094736842105263,0.0136842105263157,317700,-71.30826703243049,-72.0360239559557,185726,-77.88788407554203,-76.95381236438665,123568,-63.792976352944294,-64.81689107886771,8406,-36.409799715491445,-41.91300882502328
0.0051315789473684,0.0031578947368421,319996,-75.6849416190047,-75.67564936550427,318688,-75.71142035132064,-75.68731749182389,1308,-69.23352400104187,-69.39510661999473,0,,
0.0225,0.0094736842105263,317422,-41.37354816155818,-33.539895875583525,10678,-72.74457360918379,-72.10607543141288,80629,-61.279179072914225,-61.73646375769318,226115,-32.79406018207219,-32.49322924419896
0.0196052631578947,0.0094736842105263,316867,-44.886985517183795,-34.721286570707875,19834,-72.95827272518463,-72.33190918313184,101691,-62.15280485308745,-62.75070340908175,195342,-33.04854655080243,-32.76848022236834
0.0080263157894736,0.0063157894736842,319832,-69.87060400000183,-69.93732514297676,158213,-73.61188320218346,-73.06947511075614,161097,-66.30667276770221,-66.96025344790523,522,-35.80857969924552,-40.871658283093566
-0.0021052631578947,0.0084210526315789,319996,-89.17179831117691,-89.14253260094381,319855,-89.18089738304975,-89.14583693427554,141,-68.53077963107484,-68.96866062148514,0,,
-0.0006578947368421,0.0157894736842105,319860,-86.30997012931493,-86.30953860605933,299800,-87.73665395907933,-87.16832858573471,19652,-65.62101975007616,-66.52963592857644,408,-34.494873779919146,-39.49582142807385
0.0196052631578947,0.0189473684210526,312766,-62.771638202992655,-65.2885048532307,104643,-76.85245047306721,-75.67548944682268,158466,-61.97387783346396,-62.63638529265438,49657,-35.64473678607916,-37.34502270323458
-0.0021052631578947,0.011578947368421,319996,-88.93455931624712,-88.8984928818102,317657,-89.0952414794119,-88.96728328246898,2339,-67.11249266193424,-68.05190486536873,0,,
0.0109210526315789,0.0021052631578947,319910,-63.482559826665,-63.491453970126024,4661,-73.99039276422107,-74.24979683474271,314957,-63.352229036032064,-63.462334899665045,292,-36.33045538634152,-41.78520889385443
0.0138157894736842,0.0157894736842105,315481,-67.45992788861028,-68.94080461814147,144600,-77.38272358157889,-76.31533652334556,147064,-62.81197857493991,-63.690619699554986,23817,-35.91564274196508,-38.26994345377733
0.0210526315789473,0.0147368421052631,312318,-60.90229474802043,-63.55905405473289,71117,-74.6960842436792,-73.7867530123661,193521,-62.005636881325614,-62.70250958985104,47680,-35.85001285745589,-37.16775973553726
-0.0021052631578947,0.0178947368421052,319803,-88.62034165735491,-88.62401734770205,300855,-90.15787009381262,-89.52388357161406,18352,-65.1524066607375,-66.1136872660789,596,-35.11434385105768,-40.18165820405898
0.0022368421052631,0.02,318908,-82.33208496046156,-82.45841905970619,265671,-86.3787489535948,-85.24004778750621,49479,-64.14843902578805,-65.34926109013243,3758,-35.665599458070716,-40.68233771022467
-0.0035526315789473,0.0021052631578947,319996,-91.90389171804851,-91.89496532816429,319996,-91.90389171804851,-91.89496532816429,0,,,0,,
-0.005,0.0042105263157894,319996,-94.07862999213758,-94.06042070336628,319996,-94.07862999213758,-94.06042070336628,0,,,0,,
-0.005,0.0010526315789473,319996,-94.20643098736578,-94.20144573775059,319996,-94.20643098736578,-94.20144573775059,0,,,0,,
-0.0021052631578947,0.0147368421052631,319947,-88.7346333828309,-88.70608995160053,310474,-89.43122369847963,-89.07704271276769,9341,-66.34894026935144,-67.24691457043158,132,-34.428403930507,-39.23346025941885
-0.0035526315789473,0.0105263157894736,319996,-91.39501154316797,-91.35468362788666,319505,-91.43089692798745,-91.36883609382772,491,-68.04356576566302,-68.73414453156005,0,,
0.006578947368421,0.0042105263157894,319996,-72.68812653714907,-72.67904786443877,263669,-73.59773564561551,-73.33362054710673,56327,-68.4302089484219,-68.78321086681571,0,,
-0.0006578947368421,0.0126315789473684,319967,-86.40264819099046,-86.3789029780744,311025,-86.9758519090261,-86.67322437393413,8856,-66.7724776500499,-67.55159133364717,86,-34.82246108099996,-39.87895593171781
0.0210526315789473,0.0031578947368421,313941,-59.20016327764326,-61.253841039301385,660,-70.95876966031449,-70.83565946676441,290384,-60.93121193773067,-61.71864058000802,22897,-36.90774443135836,-42.33234747415784
0.0051315789473684,0.0052631578947368,319996,-75.61501811610363,-75.59940705376447,300452,-76.08260696538295,-75.8774625147351,19544,-68.42672478087711,-68.7976628334394,0,,
-0.0006578947368421,0.0094736842105263,319996,-86.59370458651001,-86.56430658477758,318533,-86.6808024832102,-86.60281983947924,1463,-67.63023614522616,-68.14937487427102,0,,
0.0007894736842105,0.0010526315789473,319996,-84.36042311947317,-84.35695016988018,319996,-84.36042311947317,-84.35695016988018,0,,,0,,
0.0036842105263157,0.0,319996,-78.72630961773373,-78.72631021319074,319996,-78.72630961773373,-78.72631021319074,0,,,0,,
-0.005,0.0052631578947368,319996,-94.02312911651026,-94.001196927471,319996,-94.02312911651026,-94.001196927471,0,,,0,,
-0.005,0.0084210526315789,319996,-93.8221412850148,-93.79092743392303,319987,-93.82281705337725,-93.79144126614601,9,-69.7957978408642,-69.79021054037963,0,,
0.0080263157894736,0.0,319996,-69.86004463779685,-69.86004601714527,0,,,319996,-69.86004463779685,-69.86004601714527,0,,
0.0123684210526315,0.02,315508,-70.39715684718679,-71.31961871726907,171985,-79.88213325928979,-78.58835086352603,123752,-62.65419301168836,-63.484619529903,19771,-36.35404280819357,-41.230869981421506
0.0051315789473684,0.0021052631578947,319996,-75.71900536817951,-75.71300222451033,319978,-75.71933909810404,-75.71310015657383,18,-69.78643682411793,-69.75929561857089,0,,
0.0022368421052631,0.0084210526315789,319996,-81.26781015563888,-81.23885207359913,311689,-81.62705947257504,-81.43052724946776,8307,-67.78832774965346,-68.33718603601602,0,,
0.0167105263157894,0.0189473684210526,313793,-66.24656090006694,-67.9108605218339,132523,-77.58718706126126,-76.255369604658,150608,-62.325401738243755,-63.15526458437297,30662,-36.49195057731933,-40.742690365122
0.0094736842105263,0.011578947368421,318112,-70.41104150729984,-70.99380220697515,173649,-76.8272839197282,-76.05830797705897,137776,-63.97117874065968,-64.90627989156616,6687,-36.477207779296045,-41.93777659774503
-0.0006578947368421,0.0052631578947368,319996,-86.8452877801591,-86.827676337592,319996,-86.8452877801591,-86.827676337592,0,,,0,,
0.0196052631578947,0.0031578947368421,314669,-60.48080398651337,-62.52115224733872,1266,-70.48960307999087,-70.37505844665556,293708,-62.024448797257364,-62.92022483711229,19695,-36.81733763838727,-42.22069834291065
0.0109210526315789,0.0042105263157894,319094,-65.2976708678356,-64.8964643005018,54276,-73.96562276482315,-73.78535197460273,261693,-63.84663358759442,-64.09383055187152,3125,-36.26232424935787,-41.65839985031347
0.0167105263157894,0.02,313784,-66.32734229058899,-68.09847871077801,135537,-78.08851345742359,-76.74013569017252,144708,-62.32124167944555,-63.14023634500006,33539,-36.08317731244648,-39.54133291557369
0.0152631578947368,0.0094736842105263,315892,-64.9143108143584,-66.10014427323462,92740,-73.98451195589628,-73.30913686944216,207542,-62.96642345599583,-63.75002167320266,15610,-36.925712753055365,-42.522414333827314
0.0036842105263157,0.0063157894736842,319996,-78.50431036553611,-78.4828025091368,311823,-78.77013408274915,-78.6256444193504,8173,-68.36238586137536,-68.74910578917667,0,,
0.0152631578947368,0.0042105263157894,316417,-63.794606776873714,-65.1337722850999,63149,-71.97874563653254,-71.64552436843631,240239,-63.10660570218146,-63.70916101429046,13029,-36.81360327195378,-42.317752396886995
0.0123684210526315,0.0105263157894736,317070,-67.37214760339918,-68.21752263884365,129747,-75.2082102314701,-74.38864471908545,176442,-63.495188673242424,-64.40174199143289,10881,-36.80076351649536,-42.34371183953115
0.0181578947368421,0.0073684210526315,314844,-62.07890460511096,-63.706616493356975,42533,-72.3759499561894,-71.90150354114925,251143,-62.41537194715124,-63.15482682167191,21168,-37.397042946029266,-43.021007294629975
0.0051315789473684,0.0136842105263157,319259,-76.6291685227788,-76.79901646480602,245843,-80.41705500835664,-79.49222738728037,71001,-64.90292303235071,-65.94907736256982,2415,-35.78021564160855,-40.99311410966648
0.0152631578947368,0.0021052631578947,316527,-63.51870858868422,-64.86196514509068,59128,-71.29611089231491,-71.16899706843544,244748,-63.02784204826057,-63.43767998737273,12651,-36.665207729190065,-42.220766494298196
0.0080263157894736,0.0042105263157894,319996,-69.6911609531246,-69.70006943511471,146987,-72.20987683118155,-71.87955956915653,173009,-67.55128100024372,-67.93905770239034,0,,
0.0196052631578947,0.0084210526315789,314113,-56.22506453280599,-61.33333396018554,34368,-72.5111499633075,-71.96224548916749,200638,-62.217754846966,-62.87097524246077,79107,-33.95040384123742,-33.07769255965904
0.0210526315789473,0.0126315789473684,313738,-52.50343310365367,-58.17225764958684,40944,-73.69095579354268,-72.99138430547734,150522,-62.09206920931358,-62.852245703998044,122272,-33.60456326500741,-32.96480101604374
0.0051315789473684,0.0189473684210526,318298,-78.04124202207394,-78.25979576409244,240403,-83.40463568707537,-82.18073284888875,71479,-63.774933997431646,-64.81462871291203,6416,-36.01591534596296,-41.05525395743091
0.0007894736842105,0.011578947368421,319967,-83.8699878473954,-83.84890279002883,307163,-84.5883828568573,-84.24455584883447,12715,-66.85612398268374,-67.6254250004044,89,-35.18361423473797,-40.65529538490155
-0.0021052631578947,0.0073684210526315,319996,-89.24170116452241,-89.21552627183615,319969,-89.24343072647008,-89.2161164790447,27,-68.74517498549295,-68.64390419271346,0,,
0.0181578947368421,0.0042105263157894,315226,-61.71517926492577,-63.48136393311633,17935,-71.21299722620276,-70.95524648953757,279616,-62.678537789410164,-63.47538572482816,17675,-36.8374524011217,-42.33030164077244
0.0109210526315789,0.0010526315789473,319996,-63.53998482998587,-63.55349707379148,0,,,319996,-63.53998482998587,-63.55349707379148,0,,
0.0094736842105263,0.0084210526315789,318809,-68.98454079351534,-69.22817348095387,145097,-74.99072003272454,-74.24180411780634,169658,-64.62793369664237,-65.41589805166615,4054,-36.338921101785964,-41.68247834608383
0.0022368421052631,0.0073684210526315,319996,-81.31972672781791,-81.29370569119152,315855,-81.49045762566202,-81.37792791806835,4141,-68.2972182181472,-68.89318156105648,0,,
0.0210526315789473,0.0189473684210526,312189,-62.44452598142643,-64.68751056003615,97693,-76.48141688820525,-75.27547523782692,166674,-61.77034164752435,-62.405705152763986,47822,-36.119048508983816,-39.05270657832334
0.0007894736842105,0.0063157894736842,319996,-84.13787727121097,-84.11782680307374,319798,-84.14729279378352,-84.12115933573361,198,-68.9304768285167,-69.47294209235105,0,,
-0.0035526315789473,0.02,319764,-90.82912671094499,-90.81955389614674,301570,-92.47060914356295,-91.77324650165504,17483,-64.80157452834098,-65.85244150087912,711,-34.595424325388834,-39.47767847092616
0.0181578947368421,0.0010526315789473,315335,-61.607661155671,-63.63757950134638,28,-70.03225844052159,-70.02909515174079,297936,-63.04709120953733,-64.09731041713817,17371,-36.905921402479365,-42.42715385934694
0.0196052631578947,0.0178947368421052,312866,-62.410203458008944,-65.05400976272159,99349,-76.3906115582754,-75.29469329894123,164150,-62.00611997844527,-62.74212966808746,49367,-35.61883956749524,-37.028607641895846
0.0167105263157894,0.0031578947368421,315875,-62.701855564897635,-64.36569666920069,32648,-71.16011314087673,-70.96431066166824,268093,-63.13743155204146,-63.906024679622114,15134,-36.739118254080125,-42.284687113688186
0.0080263157894736,0.011578947368421,318717,-72.01252198677224,-72.36646768822374,195877,-77.34457921856969,-76.53156716641097,118452,-64.5191096283331,-65.53352844511204,4388,-36.27467018391015,-41.56883659544212
0.0022368421052631,0.0,319996,-81.60727098167217,-81.60727131035374,319996,-81.60727098167217,-81.60727131035374,0,,,0,,
-0.0035526315789473,0.0178947368421052,319870,-90.91149550470847,-90.8872711102157,307236,-91.98998579283518,-91.48448695032187,12268,-65.59558963671446,-66.57293526534258,366,-34.14780978244189,-38.77124840225734
0.0138157894736842,0.0084210526315789,316752,-65.67758668094872,-66.6165256751652,99344,-74.00972860059416,-73.26362762590367,205545,-63.31844963189833,-64.01743569316008,11863,-36.77768934315928,-42.29464290222447
-0.005,0.02,319858,-93.01187653290555,-92.98198795602853,306954,-94.21913762013189,-93.6423949482755,12491,-65.27810640329703,-66.26240368771721,413,-34.53464389481973,-39.31466653403906
0.0036842105263157,0.0105263157894736,319889,-78.48236218658083,-78.49170201780649,282290,-80.13501048465339,-79.58932290452383,37274,-66.3425873699443,-67.1612543988479,325,-35.31891127088606,-40.39291930239798
-0.005,0.0189473684210526,319867,-93.08369174104307,-93.06076807505488,309450,-94.04486847949352,-93.56482636705131,10057,-65.60747403820493,-66.64155573950657,360,-34.45085764089048,-39.168740761773726
0.006578947368421,0.0157894736842105,318417,-75.264019348807,-75.585636124918,225041,-80.63417427473273,-79.6065901355447,87564,-64.05431870267763,-65.07427889417201,5812,-36.21742483614823,-41.36281113678078
-0.005,0.0021052631578947,319996,-94.17048888682984,-94.160919756094,319996,-94.17048888682984,-94.160919756094,0,,,0,,
0.0181578947368421,0.0189473684210526,313359,-64.56370164223593,-66.72922555995628,119677,-77.21280313658373,-75.94631893470238,153482,-62.22951298600901,-62.963754185284486,40200,-35.818662433180094,-38.06499591770234
0.0109210526315789,0.02,315981,-72.08871761625034,-72.90737494468515,187858,-80.69185510290487,-79.34684357010204,111535,-62.92333770721682,-63.89269709227978,16588,-36.28527212469669,-41.36918994751466
0.0051315789473684,0.0147368421052631,319052,-76.91351470088098,-77.13305997822184,243776,-81.11302257553648,-80.14614274915502,71907,-64.59990881012844,-65.68959614195062,3369,-35.861341098719315,-40.80937796910715
-0.005,0.011578947368421,319996,-93.57833398893001,-93.54086423027971,319539,-93.61504399540152,-93.55469431049292,457,-67.9103279541331,-68.62862719016137,0,,
0.0022368421052631,0.0189473684210526,319101,-82.08237506239239,-82.17071580973806,267316,-85.86453448911143,-84.74317929804381,48587,-64.3228965362752,-65.48931816371059,3198,-35.75593786277628,-40.11672491683616
0.0225,0.0042105263157894,313901,-53.61039014515066,-58.44571933247383,2933,-71.28802162827054,-71.20849797262757,229338,-60.33898622311876,-60.82993089685273,81630,-34.07135718583381,-32.64424038105966
0.0123684210526315,0.0063157894736842,317598,-66.20213717583756,-66.8684229493046,105096,-73.79508174873544,-73.30267351630246,204090,-63.514154289916924,-64.14862599642433,8412,-36.55429175908318,-42.002108951088665
0.0109210526315789,0.0031578947368421,319503,-64.35947334531465,-64.05444473227942,28206,-73.78172089721156,-73.84799292770386,289576,-63.607826768580544,-63.7550841790894,1721,-36.40763990867856,-41.90773031839784
0.0094736842105263,0.0168421052631578,317111,-72.43405410659119,-73.12933907464799,194757,-79.7372512872558,-78.62299057384669,110874,-63.3438809327908,-64.36833630158571,11480,-36.32909654189058,-41.38840327532304
0.0123684210526315,0.0052631578947368,317766,-65.66460483917862,-66.00464856609459,93846,-73.52704854674707,-73.16762304286706,216122,-63.30189828583034,-63.78027366653197,7798,-36.525591443727535,-41.958147917345165
0.0225,0.0147368421052631,311986,-58.149070461707836,-61.85828484425464,58972,-74.3552776893993,-73.49426397663665,183518,-61.69808074168117,-62.296261066425316,69496,-35.02515367237364,-34.70606833740331
0.0109210526315789,0.0168421052631578,316564,-70.88012082960421,-71.66662348364397,178827,-78.93896478519584,-77.82700967159202,123266,-63.19999250873757,-64.13213312612699,14471,-36.71246203293254,-41.86830731324066
0.0138157894736842,0.0073684210526315,316857,-65.43601227198361,-66.32210347136079,92651,-73.67058575133073,-73.0703845223116,212940,-63.37717909016114,-64.0477375420853,11266,-36.629556591376854,-42.11577188678604
0.0167105263157894,0.0126315789473684,314634,-64.5540855354318,-66.07807801915706,98777,-74.87230993806838,-73.95446972884366,192620,-62.57400729006498,-63.379558291506484,23237,-37.10645545423879,-42.38667504539342
0.0022368421052631,0.0105263157894736,319967,-81.20015276424678,-81.18117021556905,300560,-82.13434373010753,-81.73704807955906,19317,-66.87858450024996,-67.60984870709639,90,-35.303457836715836,-40.599649835796555
0.0022368421052631,0.0052631578947368,319996,-81.41319097568994,-81.3954480220724,319697,-81.42472016127174,-81.39960944981266,299,-69.08594668493805,-69.41501516581702,0,,
0.006578947368421,0.011578947368421,319233,-73.88246045040563,-74.09147876134419,222161,-78.07555811586974,-77.23383607611865,94586,-65.03443697290102,-65.98951372112252,2486,-35.811816116567876,-41.058845724703446
0.0152631578947368,0.0136842105263157,315158,-65.94728222740802,-67.32614059950043,119646,-75.71255135567716,-74.70816168334736,174458,-62.74780332905197,-63.542230521201446,21054,-36.96463282722311,-42.22692692391498
0.0036842105263157,0.0126315789473684,319678,-78.71759578571279,-78.78289894222928,271443,-81.1841521089313,-80.43432945069554,47196,-65.4776305289565,-66.57219366093048,1039,-35.737761535918786,-41.097012477916216
0.0225,0.0063157894736842,315021,-47.61657493624227,-50.82190234100056,6544,-71.7664513336596,-71.22178412752615,153202,-61.36856545772527,-61.9420806564913,155275,-33.03039401196637,-32.521519538940694
-0.0021052631578947,0.0094736842105263,319996,-89.0973583131924,-89.06563145364905,319439,-89.13383735331443,-89.07895364888329,557,-68.17666154918378,-68.68773105681898,0,,
0.0138157894736842,0.0021052631578947,317244,-64.23317179551914,-64.832850680913,80816,-72.05855135869292,-72.00669168280136,226546,-62.64613961279492,-62.80592849005138,9882,-36.619320155162306,-42.095012693287764
0.0080263157894736,0.02,317079,-75.0309271507685,-75.63699036814201,213897,-82.22658844203026,-80.94181903876951,91299,-63.226730548630826,-64.30909056741625,11883,-36.20074810183795,-40.98199966348855
-0.005,0.0,319996,-94.23554826040015,-94.23554740486938,319996,-94.23554826040015,-94.23554740486938,0,,,0,,
0.0036842105263157,0.0094736842105263,319958,-78.42496950840662,-78.41490839801887,288895,-79.68227003371534,-79.21831711474495,30949,-66.848797178362,-67.55518417190818,114,-34.94358515304343,-40.02031532836308
-0.0035526315789473,0.0189473684210526,319850,-90.83753976152363,-90.81347672467538,304248,-92.19972752686832,-91.59398641002328,15152,-65.1541387161657,-66.19087974065053,450,-34.6419606696701,-39.33253457657126
-0.005,0.0073684210526315,319996,-93.8944971352205,-93.86583668355235,319996,-93.8944971352205,-93.86583668355235,0,,,0,,
0.0007894736842105,0.0105263157894736,319987,-83.90916835075602,-83.89143614803108,311373,-84.37352332020201,-84.13122329892299,8587,-67.23052388589684,-67.9092985179259,27,-33.239543107950894,-38.773535954956266
0.0181578947368421,0.0031578947368421,315282,-61.64096903447227,-63.541473732758945,9596,-70.83041059185818,-70.62074568640166,288221,-62.83281011502809,-63.72481525405871,17465,-36.92321871878079,-42.38559793942274
0.0051315789473684,0.02,318086,-78.36037751883991,-78.67586695484056,240352,-83.98345512365057,-82.67452028872307,70471,-63.55471323455681,-64.51187010261498,7263,-35.93328393578447,-40.835835944166064
0.0036842105263157,0.0157894736842105,319290,-79.30368454899666,-79.38398093093299,260865,-82.82744555624328,-81.81597671283112,56110,-64.72377966173012,-65.82100129282878,2315,-35.61148069116637,-40.73759300456654
0.0022368421052631,0.011578947368421,319928,-81.19163690222504,-81.18531286228757,295002,-82.46915065339707,-81.96836653889244,24734,-66.31727242872208,-67.15824483426125,192,-34.490695570883815,-39.100052881826244
0.0181578947368421,0.0105263157894736,315206,-57.513876950316245,-62.43470577081197,55845,-73.80754322952599,-73.07058974892804,181917,-62.501126810615666,-63.293094650044175,77444,-34.04936935516931,-33.23835404432328
0.0007894736842105,0.0147368421052631,319841,-83.83095451087,-83.85032731715687,293426,-85.53127112055178,-84.88064401543048,25927,-65.5057046671836,-66.4323609836936,488,-35.063846282940936,-40.12607522994014
0.0109210526315789,0.0126315789473684,317322,-69.53339345210742,-70.29820777801666,162888,-76.84956154531525,-75.98337514084017,144590,-63.533376404507386,-64.4422756420076,9844,-36.60231630318967,-42.14886316194092
0.0094736842105263,0.0052631578947368,319614,-67.32177598874529,-67.25751022212404,82180,-72.9775420466865,-72.13448516595724,236136,-65.52417064423715,-65.98730940924091,1298,-36.26513576467949,-41.667769245085765
0.0181578947368421,0.0063157894736842,315755,-57.47024815444412,-62.04141387986282,27527,-71.94034529840525,-71.53962250986883,223531,-62.479740150291676,-63.14256307821901,64697,-34.00555706512585,-33.08540690092881
0.0094736842105263,0.0189473684210526,316767,-73.18492215875006,-73.84519622707569,198324,-80.89815417861884,-79.7296020879626,105602,-63.20907982349641,-64.1847007840653,12841,-36.09667943458477,-41.068962545778746
-0.0006578947368421,0.0042105263157894,319996,-86.89732402997296,-86.882743804179,319996,-86.89732402997296,-86.882743804179,0,,,0,,
0.0138157894736842,0.0126315789473684,316057,-66.88070003539733,-67.9368744093493,127476,-75.85261538112728,-74.94936634246278,172733,-63.01198316909873,-63.83043677036136,15848,-36.88014412008244,-42.46188661773198
0.0225,0.0021052631578947,313149,-57.54513921593261,-59.610041418715184,354,-71.17329228185766,-70.75177570904481,286691,-59.41527813211846,-60.15544631827715,26104,-36.821251604624635,-42.22389989787571
0.006578947368421,0.0189473684210526,317765,-76.30668312128857,-76.78039221334919,226780,-82.4907602502764,-81.22066314103066,82760,-63.38093511565276,-64.34825741674072,8225,-35.858037970476396,-40.978784637618176
0.0022368421052631,0.0178947368421052,319234,-81.94803551296908,-82.00221870296195,270682,-85.32420897670228,-84.27693098166088,46101,-64.58644967391734,-65.70313023839195,2451,-35.64737588665321,-40.80135055300218
0.0210526315789473,0.02,312154,-62.22996621105455,-64.68243110806277,98052,-76.84852436522803,-75.62911725266062,162325,-61.823263882341784,-62.55717829779215,51777,-35.821311622632734,-38.14787734576144
0.0210526315789473,0.0010526315789473,314113,-59.251122816783806,-61.508145297298874,0,,,292488,-60.919324476015326,-61.987021874657856,21625,-36.6879335957292,-42.05404154452222
-0.0021052631578947,0.0063157894736842,319996,-89.30680711856546,-89.28381050697624,319996,-89.30680711856546,-89.28381050697624,0,,,0,,
0.0022368421052631,0.0126315789473684,319869,-81.22666495729246,-81.23427355525439,289422,-82.87723670712721,-82.28763678136441,30076,-65.91635904382107,-66.76604817779781,371,-34.76031367127194,-39.95126006913562
0.0138157894736842,0.0010526315789473,317253,-64.12748149355133,-64.7909198234275,80341,-71.95667550433254,-72.04260849608154,227021,-62.55502583109521,-62.698486011376055,9891,-36.62522499029388,-42.15904827902496
-0.0035526315789473,0.0084210526315789,319996,-91.55361126531936,-91.52077106436957,319967,-91.55571788595029,-91.5215375677736,29,-68.31053942327769,-68.21978813753299,0,,
-0.005,0.0031578947368421,319996,-94.12783013744887,-94.11392584892799,319996,-94.12783013744887,-94.11392584892799,0,,,0,,
0.0210526315789473,0.011578947368421,313704,-55.422387774318686,-60.56084428328656,43028,-73.36858133517218,-72.69382935062401,179637,-62.009766136069814,-62.590678133435404,91039,-33.94230008325999,-33.07991530914929
0.0080263157894736,0.0031578947368421,319996,-69.74568685800052,-69.7447108114524,145212,-71.64462855342131,-71.3997037127473,174784,-68.16803031349156,-68.44725938403418,0,,
0.0094736842105263,0.0073684210526315,319068,-68.43705022948204,-68.48095495856887,128377,-74.50277024171001,-73.69598479114786,187550,-64.8271752368864,-65.55754914977291,3141,-36.069370144006164,-41.50600180984229
0.0196052631578947,0.0157894736842105,312979,-62.44028397865655,-64.83039306359828,91029,-75.53264094210849,-74.50693207477234,179325,-62.101238825404955,-62.830561427596415,42625,-35.90691412717933,-37.72943821942221
0.0225,0.0084210526315789,315214,-46.071549737369594,-35.449479139321554,9979,-71.98399234324135,-71.54555539057935,130085,-61.90931817137838,-62.49552864166278,175150,-32.8324040251114,-32.51171359177789
0.0094736842105263,0.0021052631578947,319996,-66.76526601183748,-66.7724176062999,3778,-70.46798371504147,-70.32319333486907,316218,-66.72102796250853,-66.7506345611219,0,,
0.0225,0.0010526315789473,313428,-57.482482551914465,-59.650316058783396,0,,,289434,-59.218833387503736,-60.15151820461833,23994,-36.537289264094674,-41.84862243550626
0.0036842105263157,0.0010526315789473,319996,-78.69168321492066,-78.68871397879892,319996,-78.69168321492066,-78.68871397879892,0,,,0,,
-0.0035526315789473,0.0147368421052631,319966,-91.06753748405447,-91.02514433829835,314755,-91.48267056541845,-91.22780628204836,5124,-66.51104657663329,-67.61567210970074,87,-35.461174092101395,-40.728308151722906
0.0007894736842105,0.0042105263157894,319996,-84.23726744490973,-84.22409243992041,319996,-84.23726744490973,-84.22409243992041,0,,,0,,
-0.0035526315789473,0.0010526315789473,319996,-91.94087128954796,-91.93622890290376,319996,-91.94087128954796,-91.93622890290376,0,,,0,,
0.006578947368421,0.0073684210526315,319905,-72.71714082658376,-72.73814399771635,225813,-75.26438540281195,-74.70817858236803,93783,-66.70792223602396,-67.42010740515921,309,-35.05244045976878,-40.14380474255081
0.0225,0.0189473684210526,311882,-60.20995840539062,-63.24317220047608,83154,-76.15061825764067,-74.90358126708303,165921,-61.66522507380908,-62.24209574271975,62807,-35.26068634583257,-36.09530855598826
0.0109210526315789,0.0084210526315789,318001,-67.93263140203568,-68.49175168107031,132987,-74.89277018815676,-74.22286553476168,178104,-63.95724773981098,-64.71325475349161,6910,-36.44547583430503,-41.91429944463448
0.0138157894736842,0.0094736842105263,316561,-65.99343150906925,-67.00584741557729,107591,-74.41496835521129,-73.60071018845376,196271,-63.262673365451,-64.0330113438681,12699,-36.84838550488247,-42.426738793781965
0.0080263157894736,0.0073684210526315,319628,-70.27178365871453,-70.30073040897909,166960,-74.47428273707366,-73.81780529294231,151403,-65.924122536332,-66.6477544107266,1265,-35.963238828065286,-41.32484221080255
0.0138157894736842,0.0,317251,-64.05269172032364,-64.66769657456638,79650,-71.89893748449371,-72.11847057998907,227718,-62.49495356519455,-62.55899005488813,9883,-36.709935684054024,-42.29640983898873
0.0051315789473684,0.0063157894736842,319996,-75.57561435877881,-75.55896277219087,288274,-76.42083849559332,-76.10748523056651,31722,-67.89463135593937,-68.36844785913537,0,,
0.0007894736842105,0.0157894736842105,319706,-83.92722838717582,-83.98811139936407,289995,-85.9542292054535,-85.24333456097989,28793,-65.06197747749702,-66.15467972845033,918,-35.30747582284234,-40.23045225283189
0.0152631578947368,0.0105263157894736,315780,-65.0882115948467,-66.31011993553585,96485,-74.42997370325783,-73.68704814198041,202808,-62.93061948436467,-63.74212581074494,16487,-36.95920229737506,-42.53804452422427
0.006578947368421,0.0084210526315789,319776,-72.88808219260996,-72.97710756849584,222295,-75.9358304238459,-75.27630915345719,96778,-66.15873660968487,-67.02297876219863,703,-35.55296663319203,-40.58851956748791
0.0196052631578947,0.0073684210526315,316821,-47.41310622426453,-42.66823815024277,16771,-72.38995478392931,-71.79540391415014,134409,-61.857240935030326,-62.425509305902885,165641,-33.16356396399408,-32.782939713120506
-0.0006578947368421,0.0073684210526315,319996,-86.72795915482016,-86.70414388155783,319842,-86.73663201107468,-86.70747545502476,154,-68.71533779021786,-69.09164915014367,0,,
0.0080263157894736,0.0147368421052631,318098,-73.14772965659256,-73.66927716710103,203940,-79.30115022258465,-78.31054170918182,107184,-63.85765568293452,-64.89186312792494,6974,-35.98379196862986,-41.31749498311825
0.0210526315789473,0.0157894736842105,312266,-60.926457030130926,-63.63762793231503,75312,-75.16630229860777,-74.15052376860984,186477,-61.97335076924753,-62.64246138715794,50477,-35.81298295978653,-37.240708880707146
-0.005,0.0105263157894736,319996,-93.6635988472113,-93.62765720839961,319845,-93.67560247525812,-93.63230341167898,151,-68.23776829995252,-68.9993989187012,0,,
0.0022368421052631,0.0031578947368421,319996,-81.49731817147484,-81.48695426649631,319996,-81.49731817147484,-81.48695426649631,0,,,0,,
0.0181578947368421,0.0094736842105263,315658,-56.56757480202009,-61.73521188577203,46527,-73.41836960229702,-72.72323093056596,186670,-62.38655880121252,-63.115593376047485,82461,-33.88719652863345,-33.13070989263415
0.0196052631578947,0.0052631578947368,314447,-60.66442041057308,-62.50007878504894,12246,-71.36642352328221,-70.97850330988135,280945,-61.97872605334325,-62.709413077339484,21256,-37.127333050472565,-42.61979488145036
0.0152631578947368,0.0,316576,-63.482912593906725,-64.82109574719125,65520,-70.95209766516159,-71.06835693418414,238636,-62.830669364495016,-63.20422893700662,12420,-36.61235779723013,-41.95735566619075
-0.0006578947368421,0.0,319996,-87.05817686827089,-87.05817668610635,319996,-87.05817686827089,-87.05817668610635,0,,,0,,
0.0022368421052631,0.0042105263157894,319996,-81.45633224858038,-81.44240621934847,319976,-81.45707478898298,-81.44257166944627,20,-69.57657685549513,-69.53472481852152,0,,
0.0094736842105263,0.0010526315789473,319996,-66.8219297975643,-66.82185224002728,0,,,319996,-66.8219297975643,-66.82185224002728,0,,
-0.005,0.0178947368421052,319917,-93.1101137928766,-93.07663248732838,311801,-93.84085466878726,-93.45204356425178,7900,-65.87133392737881,-66.86555897143032,216,-34.5018966058642,-39.26434344651149
-0.0006578947368421,0.011578947368421,319987,-86.45556739467305,-86.43393045857273,314024,-86.82462661631595,-86.61519891559931,5936,-67.17359654140738,-68.03791642816037,27,-33.28245509102472,-38.885261171990166
0.0210526315789473,0.0,314087,-59.25941879780732,-61.53996757883729,0,,,292487,-60.92318942992747,-62.02564496224529,21600,-36.730192831283226,-42.17285926492856
0.0196052631578947,0.0021052631578947,314703,-60.52196348783043,-62.6180373975732,64,-70.3043258066694,-70.1368707173884,295036,-62.093944729566275,-63.07388154520845,19603,-36.83083820980274,-42.25243804561532
-0.0006578947368421,0.0021052631578947,319996,-86.98742965443628,-86.97991989609605,319996,-86.98742965443628,-86.97991989609605,0,,,0,,
0.0007894736842105,0.0084210526315789,319996,-84.02477779500049,-83.99869268371934,317767,-84.13741235595961,-84.04780493218429,2229,-67.96755638078535,-68.58118168418417,0,,
0.0196052631578947,0.02,312522,-63.97862443947385,-65.98188360070341,111922,-77.38124983445574,-76.16231059838768,158226,-61.980494887006685,-62.68585454586451,42374,-36.03949684027396,-39.14509200458319
0.0080263157894736,0.0052631578947368,319967,-69.67670540995789,-69.69931894385705,149588,-72.82660440878945,-72.3981965667057,170287,-66.92809355843771,-67.44746624227044,92,-35.609041525213485,-40.59329274473845
0.0210526315789473,0.0021052631578947,314082,-59.22115111531497,-61.394252102016736,15,-70.04644058953104,-70.04187538920479,292282,-60.89818006216829,-61.86867317261212,21785,-36.713565437725386,-42.10203550020216
0.0138157894736842,0.0063157894736842,316924,-65.20429569343064,-66.10187461065061,90675,-73.31757754542438,-72.82721151014381,215362,-63.23387673688831,-63.84625674374543,10887,-36.60886402165085,-42.08991891513058
-0.0021052631578947,0.0126315789473684,319986,-88.86187079432774,-88.83091564567431,315628,-89.16560642179137,-88.97267816841844,4333,-67.0530796518135,-68.03365743598596,25,-34.06280661111393,-38.73464791444141
-0.0021052631578947,0.0031578947368421,319996,-89.47075213955362,-89.4585001760336,319996,-89.47075213955362,-89.4585001760336,0,,,0,,
0.0007894736842105,0.02,319234,-84.4213942475183,-84.46443977183756,277227,-87.7229546668811,-86.61789083675102,39563,-64.31350004147605,-65.43167845138103,2444,-35.42259232237442,-40.48043344281581
0.0007894736842105,0.0052631578947368,319996,-84.18925978646516,-84.17224823610488,319975,-84.1902338027267,-84.17258491667248,21,-69.34826677364455,-69.30906557288822,0,,
0.0123684210526315,0.0084210526315789,317411,-66.76994742845713,-67.55515779644865,117326,-74.40575604136644,-73.76744293956835,190675,-63.55694025705973,-64.36451654078715,9410,-36.67018771411018,-42.24545737788469
0.0181578947368421,0.0052631578947368,315142,-61.82390386971898,-63.49324531420358,25292,-71.630611431064,-71.22327270222601,271518,-62.583714712722134,-63.3267889513191,18332,-37.04027043572004,-42.598876753563765
0.0181578947368421,0.02,313349,-64.75579773004182,-66.81593948781563,122428,-77.67063764948003,-76.44061815917884,149996,-62.0936132771369,-62.750850202051524,40925,-35.87807011955791,-38.53817914806417
0.0051315789473684,0.0042105263157894,319996,-75.65060145758096,-75.63795944105271,311686,-75.83032861290185,-75.73414078588013,8310,-68.90951383623916,-69.16915672876696,0,,
0.0138157894736842,0.02,314986,-68.98843182639278,-70.31637698009305,160845,-79.21243904037276,-77.8752794046847,129207,-62.59187111332212,-63.44978376202083,24934,-36.18182156414516,-39.862682349807116
0.0210526315789473,0.0042105263157894,313697,-59.296866609400276,-61.22202951194109,4078,-71.27330109990955,-70.9006702179224,284906,-61.041049784393174,-61.705312151713954,24713,-37.212613321380466,-42.66673207718685
0.0196052631578947,0.0126315789473684,313470,-58.46158222966098,-62.636062521857674,63756,-74.06460010197011,-73.31266836508962,180837,-62.13155559488339,-62.855769492482914,68877,-34.383109286390216,-33.55859974114208
-0.005,0.0168421052631578,319948,-93.17462096620403,-93.14158495090412,313940,-93.7044623624006,-93.397499530118,5873,-66.20228515889188,-67.27189880010093,135,-34.43477114685051,-39.336088487150384
0.0080263157894736,0.0157894736842105,317850,-73.59514083020706,-74.1526621310791,208012,-79.85527865495806,-78.85265356555868,102223,-63.660471136357714,-64.6899181242277,7615,-35.95468789682029,-41.272310557727266
0.0138157894736842,0.0105263157894736,316439,-66.3307093279084,-67.37177872578437,114645,-74.84236093703626,-73.98635446311586,188310,-63.25276276022644,-64.09057104366525,13484,-36.94698190516444,-42.523949305834094
0.0196052631578947,0.0042105263157894,314601,-60.55269644825067,-62.388982187919616,5911,-70.99521656626588,-70.72726307302021,288236,-62.01251161872561,-62.728001794218955,20454,-36.9633241056965,-42.49513128281143
0.0051315789473684,0.0168421052631578,318672,-77.53972198314177,-77.74693781030686,242812,-82.26894183508684,-81.19236787118965,71222,-64.11233282644862,-65.14445407502586,4638,-36.14562535259184,-41.544124420072976
0.0094736842105263,0.0042105263157894,319882,-66.77148497967138,-66.79939424453181,50135,-71.90000803981752,-71.244203031289,269364,-65.8605263214547,-66.19386648649925,383,-36.12126145865734,-41.44317619300932
-0.0021052631578947,0.02,319600,-88.73727548155696,-88.74601383331517,295566,-90.82966999106415,-89.97516819878425,22663,-64.66702745988027,-65.89223136865573,1371,-35.537680527690846,-40.695254338259744
0.0051315789473684,0.0157894736842105,318906,-77.1837104613941,-77.40733991353287,241904,-81.69514361766748,-80.6937606269831,73311,-64.37380840714701,-65.3987982436418,3691,-35.94095870408081,-41.13899020285381
0.0036842105263157,0.0084210526315789,319987,-78.42656329003076,-78.41365452325131,296655,-79.30298437493991,-78.94815596857627,23304,-67.32364041363574,-67.95925837247147,28,-33.705769282530945,-38.951697072220796
-0.0021052631578947,0.0189473684210526,319705,-88.64621821194626,-88.68822849483324,297945,-90.48287243451844,-89.7691165342712,20829,-64.75286134035201,-65.84099508956645,931,-35.42687120245361,-40.693839576571996
0.0022368421052631,0.0010526315789473,319996,-81.57282881028871,-81.56961572217173,319996,-81.57282881028871,-81.56961572217173,0,,,0,,
0.0123684210526315,0.011578947368421,316930,-67.74665103370482,-68.62398734244711,137041,-75.68762723106643,-74.85563959841588,168286,-63.41867772110323,-64.28680839990481,11603,-36.72863826302824,-42.26791170743391
0.0167105263157894,0.0063157894736842,315702,-63.100344006338524,-64.55907355316991,50915,-72.2699539455388,-71.7632354142958,248822,-62.90677147241744,-63.66460733977807,15965,-36.8738745406904,-42.43422747303132
-0.0021052631578947,0.0021052631578947,319996,-89.51423782635494,-89.5060325690926,319996,-89.51423782635494,-89.5060325690926,0,,,0,,
0.0036842105263157,0.0052631578947368,319996,-78.54438424696889,-78.52644673581824,317172,-78.63141508093834,-78.56787475672641,2824,-68.76968747934757,-69.20258773132224,0,,
0.006578947368421,0.0178947368421052,318050,-75.88919642307901,-76.24495892570545,224636,-81.85212843548348,-80.64629741793489,86347,-63.65188986101333,-64.58725029261555,7067,-35.8673362527379,-40.73525512734112
0.0094736842105263,0.0063157894736842,319337,-67.90616287427844,-67.9052140346471,109840,-73.6977918805622,-72.88809292566982,207241,-65.18179301376338,-65.77370560980671,2256,-36.19011864235878,-41.681451284922204
-0.0006578947368421,0.0189473684210526,319528,-86.52260811709975,-86.54638129298579,290901,-88.81815316914162,-87.9290225359848,27024,-64.81327254748585,-66.030426817733,1603,-35.92793141666953,-41.24728829442165
0.0225,0.0105263157894736,311669,-53.04015101746301,-59.52191647988584,23138,-72.45944723806166,-71.89424707208144,181973,-62.192546941493944,-62.84635625684626,106558,-33.19356399972718,-32.722438856952564
0.0022368421052631,0.0136842105263157,319778,-81.29325090232584,-81.35597509216745,284720,-83.3254754322521,-82.67017133457905,34343,-65.404385135184,-66.42311832951266,715,-35.218214371338924,-40.55444215079042
0.0123684210526315,0.0189473684210526,315667,-70.06142618555171,-71.08818323519647,169943,-79.32096235555605,-78.08133554597565,126407,-62.76242658232946,-63.63472434609528,19317,-36.36319599998819,-41.09260167911171
0.0167105263157894,0.0084210526315789,315434,-63.58110639042834,-64.93967916256048,65471,-73.16482959338617,-72.56270706734624,232951,-62.832590608386575,-63.546335477308666,17012,-36.94764519371823,-42.47362917657393
0.0022368421052631,0.0094736842105263,319987,-81.22592993849223,-81.20776368689194,306297,-81.85099385184122,-81.5602060997615,13663,-67.30830410946956,-67.98818171815803,27,-33.12667937879215,-38.658935246072005
0.006578947368421,0.0147368421052631,318622,-74.94048516224557,-75.19584359028676,225535,-79.95605337618944,-78.98782544931791,88187,-64.26591247879882,-65.2977642525779,4900,-36.200151305773716,-41.41964381495458
0.0036842105263157,0.011578947368421,319833,-78.52044348666783,-78.56035704920205,275329,-80.6241225859184,-79.97280087030292,43990,-65.86023913426435,-66.79695979941351,514,-35.17127372919363,-40.33549730651674
0.0123684210526315,0.0010526315789473,318350,-63.766254642893685,-62.6751623977956,67135,-72.84119674564488,-73.05595880285999,245394,-61.92798880572971,-61.49984924450922,5821,-36.597927684778746,-42.011917297543135
0.006578947368421,0.0136842105263157,318826,-74.55072650483274,-74.84448793646183,222289,-79.46072888899234,-78.56107699761355,92575,-64.41414351941799,-65.41445734142023,3962,-35.92242006927671,-41.157078890255086
0.0080263157894736,0.0178947368421052,317406,-74.42374620987819,-75.0205413604712,212352,-81.09716587114983,-79.92412901320296,95292,-63.44616482891698,-64.49701687117266,9762,-36.415312799122695,-41.746192393215495
0.0094736842105263,0.0105263157894736,318366,-69.9715900038096,-70.44559812748807,166579,-76.19325858392578,-75.42058811906101,146093,-64.1911095509942,-65.09216725282042,5694,-36.267410233172306,-41.71762087333654
0.0196052631578947,0.0,314516,-60.5739467045123,-62.74444577587303,0,,,294788,-62.11608806108935,-63.21293245664098,19728,-37.53031500222955,-42.562027977394266
0.0167105263157894,0.0157894736842105,314267,-64.96143882109536,-66.93252627425267,116888,-76.07868355711719,-74.97144545336643,166415,-62.49560554441315,-63.32430147566552,30964,-36.246774760733345,-39.6130633002293
0.006578947368421,0.0168421052631578,318244,-75.53081122877569,-75.92949142609535,224233,-81.25560813672148,-80.16321226893497,87399,-63.817551133449285,-64.81422161326421,6612,-36.21424045019679,-41.44194890218061
0.0123684210526315,0.0094736842105263,317255,-67.0736155275767,-67.8956811661041,123138,-74.83535662098315,-74.06239634888811,184083,-63.52623997584571,-64.36901169066994,10034,-36.900828895069054,-42.50350949279968
0.0007894736842105,0.0126315789473684,319939,-83.84051821161101,-83.81567447889043,302787,-84.84769058812263,-84.40665070414816,16992,-66.3650868601312,-67.23234365052123,160,-33.73943794609406,-38.70844980424917
0.0138157894736842,0.0136842105263157,315842,-67.25649738219697,-68.30186833255203,133847,-76.43681512565023,-75.45228571351171,164761,-62.990133461522504,-63.92836768020084,17234,-36.745437670363486,-41.969353673728904
-0.0035526315789473,0.0063157894736842,319996,-91.69315200322555,-91.66753639185443,319996,-91.69315200322555,-91.66753639185443,0,,,0,,
-0.0006578947368421,0.0168421052631578,319771,-86.31409111013187,-86.31836221812804,296338,-88.05727139119382,-87.36519686027827,22752,-65.14490743811143,-66.13740346149822,681,-35.022914570437415,-40.06300505280336
0.0109210526315789,0.0136842105263157,317177,-69.72269063393546,-70.50013400524021,165196,-77.33518352291514,-76.38158951388803,140755,-63.42005235231953,-64.34920998496892,11226,-36.72558356471803,-42.04884070519854
0.0210526315789473,0.0084210526315789,315435,-50.137871063238954,-55.48400893683634,18488,-72.50766903489134,-71.89975571458336,161069,-61.79556038523073,-62.45634931944462,135878,-33.27520612628224,-32.70661416813692
0.0225,0.0168421052631578,311926,-59.413411873639625,-62.623165286870304,71910,-75.3149094928887,-74.2406090074202,176054,-61.688014784978854,-62.259662672963046,63962,-35.27517925500484,-35.61264067303837
0.0167105263157894,0.0105263157894736,315033,-63.88545930592417,-65.40474668875846,79567,-74.04133705536154,-73.2674162049704,214330,-62.786875808361984,-63.575462898166805,21136,-36.79361014539372,-41.80191481199317
0.006578947368421,0.0021052631578947,319996,-72.75766179672397,-72.75227635803641,310779,-72.85581160854174,-72.80539177758936,9217,-69.44824437598908,-69.57817620836087,0,,
0.0167105263157894,0.0052631578947368,315755,-62.98545486510199,-64.5908041936352,43821,-71.90145053848805,-71.51194057440675,256323,-63.051273106977796,-63.85457745103764,15611,-36.87703287959303,-42.37195170290044
0.0123684210526315,0.0031578947368421,318079,-64.69110101712825,-64.3098760943058,79932,-73.09543885999068,-72.97242547919373,231378,-62.61164621703653,-62.595030299025424,6769,-36.528087319380795,-41.99353226576589
0.0007894736842105,0.0094736842105263,319996,-83.96195494868772,-83.93446787254673,314875,-84.22612451925946,-84.06319331701772,5121,-67.71895679719742,-68.48353049995156,0,,
-0.0021052631578947,0.0052631578947368,319996,-89.36684387313444,-89.3470177196559,319996,-89.36684387313444,-89.3470177196559,0,,,0,,
0.0036842105263157,0.0168421052631578,319081,-79.5564973918131,-79.71084187924978,258286,-83.46612178519992,-82.42904151740183,57613,-64.45205506391639,-65.585714172006,3182,-35.68817236567153,-40.183253133982205
0.0080263157894736,0.0084210526315789,319409,-70.71397306998361,-70.83009119181186,176599,-75.24685588807831,-74.58994219898877,140842,-65.5136359077483,-66.28058616663202,1968,-36.12216098199544,-41.52007902790997
0.0210526315789473,0.0178947368421052,312513,-61.376677378748354,-64.1128689181639,89811,-75.95699322617477,-74.82486309463792,168729,-61.84474304716855,-62.489813144200234,53973,-35.651796443093716,-37.20257948184069
0.0080263157894736,0.0010526315789473,319996,-69.82472944626241,-69.82263361334557,129420,-70.51658385473792,-70.43775594991195,190576,-69.35489170412853,-69.44424245378471,0,,
0.0152631578947368,0.0178947368421052,314570,-67.10256571022455,-68.70803142833446,142061,-77.58853062481288,-76.39262891700439,145765,-62.54998596536396,-63.37706917113068,26744,-36.2156424668157,-40.09174859101972
-0.0021052631578947,0.0,319996,-89.58359872552923,-89.58359830646845,319996,-89.58359872552923,-89.58359830646845,0,,,0,,
0.0094736842105263,0.0,319996,-66.86335480306782,-66.8633564822953,0,,,319996,-66.86335480306782,-66.8633564822953,0,,
0.0109210526315789,0.0073684210526315,318245,-67.3439794445181,-67.81616832174672,118234,-74.36491830001147,-73.77068680464943,193987,-64.02976432501303,-64.73455953003638,6024,-36.26844221792802,-41.75077073099893
0.0123684210526315,0.0126315789473684,316653,-68.17489836438426,-69.04400291778609,144728,-76.32437384975293,-75.42383154830455,158994,-63.30093416316974,-64.19496187592713,12931,-36.891453631684364,-42.49723322839618
0.0036842105263157,0.0136842105263157,319516,-78.97778905233287,-79.04857745027083,267810,-81.78991174511822,-80.94190280743126,50097,-65.34377445812889,-66.44241400275213,1609,-35.415732353144705,-40.68666032538469
-0.0035526315789473,0.0052631578947368,319996,-91.75483434873865,-91.73318602196558,319996,-91.75483434873865,-91.73318602196558,0,,,0,,
-0.0035526315789473,0.0,319996,-91.97127779252699,-91.97127715088554,319996,-91.97127779252699,-91.97127715088554,0,,,0,,
0.0036842105263157,0.0147368421052631,319374,-79.21492368176126,-79.31013303342948,264895,-82.35543582060076,-81.45396337640085,52394,-65.06830251187411,-66.16887322606689,2085,-35.7099388171012,-41.128647591191516
-0.0035526315789473,0.011578947368421,319996,-91.3093728764086,-91.26627639358216,319020,-91.38296217422094,-91.29627788166356,976,-67.25562514270457,-67.75477196103739,0,,
0.0152631578947368,0.0157894736842105,314853,-66.05706157778413,-67.91335038913061,130996,-76.71725232273565,-75.56896790340525,155038,-62.599474625520166,-63.36482434396014,28819,-36.20227893714537,-39.02050139131992
0.0181578947368421,0.0168421052631578,313487,-63.78865604998126,-66.0047763230383,107733,-76.2608279370645,-75.17423268498109,166401,-62.27769810734893,-63.09065467173369,39353,-36.03373059832114,-38.56742116131612
0.0007894736842105,0.0,319996,-84.39427848451932,-84.39427855110225,319996,-84.39427848451932,-84.39427855110225,0,,,0,,
0.0123684210526315,0.0168421052631578,315933,-69.50889690539194,-70.38894896316778,162641,-78.42114944475172,-77.28211820342162,136235,-62.98556074569185,-63.88911021017482,17057,-36.63142938254042,-41.828014043485226
0.0007894736842105,0.0021052631578947,319996,-84.32292191002188,-84.31613646472871,319996,-84.32292191002188,-84.31613646472871,0,,,0,,
0.0109210526315789,0.0,319996,-63.62275547143352,-63.62275772822413,0,,,319996,-63.62275547143352,-63.62275772822413,0,,
0.0152631578947368,0.0084210526315789,316091,-64.53821106847836,-65.61547390224379,81822,-73.63739838372466,-72.99145642222797,219640,-62.98831474728046,-63.72631536689804,14629,-36.915374475397876,-42.4446728163155
0.0080263157894736,0.0189473684210526,317271,-74.71937428541608,-75.32972499225608,213207,-81.64740110758612,-80.4495470406885,93314,-63.304764972948874,-64.32891969171921,10750,-36.39742439789615,-41.441168030034916
-0.0021052631578947,0.0157894736842105,319917,-88.67333925458178,-88.64944431861466,307308,-89.63008611390602,-89.1892939472105,12388,-65.90405822682385,-66.92765302775213,221,-34.600441185113596,-39.26423705056319
0.0138157894736842,0.011578947368421,316261,-66.57563446402347,-67.58412483467046,120177,-75.31270335353005,-74.42061192260134,181445,-63.17186651010554,-64.00882554049876,14639,-37.03823084795672,-42.629731898603055
0.0036842105263157,0.0021052631578947,319996,-78.65621985095989,-78.6499707332934,319996,-78.65621985095989,-78.6499707332934,0,,,0,,
0.0109210526315789,0.0157894736842105,316659,-70.6328401683485,-71.51901432638473,176818,-78.49608188904058,-77.45747837057516,126451,-63.25268860341071,-64.2348586945457,13390,-36.49280065890994,-41.87968401511825
0.0181578947368421,0.0021052631578947,315299,-61.620382038841846,-63.61757207684987,3784,-70.43182181704196,-70.34116127521015,294107,-62.97340419007668,-63.969141261660845,17408,-36.84580862696616,-42.34450806705424
0.0094736842105263,0.0094736842105263,318588,-69.47430506199326,-69.82004813508931,156067,-75.5801317466974,-74.77215324466633,157644,-64.45134569348883,-65.2844339537422,4877,-36.44608145871004,-41.907316995455574
0.0181578947368421,0.0178947368421052,313488,-64.23341378884855,-66.4226201976727,114588,-76.72316894542801,-75.52566995010312,159400,-62.248008626825595,-62.98821846217197,39500,-36.01309781275562,-38.637563074574956
-0.005,0.0136842105263157,319987,-93.40387162618059,-93.37178341083039,318455,-93.5378976375718,-93.42802143612279,1504,-66.11921667984933,-67.2645045343283,28,-34.649142401226875,-40.62944956543872
0.0210526315789473,0.0168421052631578,312356,-60.89835891496971,-63.739925879353095,82767,-75.55283956120525,-74.5159756296581,174459,-61.90088088268729,-62.56815910622825,55130,-35.725016277331136,-36.74827235136218
0.0152631578947368,0.02,314424,-67.75642991430004,-69.25673778463923,149324,-78.524584566255,-77.1258031342761,137507,-62.3811154594239,-63.19744410542071,27593,-36.27016308931261,-40.440863534756964
0.006578947368421,0.0105263157894736,319388,-73.6229183303767,-73.79193501133956,222955,-77.42350071618499,-76.62991789651305,94432,-65.4480840175625,-66.3694063528203,2001,-35.945311133869765,-41.21048298129698
0.0210526315789473,0.0073684210526315,316511,-46.85442618645632,-39.91883947856413,12053,-72.0498640439231,-71.53139437762556,137012,-61.51790422371427,-61.99359023799906,167446,-33.04249239683563,-32.61974772849
0.0109210526315789,0.011578947368421,317503,-69.1755942186679,-69.98815990280539,158539,-76.24687167121516,-75.4264679718884,149802,-63.68786081646246,-64.57085121305778,9162,-36.54081830377854,-42.080305881972336
0.0167105263157894,0.0147368421052631,314433,-65.27409677122985,-66.6892565583621,112643,-75.9053110905298,-74.78772096455604,176943,-62.50021034653041,-63.31874479883835,24847,-36.83154479621004,-41.882652258680004
0.0225,0.0052631578947368,313640,-54.693321184262714,-59.07050976775346,5804,-71.51266344916593,-71.22084451924127,234241,-60.67021272234597,-61.11390615396288,73595,-34.34339913415518,-32.7543971535614
-0.0021052631578947,0.0105263157894736,319996,-89.01851304547648,-88.98336505093204,318845,-89.0964236247852,-89.01526373559497,1151,-67.43606416651832,-67.88145895308178,0,,
0.0196052631578947,0.0105263157894736,315937,-47.82788005029335,-40.75910064838972,29397,-73.34253203471414,-72.68391090994771,119029,-62.144317051073706,-62.78142081358333,167511,-33.1773472246765,-32.83273819133521
0.0196052631578947,0.0147368421052631,313028,-61.6296826874018,-64.22347927888794,80886,-74.97045586843981,-74.06884112482686,186992,-62.126073841132886,-62.82697152535704,45150,-35.67391404642892,-36.2653165461535
0.0138157894736842,0.0042105263157894,317151,-64.5636978856623,-65.22446721739577,79613,-72.6473551154767,-72.37759803078056,227298,-62.986859104946134,-63.33722358432976,10240,-36.716832469841954,-42.218348958065214
0.0007894736842105,0.0136842105263157,319872,-83.85651841299845,-83.87145641024611,298165,-85.19807789170618,-84.66536883573366,21335,-65.96749205441829,-66.84440481011893,372,-34.545484519008994,-39.76426436046015
0.0181578947368421,0.0,315359,-61.614600658456744,-63.61632335058321,0,,,298154,-63.0412000658806,-64.06795204321308,17205,-36.89235016609659,-42.33773243067519
-0.0006578947368421,0.0147368421052631,319900,-86.31652549008597,-86.32106983075653,303748,-87.4338286408721,-86.96663935894892,15864,-65.86121209985814,-66.85839017080835,288,-34.665463606715775,-39.86338196815511
0.0123684210526315,0.0157894736842105,316144,-69.27388970387432,-70.13008483461998,159723,-77.93217347711085,-76.89238373609042,140439,-63.13808511980917,-64.04092378108716,15982,-36.660900144924206,-42.07043591719285
0.0109210526315789,0.0147368421052631,316915,-70.16056582563365,-71.0246062737273,171134,-77.94685772666838,-76.97329985100411,133146,-63.33609135758743,-64.29900407398281,12635,-36.61503352098859,-41.663444519414895
0.0138157894736842,0.0168421052631578,315341,-67.817094303318,-69.29103084357779,149348,-77.84879869317032,-76.73109149169382,141571,-62.70374824248169,-63.57094089374462,24422,-36.111522604153116,-39.28539087802302
0.0007894736842105,0.0073684210526315,319996,-84.08311415795461,-84.05969285868767,319164,-84.12430136858593,-84.0772652408099,832,-68.28326452582698,-68.48204891090313,0,,
-0.0035526315789473,0.0094736842105263,319996,-91.47650367511359,-91.44067708175177,319855,-91.48669353067524,-91.44403740487043,141,-68.36106927315568,-68.90251872214036,0,,
0.0210526315789473,0.0052631578947368,314695,-54.68156442411768,-59.5281137366697,5242,-71.0748294002,-70.82716485099405,232317,-61.20920979900034,-61.69277347865474,77136,-33.90765230057953,-32.79343987325909
-0.0006578947368421,0.0178947368421052,319652,-86.38104729889493,-86.42259714676712,293140,-88.4537514291212,-87.67745873365887,25388,-64.70671221934104,-65.90762638343315,1124,-35.380629385355675,-40.34221678404824
0.006578947368421,0.02,317588,-76.69633591070892,-77.11194153806397,227800,-83.06986542313224,-81.75572944332414,80495,-63.381017001169475,-64.38545854580276,9293,-35.79744133343026,-40.85772880590838
0.0167105263157894,0.0094736842105263,315148,-63.747460856819515,-65.2070560054361,75417,-73.68953315223621,-72.95007124005429,220310,-62.699598223587856,-63.464639177051176,19421,-37.026558247470355,-42.54777309344921
-0.005,0.0157894736842105,319967,-93.24065339036584,-93.20098249935428,315760,-93.60780251321972,-93.36841817477793,4122,-66.3251646017089,-67.54146599077409,85,-34.58933285506323,-39.51143544521934
0.0022368421052631,0.0021052631578947,319996,-81.53616080896388,-81.52952328526825,319996,-81.53616080896388,-81.52952328526825,0,,,0,,
0.0094736842105263,0.02,316510,-73.45819059555548,-74.1832704827788,200128,-81.43841570708433,-80.18586630439057,101948,-63.06804893373631,-64.04360857744516,14434,-36.19808743767124,-41.02211114193595
0.006578947368421,0.0094736842105263,319605,-73.21583401433965,-73.29810931890243,221589,-76.67134208268328,-75.88557170442863,96684,-65.80740306685009,-66.67523200145197,1332,-36.109347806303276,-41.63834374958407
0.0225,0.011578947368421,312153,-53.83090337715576,-59.63038208768582,32188,-73.02442888579039,-72.43792343140287,178547,-61.94215448171729,-62.55190399733316,101418,-33.45936430087654,-32.79006456349417
-0.0006578947368421,0.0031578947368421,319996,-86.94474664767452,-86.93331096518146,319996,-86.94474664767452,-86.93331096518146,0,,,0,,
0.0022368421052631,0.0147368421052631,319625,-81.45194616262785,-81.51417238929108,281283,-83.81009114614756,-83.02536048678496,37122,-65.09470492411032,-66.26829136805692,1220,-35.47441653711235,-40.71499679312048
0.0051315789473684,0.0084210526315789,319948,-75.56280983754438,-75.57583771089995,266724,-77.32445187961746,-76.80638857212888,53081,-66.81978984005123,-67.55332698014509,143,-35.115484362240466,-40.44313962328329
0.0167105263157894,0.011578947368421,315238,-61.50638025354862,-64.72689066473285,81644,-74.43867364425898,-73.5598721227133,186141,-62.63570043894077,-63.47356151766376,47453,-34.8261503372052,-34.01872844540542
0.0138157894736842,0.0178947368421052,315188,-68.45519887473647,-69.77386258178836,154934,-78.28149977447002,-77.07745328339298,137673,-62.69645513103188,-63.55402200675214,22581,-36.14464681006797,-40.14977321928316
0.0225,0.0178947368421052,311972,-59.4573528604451,-62.56032836472035,74363,-75.64353932558211,-74.49888092475352,172418,-61.60833305350768,-62.15275428459653,65191,-35.304922509101374,-35.85604655298184
-0.0006578947368421,0.0136842105263157,319946,-86.34686989012837,-86.32876144615832,307395,-87.17594192195614,-86.78851796084162,12420,-66.37382069708566,-67.25973465713376,131,-34.535219156467114,-39.31382091842198
0.0094736842105263,0.0031578947368421,319996,-66.66821638052258,-66.70669163473116,20974,-70.897370840308,-70.68023833291053,299022,-66.37157504430135,-66.51734412106846,0,,
0.0051315789473684,0.0105263157894736,319726,-75.84095356282623,-75.93829429971125,254079,-78.54074806446671,-77.83661206588029,64766,-65.79491740180487,-66.82099679111445,881,-35.750704780081406,-41.0611617584304
0.0022368421052631,0.0168421052631578,319345,-81.84234624981208,-81.9081802261308,274338,-84.86371213789752,-83.89487825564987,42840,-64.8317170992085,-65.9243129200586,2167,-35.63093776170494,-40.89431860929624
0.006578947368421,0.0010526315789473,319996,-72.7914442744455,-72.78875414252823,319973,-72.79165487413586,-72.78881679539384,23,-69.86160885133266,-69.84630473714103,0,,
0.0196052631578947,0.0063157894736842,314270,-60.81811004409168,-62.54788532400738,21967,-71.83734863071687,-71.38366371271606,269241,-61.923157495856195,-62.57666851148905,23062,-37.42101980937992,-43.025708776976174
0.0196052631578947,0.0010526315789473,314720,-60.509169158096434,-62.685726239850595,0,,,295142,-62.07983643481448,-63.15862981851666,19578,-36.83106713617815,-42.29084764685983
0.0196052631578947,0.0136842105263157,313651,-59.8033890848091,-63.34964443030102,70797,-74.61619423707737,-73.78251894211472,183898,-62.165580524280514,-62.85214035060743,58956,-34.64726506518343,-34.089742877032535
0.0094736842105263,0.0126315789473684,317864,-70.94203026557055,-71.65226951971337,181744,-77.36341353516517,-76.5036716642935,128547,-63.902531971464754,-64.91881253512575,7573,-36.32675313143849,-41.85345968187373
0.0225,0.0073684210526315,317739,-40.42190200961247,-33.13391816907691,5382,-72.38386680888338,-72.03244244434185,78638,-61.20231151033914,-61.75527061952798,233719,-32.69403591028885,-32.45972937939779
0.0080263157894736,0.0094736842105263,319194,-71.12155804753384,-71.27830946426191,183419,-75.98436242110127,-75.27615723600725,133125,-65.12138691427613,-65.96869423359773,2650,-35.967620960579325,-41.293781837802975
0.0051315789473684,0.0126315789473684,319379,-76.4591943536875,-76.61338409121907,249179,-79.85148032682044,-79.01197555076416,68198,-65.2628128957535,-66.30439709904908,2002,-35.64220942306578,-40.99518158097072
0.0225,0.0,313516,-57.56799449317337,-59.81675860907875,0,,,289855,-59.29169470495866,-60.31787834824009,23661,-36.45210231249532,-41.77671842899122
0.0225,0.0031578947368421,312829,-57.8610334223871,-59.96671519493138,1785,-71.07625015734708,-70.69314699389487,282047,-59.8926558212072,-60.55572321935656,28997,-37.2864165795442,-42.77094318507738
-0.0006578947368421,0.0010526315789473,319996,-87.02526793580549,-87.02145156320114,319996,-87.02526793580549,-87.02145156320114,0,,,0,,
-0.0035526315789473,0.0126315789473684,319996,-91.21855739969938,-91.17484311338653,318155,-91.36009538874305,-91.23539688438817,1841,-66.75847108564464,-67.70312974654543,0,,
0.0196052631578947,0.011578947368421,315938,-49.18286032982183,-50.33580690393739,38052,-73.8520393756961,-73.10948695644191,120539,-62.22516148136007,-62.91173898083147,157347,-33.22566038601053,-32.82658398674799
-0.0035526315789473,0.0168421052631578,319918,-90.93716131109953,-90.90616837913302,309858,-91.77150464546241,-91.35726383418299,9843,-65.92353235758421,-66.94043165870546,217,-34.16846495363437,-38.73182489906166
0.0123684210526315,0.0136842105263157,316455,-68.56875023895495,-69.50063166700676,151390,-76.91013168312698,-75.95616275075633,150968,-63.16930817178446,-64.08039469958854,14097,-36.81314501538917,-42.44656024329767
-0.0021052631578947,0.0168421052631578,319868,-88.65259610492711,-88.63002565935614,304211,-89.87665120408742,-89.34660283383545,15285,-65.60809872677952,-66.57885111028557,372,-34.52387743376887,-39.36640387457658
-0.0006578947368421,0.0105263157894736,319996,-86.5195243960082,-86.49002718584006,316699,-86.71790134384753,-86.58139951685787,3297,-67.4640858143318,-68.35804434836604,0,,
-0.005,0.0147368421052631,319987,-93.31638273845236,-93.28008815805259,317347,-93.54173689003137,-93.38301928234522,2615,-66.55188187048986,-67.68304167438745,25,-32.26461588214131,-36.949119887361896
0.0152631578947368,0.0073684210526315,316184,-64.36321716363418,-65.52274012342659,77182,-73.15285413749126,-72.55553035756071,225206,-63.046339470664634,-63.75593250553838,13796,-36.68613661903103,-42.20159602623893
0.0036842105263157,0.02,318548,-80.2881891781748,-80.41228533169468,253186,-85.11466640282798,-83.89114325661438,60106,-63.84278978485938,-64.9336786546503,5256,-35.85719856431828,-40.92519152613999
0.0007894736842105,0.0168421052631578,319562,-84.09345732425948,-84.14435791737436,287437,-86.38595207320674,-85.5594312010268,30667,-64.92281142231766,-66.13295124531619,1458,-35.368069616234955,-40.51698577849878
-0.0006578947368421,0.02,319412,-86.6149860846759,-86.65244907738628,287460,-89.25231704235313,-88.30406198295113,30089,-64.58654114839644,-65.7218226760985,1863,-35.45380658592424,-40.677298854921176
0.0181578947368421,0.0136842105263157,313680,-62.723633834056486,-65.06289468409751,90730,-75.0336349972454,-74.13316151425234,183900,-62.37139431454208,-63.095477299464896,39050,-35.78100751145914,-37.40330645542339
0.0152631578947368,0.0168421052631578,314719,-66.54446548154053,-68.19830385494807,134894,-77.2130078021111,-76.04346871910305,152066,-62.58719782898252,-63.394486509098485,27759,-36.379240331601615,-40.049846260377954
-0.005,0.0126315789473684,319996,-93.48949835383573,-93.45047851531565,319118,-93.5620909111127,-93.47984374718956,878,-67.10499756440653,-67.61751945506995,0,,
0.0196052631578947,0.0168421052631578,312839,-62.4695178355374,-64.93665928461964,95264,-75.93050684344416,-74.8318070215359,172302,-61.99316221535232,-62.73487916482901,45273,-35.95767566072902,-37.93162745293165
0.0167105263157894,0.0021052631578947,315916,-62.63735495776696,-64.32906956896781,26821,-70.77247646728951,-70.61984340130375,273950,-63.26745731635144,-63.99610781338663,15145,-36.832889118141594,-42.396028012242475
0.0123684210526315,0.0042105263157894,317930,-65.22299820502796,-65.2959311831705,85995,-73.2910419957404,-73.0278604389835,224737,-63.05758667444293,-63.33297369046023,7198,-36.442318205968334,-41.90860409136257
0.0036842105263157,0.0178947368421052,318909,-79.78419096325393,-79.97048617858057,255745,-84.04091594024972,-82.99194100890145,59337,-64.26957825500845,-65.41919115900149,3827,-35.87367228736337,-41.098663400118454
0.0080263157894736,0.0021052631578947,319996,-69.78751498700983,-69.78448368126337,141474,-71.0787520444218,-70.91766787344567,178522,-68.764243505286,-68.94705413028933,0,,
0.0210526315789473,0.0063157894736842,313446,-59.78638152824852,-61.49327030061703,15501,-71.78715903684629,-71.32358850634695,271057,-61.3174547940108,-61.78180688453893,26888,-37.43320619507027,-42.984596633510385
-0.005,0.0063157894736842,319996,-93.96163089446644,-93.93596803690026,319996,-93.96163089446644,-93.93596803690026,0,,,0,,
0.0036842105263157,0.0042105263157894,319996,-78.58272181141663,-78.56894246687409,319431,-78.59936746907475,-78.57526249719726,565,-69.17185619833872,-69.38337624455349,0,,
0.0109210526315789,0.0189473684210526,316158,-71.69061492766633,-72.49465751964328,184986,-80.12541663114429,-78.91392064905233,115176,-63.065642513502674,-63.977139371649166,15996,-36.248604103344235,-41.338038901785815
0.0152631578947368,0.0189473684210526,314505,-67.33000348038648,-68.88320038552246,145062,-78.03101046983734,-76.78119754906217,141565,-62.4571978687706,-63.29873584944341,27878,-36.39196095598298,-40.428774860270764
0.0152631578947368,0.0052631578947368,316417,-63.90986455401405,-65.23844344355079,64225,-72.30334492678566,-71.88091710122497,239130,-63.14129782695309,-63.79633409845709,13062,-36.710054762315075,-42.250933704658905
0.0167105263157894,0.0136842105263157,314507,-64.9245523996957,-66.43587838994067,106841,-75.37103388779599,-74.36068073513043,183156,-62.560088968840134,-63.42512400811802,24510,-37.05646327165228,-42.28594651423256
0.0094736842105263,0.0147368421052631,317481,-71.70126307936208,-72.44744029440473,189216,-78.56926432736543,-77.56097442040374,118817,-63.56983319399334,-64.57756024355487,9448,-36.41510522030881,-41.80370398594472
0.0138157894736842,0.0031578947368421,317201,-64.40066536235703,-64.90275210265068,81082,-72.2992286791337,-72.07205493328156,226058,-62.80534339793328,-62.99122353860703,10061,-36.59070430309982,-42.15348507253648
0.006578947368421,0.0063157894736842,319966,-72.65207550148031,-72.65827032968292,234176,-74.63240754588904,-74.16571861304864,85699,-67.27944412843321,-67.87470159121413,91,-36.20041843899642,-41.0675886680646
0.0210526315789473,0.0094736842105263,317038,-42.352276946916845,-33.80473381812587,13440,-72.49602907101854,-71.95750920220033,84926,-62.080403294640064,-62.76321865715756,218672,-32.83773970961774,-32.615076538162356
0.0152631578947368,0.0010526315789473,316551,-63.47169939468409,-64.83247372043762,62955,-71.01456890567576,-70.96766275041553,240991,-62.90045632601306,-63.28212048761058,12605,-36.7206552294812,-42.226524006731744
0.0094736842105263,0.0157894736842105,317319,-72.02682522803546,-72.73492500202669,191931,-79.10101765974221,-78.04493925166712,114712,-63.487274671174255,-64.49158307424429,10676,-36.6045786814593,-41.92721206232193
0.0080263157894736,0.0126315789473684,318558,-72.35335118204581,-72.69313101686203,198162,-77.92071216400387,-77.06688889591388,115266,-64.38070665920752,-65.37949862179354,5130,-36.43433688627795,-41.9536495367822
0.0138157894736842,0.0052631578947368,317069,-64.83631316201661,-65.59150798740934,84051,-72.9893792742376,-72.66061164761823,222568,-63.08843879688567,-63.619604662166836,10450,-36.486795640502336,-41.997191991202584
0.0080263157894736,0.0168421052631578,317572,-74.0728483360941,-74.67712622880708,211753,-80.47289047039223,-79.33517483201656,97021,-63.540014805952076,-64.68510690652252,8798,-36.1867287479914,-41.359010520595064
0.0022368421052631,0.0157894736842105,319483,-81.65333059746871,-81.69285938711218,277572,-84.3363147732985,-83.43676875447449,40212,-65.08382243694541,-66.1821742702104,1699,-35.491928889129085,-40.64183990686581
0.0022368421052631,0.0063157894736842,319996,-81.3677801239913,-81.34587141133562,318703,-81.4201774043346,-81.36892666219022,1293,-68.45272178118393,-68.76275584023169,0,,
-0.005,0.0094736842105263,319996,-93.74501725333667,-93.71116408660842,319965,-93.74752525757961,-93.71204617957143,31,-67.85877281470326,-67.74711713325689,0,,
0.0138157894736842,0.0189473684210526,315018,-68.75648738091499,-70.11962505392049,158850,-78.77927913145656,-77.51457197150242,131977,-62.63990233683471,-63.48413313485094,24191,-36.311696954271255,-40.34932382782383
-0.0021052631578947,0.0042105263157894,319996,-89.42156302295685,-89.40552100936003,319996,-89.42156302295685,-89.40552100936003,0,,,0,,
0.0152631578947368,0.0126315789473684,315278,-65.4222614480726,-66.8811681766108,111429,-75.43606206950092,-74.48048284493017,181333,-62.81913328488727,-63.6895417354969,22516,-36.82949407241753,-41.465088185876695
0.0152631578947368,0.0063157894736842,316329,-64.13012293339597,-65.30493979978847,70122,-72.74406320846329,-72.27407010153192,233018,-63.09747132733777,-63.75758334409193,13189,-36.576835494788206,-42.11868251463368
0.0051315789473684,0.0094736842105263,319862,-75.66202216081668,-75.71881692434333,259031,-77.91268516066357,-77.31291167203959,60417,-66.28991246231247,-67.16204546060536,414,-35.186814772395095,-40.59012074266925
0.0167105263157894,0.0178947368421052,313921,-65.82884702368395,-67.56776397772028,127497,-77.15121018685426,-75.87067483048946,156002,-62.34315485490777,-63.14139918123034,30422,-36.251817686319285,-40.207892205156256
0.0181578947368421,0.011578947368421,314391,-60.79314221188169,-63.9361603827508,69348,-74.05925250781233,-73.24669215240438,196791,-62.45662307516942,-63.19553808411071,48252,-34.94268462733688,-34.02207055586142
0.0051315789473684,0.0,319996,-75.78768456089031,-75.7876854208115,319996,-75.78768456089031,-75.7876854208115,0,,,0,,
0.0225,0.0126315789473684,313821,-51.71008054610567,-57.115715672322516,35362,-73.66541304157359,-72.88898098307905,151777,-61.81860086883463,-62.420412665068355,126682,-33.47050936213657,-32.78850307886691
0.0109210526315789,0.0094736842105263,317850,-68.38867224844981,-69.05432396714346,143127,-75.27479650647977,-74.54081999149945,167191,-63.92679701351174,-64.73375898219321,7532,-36.57707847859889,-42.05891693569386
0.0109210526315789,0.0178947368421052,316307,-71.27467363842696,-72.08432612677905,181753,-79.62070093414535,-78.45954183355569,118631,-63.164083302435145,-64.10697067177198,15923,-36.435255379954704,-41.66429550175768
0.0109210526315789,0.0105263157894736,317689,-68.7919144047116,-69.56178832529562,151760,-75.72942134634908,-74.93695614097581,157644,-63.80820875011423,-64.66320714052253,8285,-36.542697838682045,-42.10936118459674
0.0167105263157894,0.0168421052631578,314165,-65.16054015056427,-67.17642313784899,122291,-76.68540445272019,-75.53618917010752,158493,-62.43149315385407,-63.24752226367178,33381,-35.896817232576154,-38.23507156417698
0.0181578947368421,0.0147368421052631,313990,-61.674455700561005,-64.802673894094,91491,-75.43797295806496,-74.45268637645857,170613,-62.41343931120581,-63.16471204912185,51886,-34.97518868885764,-34.69706499756957
0.006578947368421,0.0,319996,-72.82578937819892,-72.8257904970722,319996,-72.82578937819892,-72.8257904970722,0,,,0,,
0.0007894736842105,0.0189473684210526,319331,-84.32473855089346,-84.39565770339554,280555,-87.29109797554005,-86.28324310212565,36490,-64.58553339993729,-65.62373405944655,2286,-35.355634253721355,-40.379915972106836
0.006578947368421,0.0126315789473684,319060,-74.18891923425362,-74.37981961429585,221392,-78.75807347780929,-77.86916021441414,94536,-64.74972890784885,-65.73723845722017,3132,-36.120305060475786,-41.26688472863497
0.0138157894736842,0.0147368421052631,315617,-67.5417899747632,-68.66772933458313,140287,-76.917222077667,-75.90500256535718,156321,-62.849536350247305,-63.793036993731604,19009,-36.93768325783375,-42.37634124849338
0.0007894736842105,0.0031578947368421,319996,-84.28184545381671,-84.27181164234102,319996,-84.28184545381671,-84.27181164234102,0,,,0,,
0.0051315789473684,0.0073684210526315,319977,-75.56300437201357,-75.55931631404611,277123,-76.84122661939837,-76.43371783350138,42794,-67.34183377419657,-67.94389180081868,60,-35.429516054731195,-40.633263303937255
0.0167105263157894,0.0073684210526315,316704,-55.56834897366303,-61.577594450386925,40805,-72.56193189846543,-72.01338310396436,183547,-62.8555296754993,-63.58783732792774,92352,-33.57680241780602,-33.13732429560932
0.0225,0.02,311666,-61.12506120473943,-63.80450881135673,90180,-76.5729556875124,-75.38146065741284,163483,-61.656681786768914,-62.232270275714306,58003,-35.609104235817384,-37.19730205066899
0.0051315789473684,0.0010526315789473,319996,-75.75320233775315,-75.75038394024912,319996,-75.75320233775315,-75.75038394024912,0,,,0,,
-0.0035526315789473,0.0042105263157894,319996,-91.81068712973429,-91.79279984729314,319996,-91.81068712973429,-91.79279984729314,0,,,0,,
0.0123684210526315,0.0073684210526315,317501,-66.50424114167059,-67.23962112412121,110832,-74.1147818395162,-73.55295960082175,197801,-63.57973233998634,-64.31124302963235,8868,-36.61918463042997,-42.13180850206418
-0.0006578947368421,0.0063157894736842,319996,-86.78878232896382,-86.76833667586006,319971,-86.79016290545226,-86.7685204931261,25,-69.11900474600316,-69.08309156110863,0,,
0.0080263157894736,0.0105263157894736,318952,-71.57725273003999,-71.84078953379947,189320,-76.76987635697422,-76.02146571630156,126146,-64.76683290453184,-65.66649612480172,3486,-36.01779038275203,-41.34396520543764
0.0094736842105263,0.0178947368421052,316895,-72.7531757937703,-73.4655226238542,196189,-80.31593416043205,-79.17350489872743,108135,-63.26152667846887,-64.26278079276358,12571,-36.371780191679434,-41.2854653501716
0.0152631578947368,0.0147368421052631,315121,-65.67083696749671,-67.45957454062918,124235,-76.19422752505687,-75.08952130248119,163454,-62.62812337830339,-63.41806396707817,27432,-36.14219454585473,-38.82475228157098
0.0181578947368421,0.0126315789473684,314373,-60.692586957991864,-64.13385592752832,77144,-74.64931620069868,-73.7562657724984,182949,-62.482347564901836,-63.28400239728859,54280,-34.824627599610444,-34.064938888857796
0.0181578947368421,0.0084210526315789,314685,-62.367420484966466,-63.994796585055816,49229,-72.84783040043476,-72.23209516231333,243763,-62.479970742169904,-63.22944615330296,21693,-37.318986055645425,-42.91415585237397
-0.0021052631578947,0.0010526315789473,319996,-89.5518855471118,-89.54756904382538,319996,-89.5518855471118,-89.54756904382538,0,,,0,,
-0.0006578947368421,0.0084210526315789,319996,-86.66294033783558,-86.63562822669053,319342,-86.70068327686757,-86.65084910565923,654,-68.23342101620582,-68.62105391403472,0,,
0.0167105263157894,0.0,315968,-62.60464690075766,-64.36298694192216,0,,,301020,-63.88644560614749,-64.79792663623564,14948,-36.79202673107282,-42.71905394499766
0.0036842105263157,0.0031578947368421,319996,-78.61992335918997,-78.6100015856691,319979,-78.6203984285249,-78.61009896037721,17,-69.67802861076778,-69.63874744699535,0,,
0.0152631578947368,0.0031578947368421,316470,-63.67134680462372,-64.98701331350361,63205,-71.62639621404814,-71.40244271384925,240407,-63.02039055338262,-63.5278654608932,12858,-36.738351126404034,-42.268612402682535
-0.0035526315789473,0.0073684210526315,319996,-91.62595720904596,-91.59612481157649,319996,-91.62595720904596,-91.59612481157649,0,,,0,,
0.0210526315789473,0.0105263157894736,314978,-51.24619207571827,-56.74193861448154,31910,-73.04285040959685,-72.33844089537018,152616,-61.910743381826435,-62.54330854626677,130452,-33.43801336196098,-32.78972801418496
0.0225,0.0157894736842105,312089,-58.812867560738795,-62.360385337207546,68409,-74.78919750133774,-73.90876126290536,176261,-61.71684595462822,-62.312716781572355,67419,-35.0097424685278,-34.738682344221324
-0.0021052631578947,0.0136842105263157,319968,-88.79655004148599,-88.76251417975132,313323,-89.27511461845408,-88.99876397505133,6561,-66.63837486021518,-67.60743169141935,84,-34.44534069553987,-39.859409595839495
-0.0035526315789473,0.0136842105263157,319986,-91.14069796342751,-91.10040986778304,316717,-91.39460833858986,-91.2160886449079,3245,-66.78480861926148,-67.84564076337162,24,-33.521057610005954,-37.339416504550876
0.0051315789473684,0.0178947368421052,318467,-77.79870170979281,-78.036018085466,241950,-82.83222554033738,-81.67375814708673,70872,-63.933578577666836,-64.95807141875062,5645,-36.1313705884066,-41.309895017114165
0.0167105263157894,0.0010526315789473,315934,-62.60010892062292,-64.31800116739885,17527,-70.37762388791785,-70.30232564813204,283351,-63.48766165971798,-64.25054543625325,15056,-36.84257298763256,-42.38349830861048
0.0123684210526315,0.0021052631578947,318281,-64.08268365003059,-63.090236896436146,70500,-72.95024911467489,-72.99124707671993,241695,-62.19110622961493,-61.91263774214465,6086,-36.48186856129248,-41.93407608190046
0.0123684210526315,0.0,318372,-63.68149662575557,-62.63307582593821,66597,-72.84937107421652,-73.15336388912272,245998,-61.83827047604523,-61.326514437039094,5777,-36.48347199918245,-41.94016668601006
0.0152631578947368,0.011578947368421,315632,-64.61586911049048,-66.37422847110534,101167,-74.83999000307179,-73.96965590066307,189512,-62.906865787948604,-63.787931450063006,24953,-36.14366133273999,-37.514726472316696
0.0225,0.0136842105263157,311834,-57.91402534903517,-61.7226289756386,52870,-74.04836172670964,-73.2459613155182,190787,-61.72386478210347,-62.33944156466912,68177,-34.74066482855966,-34.015214879780984
-0.0035526315789473,0.0031578947368421,319996,-91.86044396361909,-91.84704350386887,319996,-91.86044396361909,-91.84704350386887,0,,,0,,
0.0181578947368421,0.0157894736842105,313440,-63.61194729805807,-65.79514185191468,102335,-75.74778987324628,-74.73506743983272,173694,-62.34994368871597,-63.16601904003052,37411,-36.27456003199152,-39.83543452054601
0.0109210526315789,0.0052631578947368,318851,-65.92934155826086,-65.7740479087358,71684,-73.80303370270951,-73.30646783795777,243214,-64.08965226132511,-64.44276423131903,3953,-36.33673973237594,-41.829525223253555
0.0109210526315789,0.0063157894736842,318590,-66.51210825278879,-66.65124616547473,92666,-73.97478816732693,-73.41761164366669,221090,-64.0418445606271,-64.55360449804844,4834,-36.43637443802666,-41.82249497193685
0.0080263157894736,0.0136842105263157,318319,-72.74538537530724,-73.2249440412523,201352,-78.6503979345498,-77.73056810636584,110830,-64.04141804114306,-65.01335597214825,6137,-36.192445961393645,-41.627323388303104
0.0167105263157894,0.0042105263157894,315833,-62.81845068931193,-64.49849068369628,37694,-71.52050572791075,-71.23587352150564,262867,-63.07934549703545,-63.90869454180759,15272,-36.849625516000934,-42.3226231781231
0.0210526315789473,0.0136842105263157,313275,-56.756583013071086,-61.48590694697001,55613,-74.13434890304254,-73.35399136853391,173316,-62.02695196436434,-62.731669166896516,84346,-34.468994276185875,-33.57830440059778
0.0123684210526315,0.0178947368421052,315816,-69.78331466389565,-70.76958635715705,166914,-78.83450986073582,-77.6189791060098,130566,-62.88987538073622,-63.78877933423887,18336,-36.476028361518686,-41.24999774021572
0.0007894736842105,0.0178947368421052,319460,-84.19203581253602,-84.24992589258639,283564,-86.83147386590434,-85.92384994778834,34106,-64.81171003031788,-65.94885917258004,1790,-35.32934249576635,-40.52870744038306
0.0051315789473684,0.011578947368421,319549,-76.12868582171411,-76.21933021379918,251184,-79.18160226435292,-78.36666859492712,66813,-65.57609941291724,-66.62701707788167,1552,-36.31308788560298,-41.68592286388366
