ou_mean,ou_std,ITS4_V_num_-200_0,ITS4_V_mean_-200_0,ITS4_V_median_-200_0,ITS4_V_num_-200_-70,ITS4_V_mean_-200_-70,ITS4_V_median_-200_-70,ITS4_V_num_-70_-50,ITS4_V_mean_-70_-50,ITS4_V_median_-70_-50,ITS4_V_num_-50_0,ITS4_V_mean_-50_0,ITS4_V_median_-50_0
0.0019473684210526,0.0051315789473684,315994,-79.94852154981365,-80.45369520377099,242042,-86.08915843213423,-84.73287375600029,65577,-63.26183802537003,-64.16963861455423,8375,-33.139042530325966,-37.66300747878488
-0.0002631578947368,0.0023684210526315,319964,-87.50164206016933,-87.49101051448821,311240,-88.08756790987603,-87.78578044268482,8658,-66.85554238487454,-67.58238899589708,66,-32.810271241980075,-37.23358177027697
0.0008421052631578,0.0055263157894736,317031,-85.45341925911838,-85.79570962890661,264449,-90.60024875306894,-89.1687243466081,46264,-63.15040870191815,-64.13501575558428,6318,-33.34081520286222,-37.98721815591085
0.0023157894736842,0.0035526315789473,316091,-76.05128073042793,-77.12255397144656,226628,-82.16301985564748,-81.33897290379949,81297,-63.32255773102484,-64.29139047739619,8166,-33.15583365869302,-37.70000296421881
0.0002894736842105,0.0035526315789473,318991,-84.26916793757103,-84.47054677860844,277131,-87.45942982342797,-86.66631275879837,39819,-64.69140130249448,-65.7194658186069,2041,-33.042623573387225,-37.377211133062495
0.0008421052631578,0.0019736842105263,319376,-76.59262257951215,-76.3064710752455,250055,-79.7637216511138,-78.7021820304835,68039,-65.75926377572698,-66.69715736005416,1282,-33.02142234658752,-37.558518175288434
0.0021315789473684,0.0011842105263157,317074,-72.36767340281702,-72.85712667480252,184876,-79.91158473622096,-80.36122799680169,126055,-63.212630337221555,-63.73176319965021,6143,-33.19313359478354,-37.745177900615154
0.0008421052631578,0.0071052631578947,316221,-87.87502755535373,-87.73705586476271,262146,-93.96966118862632,-91.90239777939462,45775,-62.832427940591835,-63.903321881260986,8300,-33.494445499671045,-38.07188128783045
0.0008421052631578,0.0003947368421052,319996,-74.38603507135727,-74.37867531607765,319278,-74.39696425645293,-74.38283655751165,718,-69.52607913963102,-69.64365820637221,0,,
0.0017631578947368,0.0003947368421052,318351,-69.37915397785183,-66.18823137524288,124333,-80.1372860866548,-80.7975170944946,190492,-63.02601026439461,-63.075425936228086,3526,-33.25669588939292,-37.9885032005333
0.0002894736842105,0.0051315789473684,317991,-87.22743962807377,-87.26932992908526,273835,-91.49157501326546,-90.14836506838586,40029,-63.64337196979962,-64.62229410102545,4127,-33.04210672017151,-37.45776027596834
0.0013947368421052,0.0075,315483,-85.82126551138327,-85.70553993653756,252033,-92.8201063759477,-90.69028742490295,52943,-62.81040313579592,-63.855017477178684,10507,-33.886862459319424,-38.604344563360165
0.0002894736842105,0.0059210526315789,317411,-88.66314629611014,-88.70613180445018,272277,-93.47860170038807,-91.9073484771938,39776,-63.193434311880445,-64.20840631018369,5358,-33.03520915055979,-37.54844459955913
0.0002894736842105,0.0055263157894736,317678,-88.04398428473534,-88.16729106511119,273350,-92.58002320271683,-91.17147933286574,39487,-63.357272811795795,-64.30924614088974,4841,-33.27801396904375,-37.85274903424491
0.0017631578947368,0.001578947368421,317730,-73.0432486040012,-72.53371374768977,187992,-80.04501988261487,-80.00840943166591,125005,-64.02702141033856,-64.65597977101477,4733,-33.06786177422194,-37.57008284597824
0.0013947368421052,0.0071052631578947,315667,-85.3805350684294,-85.34906130338557,253511,-92.03144205455064,-90.04987668541767,52360,-62.844988182787255,-63.82423111491866,9796,-33.714870917107476,-38.3944086121128
0.0006578947368421,0.0011842105263157,319996,-76.68612299296899,-76.6684225074525,295571,-77.41675532478523,-77.1131521178526,24425,-67.84461924896672,-68.32286299381664,0,,
-0.0002631578947368,0.0067105263157894,317518,-92.7917315538294,-92.46938283371796,278803,-97.47739397182265,-95.57218870684682,33588,-63.0267257885303,-63.988411604300666,5127,-32.98488047543965,-37.49372572037635
0.0004736842105263,0.0075,316429,-90.13094004882235,-89.81630053600433,266523,-96.12446357501106,-93.93025932054782,41947,-62.75386643256915,-63.73729577662707,7959,-33.7135806080095,-38.45874543439902
0.0004736842105263,0.0067105263157894,316731,-89.09326132411148,-89.02013088486484,268905,-94.53585575026413,-92.61636084550022,40798,-62.81410412785332,-63.716300398172486,7028,-33.401201154555984,-38.035857549645385
0.0001052631578947,0.0047368421052631,318385,-87.7227718041991,-87.77233675477122,279479,-91.40680293663432,-90.23589846854692,35619,-63.84920997029175,-64.98750752134839,3287,-33.18765227273773,-37.82471887040783
0.0019473684210526,0.0007894736842105,317557,-71.58493691671983,-70.92465658137884,166157,-80.13638710422296,-80.6861740730343,146272,-63.21683840278504,-63.511758053119365,5128,-33.19476472976968,-37.76487745763282
-0.0004473684210526,0.0051315789473684,318712,-91.64805544767891,-91.54526428156558,287957,-94.89083089242573,-93.65852702483835,28145,-63.91305607329372,-64.92880154502049,2610,-32.95903960442748,-37.465440293924374
-0.0002631578947368,0.0011842105263157,319996,-88.01685219372033,-88.00661859098739,319972,-88.01826673050657,-88.00703746492896,24,-69.15801200295643,-69.12755710089283,0,,
0.0013947368421052,0.001578947368421,318727,-72.51875758182389,-71.6221897704463,183087,-78.64485912353663,-77.0028576245189,132990,-64.87089064791878,-65.55709942651457,2650,-33.07735025068678,-37.745175116461354
-7.894736842105256e-05,0.0007894736842105,319996,-86.10183737191696,-86.09201472000402,319996,-86.10183737191696,-86.09201472000402,0,,,0,,
-0.0006315789473684,0.0059210526315789,318416,-93.87020224334344,-93.55601503063141,287863,-97.42809153655642,-95.86304536211827,27252,-63.63389056342178,-64.75055861948573,3301,-33.226542833789466,-38.05817333682133
0.0001052631578947,0.0039473684210526,318934,-86.19316821403261,-86.39009297796798,280533,-89.40892493710095,-88.54913511854566,36290,-64.4406813878876,-65.47701503073962,2111,-32.792820572278195,-37.10615868657575
0.0001052631578947,0.0051315789473684,318139,-88.43159313770252,-88.51274159488474,278047,-92.41188896350481,-91.17782537088468,36369,-63.69234158453652,-64.81046645686737,3723,-32.8400073897175,-37.32046174669024
0.0019473684210526,0.0,317726,-70.74918356309566,-69.6099879685416,155726,-79.98918351139281,-80.76208493849876,157142,-62.75668851421537,-62.75244113406816,4858,-33.089328689201686,-38.03247822293186
0.0012105263157894,0.0075,315659,-86.68085452029683,-86.4499682284194,255668,-93.41008282997169,-91.25887868496763,50005,-62.840577051416105,-63.81368597753222,9986,-33.77525982306279,-38.48426892581726
0.0002894736842105,0.0019736842105263,319942,-81.38653929220519,-81.36422525440815,297323,-82.52600309951643,-82.04078667130509,22512,-66.56668865690048,-67.21088390701196,107,-33.121865654641205,-36.862323954362466
0.0001052631578947,0.0027631578947368,319649,-84.19265016786156,-84.2141822856407,291937,-86.06817317710214,-85.37570454782396,27024,-65.23816595656743,-66.40528925408495,688,-32.87204054191178,-37.24930576743097
0.0013947368421052,0.0,319996,-66.97862386097412,-66.97862389193725,0,,,319996,-66.97862386097412,-66.97862389193725,0,,
0.0008421052631578,0.0047368421052631,317516,-83.81650634756575,-84.3193265868681,263181,-88.59825221350535,-87.50666223412544,49224,-63.53523042570395,-64.46125949184562,5111,-32.91861302607872,-37.2978966334444
0.0019473684210526,0.0047368421052631,316114,-79.39100559676059,-80.06348278613129,241447,-85.37696329297698,-84.18375535758106,66606,-63.30334542805812,-64.20096417784993,8061,-33.02494249270844,-37.544769938494134
0.0017631578947368,0.0043421052631578,316530,-79.18247000889595,-79.81978739228933,240965,-85.02234350529301,-83.94555530086443,68364,-63.44824600682441,-64.44983752095757,7201,-33.1401665258104,-37.69652012637134
0.0006578947368421,0.0031578947368421,318771,-81.0664837215145,-81.33871986897041,263892,-84.7980744656796,-83.95672580505621,52361,-64.56479720425605,-65.67646745370322,2518,-33.134737522531665,-37.66584407104541
-0.0008157894736842,0.0011842105263157,319996,-93.56107640820412,-93.55735629798119,319996,-93.56107640820412,-93.55735629798119,0,,,0,,
0.0012105263157894,0.0031578947368421,317830,-78.74732519412585,-79.50535978536692,246144,-83.6352078430613,-82.94755156578833,67219,-63.887073669986385,-64.88543500531573,4467,-33.027213365507905,-37.50567858220157
0.0019473684210526,0.0075,314885,-83.5629480525999,-83.70880811024598,242872,-91.18812378714746,-88.97069286993639,59970,-62.680928816200684,-63.588757221007526,12043,-33.77078767776235,-38.26770516002517
-7.894736842105256e-05,0.0027631578947368,319791,-85.78122015361126,-85.85389078584426,298417,-87.28883159484619,-86.75092176882161,20953,-65.36845890710224,-66.23051335406386,421,-33.077426659834096,-37.62613098490017
0.0012105263157894,0.0003947368421052,319996,-69.40390915605663,-69.40306349331149,112710,-71.03196012969039,-70.87306782627613,207286,-68.51867028204558,-68.70427130110235,0,,
0.0006578947368421,0.0043421052631578,317981,-83.8657606201986,-84.27192067050999,266433,-88.2454177844057,-87.28297841818416,47444,-63.68030120809144,-64.65308056320524,4104,-32.88957619447083,-37.359048689807494
0.0002894736842105,0.0011842105263157,319996,-81.49684232114637,-81.47280740605567,318086,-81.57537260673128,-81.50827251866446,1910,-68.41863058263817,-68.89409051909288,0,,
0.0025,0.0011842105263157,316450,-72.05480662822046,-73.15071938250702,187704,-79.33235603781431,-79.77391037038416,121333,-63.17101423582338,-63.77175439920125,7413,-33.186878389762505,-37.63850192383774
-0.0006315789473684,0.0047368421052631,319057,-92.50513906060357,-92.43881248785088,294599,-95.04877200672078,-93.95640175108365,22557,-64.31444053615824,-65.49375837817074,1901,-32.82384727876942,-37.29490425507788
0.0023157894736842,0.0039473684210526,315969,-76.70193402605706,-77.68063599192213,229515,-82.84515265665289,-81.94953064203625,78124,-63.303385170191454,-64.16137434974411,8330,-33.09898166284546,-37.55458952429781
-0.0008157894736842,0.0027631578947368,319964,-92.76031450170989,-92.76446251074466,315609,-93.12655112060601,-92.9445371070955,4290,-66.72894438007309,-67.83948620259244,65,-32.56038786562137,-37.23922062373241
0.0025,0.0051315789473684,315262,-78.0319773290972,-78.80853512512101,231416,-84.76914724793913,-83.61953470773169,73675,-63.028945582952765,-63.97320825395975,10171,-33.42077390352167,-38.02030724536503
-0.0002631578947368,0.0043421052631578,319012,-89.43806580906367,-89.47300014259682,289507,-92.21135486469255,-91.22945149604865,27501,-64.3617621943745,-65.46485018243804,2004,-32.919518443613775,-37.29731538294978
-0.0008157894736842,0.0075,317617,-96.80856780502427,-96.18487311002974,283128,-101.45548394248645,-99.27323263692904,29462,-63.019669724238,-64.00921912031968,5027,-33.115797383050484,-37.71835951113226
0.0006578947368421,0.0047368421052631,317724,-84.78800115397968,-85.25269013441272,267600,-89.30848118272723,-88.20730091968073,45437,-63.51121373863791,-64.50513696134297,4687,-32.95803189817441,-37.32314125026878
-0.0006315789473684,0.0043421052631578,319295,-92.00867065942074,-92.00580777834931,297243,-94.2036270880066,-93.3050225214886,20672,-64.41257229925127,-65.56784752607209,1380,-32.6109254415068,-36.852262288730934
-7.894736842105256e-05,0.0039473684210526,319068,-87.6149765510693,-87.70703808132035,287782,-90.33103295239636,-89.42715701389062,29406,-64.52855949430479,-65.64105631080223,1880,-32.9591450002862,-37.47041750422239
0.0021315789473684,0.0019736842105263,316913,-73.47681382448664,-74.24137593999258,201899,-79.99771202922744,-79.70946317529814,108625,-63.73078024121929,-64.54756067528471,6389,-33.11057049117172,-37.683123210734266
-0.0002631578947368,0.0007894736842105,319996,-88.17121755287096,-88.16358961002166,319996,-88.17121755287096,-88.16358961002166,0,,,0,,
0.0002894736842105,0.0,319996,-81.81356997762911,-81.81356998071358,319996,-81.81356997762911,-81.81356998071358,0,,,0,,
-0.0006315789473684,0.0007894736842105,319996,-91.96729008290009,-91.96148626809884,319996,-91.96729008290009,-91.96148626809884,0,,,0,,
0.0006578947368421,0.0007894736842105,319996,-76.78412531230043,-76.768601772783,315267,-76.90115621402919,-76.82489446309012,4729,-68.98205694788666,-69.33583287997854,0,,
-0.0004473684210526,0.0019736842105263,319996,-89.56060342503683,-89.55192636684001,318661,-89.65446489935064,-89.5925538352615,1335,-67.15611558509781,-67.83725985525699,0,,
0.001578947368421,0.0059210526315789,316009,-82.81554624483687,-83.09095892596355,250678,-88.96512337081973,-87.35621537035317,56943,-63.05053446203892,-64.01683511184912,8388,-33.210797933049776,-37.75712685182708
0.0013947368421052,0.0043421052631578,316987,-80.66159663994598,-81.32766649889828,249935,-86.02894704504428,-84.95490763696287,60764,-63.49250675805496,-64.43470688469351,6288,-33.23377445244462,-37.880997396101435
0.0001052631578947,0.0055263157894736,317944,-88.86452193836445,-88.77353411247901,276212,-93.15226712012499,-91.67977754872665,37459,-63.60209503462348,-64.59576360660982,4273,-33.16093599003587,-37.81474183106763
0.0006578947368421,0.0003947368421052,319996,-76.87080787285306,-76.86347071305171,319996,-76.87080787285306,-76.86347071305171,0,,,0,,
0.0010263157894736,0.0075,315831,-87.56354565743862,-87.35612456653114,258864,-94.06851505998293,-91.96913159831387,47463,-62.87004259429843,-63.87801401954409,9504,-33.70467954481225,-38.33611097672222
-7.894736842105256e-05,0.0067105263157894,317315,-91.8735248593748,-91.64605565640207,276427,-96.74774118172807,-94.82732884181283,35298,-63.02055706944319,-64.04743426598768,5590,-33.03400101498311,-37.61883485297801
0.0013947368421052,0.0023684210526315,318000,-75.79402399774511,-75.99954870757202,224091,-81.21234380934436,-80.38797064221323,89836,-64.21886375101144,-65.18751396946757,4073,-32.99249957458867,-37.37266910136351
0.0023157894736842,0.0019736842105263,316571,-73.33646916379489,-74.2052726615415,198003,-80.25551357737905,-80.26236563925397,111416,-63.62298894611279,-64.51136944837559,7152,-33.102347367144894,-37.6120776793275
-0.001,0.0059210526315789,318712,-96.18585091769559,-95.94015137761188,293328,-99.27018812550702,-97.8241321716163,22753,-63.736919890024595,-64.86080431004072,2631,-32.93539982673495,-37.32243309138192
0.0023157894736842,0.0023684210526315,316489,-73.9214719962896,-74.88497952534901,206802,-80.46994655407936,-80.18095697663583,102362,-63.61061409972207,-64.39432964187719,7325,-33.129990837027655,-37.64826734631548
0.0002894736842105,0.0047368421052631,318197,-86.6845489858872,-86.88224168082357,275295,-90.6601889073025,-89.51936545716423,39244,-63.8118457421153,-64.92733480758118,3658,-32.868959574339755,-37.282691351027864
0.0006578947368421,0.0051315789473684,317509,-85.44970707717356,-85.77119155221372,267082,-90.20906763563288,-88.94470744940867,45281,-63.34618655888231,-64.29820958051218,5146,-32.92929819926891,-37.35220651233231
0.0013947368421052,0.0011842105263157,319065,-70.89377833129403,-69.47677914774378,149624,-77.65744050827169,-75.39047253047481,167486,-65.29401813004796,-65.92858552787544,1955,-32.978303905610986,-37.45679532521588
-0.0002631578947368,0.0003947368421052,319996,-88.2939353929449,-88.2897565634546,319996,-88.2939353929449,-88.2897565634546,0,,,0,,
0.0025,0.0,316669,-71.34980633782297,-72.48796057548543,179810,-79.13715190119936,-80.02850138363989,129440,-62.752373289480445,-63.05696493795013,7419,-32.61266225192767,-36.68082546738921
-0.001,0.0071052631578947,318117,-97.38920627910709,-96.76617682936063,287080,-101.49112849153931,-99.45994525282532,27083,-63.294842422587664,-64.3861210106719,3954,-33.09932959247874,-37.22234928095269
0.0021315789473684,0.0043421052631578,316040,-78.00545713293208,-78.84057893870747,235958,-84.08333343681458,-83.05661402457119,71872,-63.190733239928235,-64.04469997516618,8210,-33.016455759786346,-37.57885538098708
-0.0002631578947368,0.0031578947368421,319678,-87.86175027845078,-87.91762197270612,299364,-89.48272807549115,-88.86910518014169,19652,-65.02605895902121,-66.05066905519557,662,-32.73276021233943,-37.407865095972994
0.0025,0.0007894736842105,316494,-71.65919582040306,-72.81075170589897,183908,-79.16061421677598,-79.86589184734075,125206,-62.903566614834396,-63.362326138203045,7380,-33.26982669740634,-37.83013893226379
0.0010263157894736,0.0059210526315789,316605,-85.30920498469865,-85.5896001561021,260459,-90.92604255696271,-89.38241185080028,48876,-63.10388991767234,-64.14822515697256,7270,-33.362998929906205,-38.126288291923025
0.0023157894736842,0.0011842105263157,316792,-72.0384063377185,-72.49980796505052,180171,-79.80844870527184,-80.38040681517057,129935,-63.266098073938245,-63.74956619001398,6686,-33.13526108642258,-37.60490427094304
0.0017631578947368,0.0019736842105263,317494,-74.1614345093787,-74.24436238445145,203663,-80.65787500468521,-80.39371521613255,108674,-63.93399683665057,-64.68575939543058,5157,-33.12439767603311,-37.71790260225528
-0.001,0.0003947368421052,319996,-95.50376818049764,-95.50074988921304,319996,-95.50376818049764,-95.50074988921304,0,,,0,,
0.0010263157894736,0.0051315789473684,317056,-83.76781185596136,-84.20300593694182,259853,-88.9950625664478,-87.70505301286533,50973,-63.28900368083357,-64.29613657016188,6230,-33.294217993802924,-38.01198689060732
0.0025,0.0067105263157894,314526,-80.59995627215939,-81.19945806188707,235221,-88.1699460705891,-86.47106408675309,66955,-62.67318910211995,-63.60073551407416,12350,-33.609359146130984,-38.184343784274404
0.0012105263157894,0.001578947368421,319085,-73.16264368204315,-72.2789314172155,198703,-78.14433820479408,-76.52204073289296,118507,-65.44373552163928,-66.21111239417823,1875,-33.091711741140635,-37.580614221440875
0.0017631578947368,0.0063157894736842,315716,-82.53473608660646,-82.79671556083713,246435,-89.16044338899675,-87.4585851409098,59883,-62.9796793602665,-63.93749792970071,9398,-33.39760934462621,-37.921274003659626
-0.0008157894736842,0.0,319996,-93.91611901381933,-93.9161190055764,319996,-93.91611901381933,-93.9161190055764,0,,,0,,
0.0002894736842105,0.0075,316565,-91.12559247937887,-90.80196250910637,269868,-96.86637535981829,-94.67737750009681,39174,-62.63580599244767,-63.53261633071217,7523,-33.5428863063914,-38.1934161898592
-0.0008157894736842,0.0043421052631578,319367,-93.43008719245358,-93.45659116687693,300899,-95.34038587256458,-94.54619907182898,17197,-64.47370234489888,-65.66182948850229,1271,-32.970596772852275,-37.516289697405554
-0.001,0.0035526315789473,319853,-94.23102238795855,-94.25539102151092,309592,-95.20870745818097,-94.80106980843163,9979,-65.63511584714698,-66.56609481421042,282,-32.79511852433952,-37.12541610021191
0.0017631578947368,0.0059210526315789,315864,-81.9677834446879,-82.24855908749336,246686,-88.34586222079217,-86.7824742277221,60290,-63.04390123868379,-63.99473310587149,8888,-33.310955951205315,-37.840924341691704
0.0004736842105263,0.0,319996,-79.41631578435684,-79.41631579187616,319996,-79.41631578435684,-79.41631579187616,0,,,0,,
0.0008421052631578,0.0039473684210526,317965,-82.07930484043477,-82.58531288693403,260205,-86.64538920869546,-85.84003914322689,53629,-63.709166258248274,-64.6868537350659,4131,-32.95177615023947,-37.248011981702966
0.0002894736842105,0.0007894736842105,319996,-81.6169431219136,-81.60204751314845,319967,-81.61806261432484,-81.60229119020774,29,-69.26519731654987,-69.26070303416786,0,,
0.0023157894736842,0.0,316888,-71.42000822395455,-72.10329799671783,176088,-79.46896128047031,-80.37226285520927,134140,-62.76606637981354,-63.028668339955956,6660,-32.90885404337338,-37.637720791318806
-0.0002631578947368,0.0063157894736842,317841,-92.0584781200873,-91.73413130908234,279195,-96.52321773383474,-94.75338610678627,34094,-63.3549551350069,-64.37289303854239,4552,-33.20191752982196,-37.61317322714963
0.0004736842105263,0.0031578947368421,319027,-82.23896635668491,-82.47672575408781,271720,-85.50017125827686,-84.70117015244111,45306,-64.86228084551678,-65.91097865376233,2001,-32.83042957927946,-37.31696959587821
0.001578947368421,0.0011842105263157,318553,-70.91339747557741,-69.20089448215242,146508,-79.01207881066765,-77.97607099513712,169041,-64.56412485168349,-65.06544483989744,3004,-33.218919637447065,-37.76946696780428
0.0001052631578947,0.0023684210526315,319869,-83.65727638145654,-83.65738982057051,297975,-84.98783311872755,-84.46850397129384,21636,-65.94433767866461,-66.74026265959533,258,-32.356880975535475,-36.593564838823724
0.0019473684210526,0.001578947368421,317259,-73.3004898932856,-73.62190539668515,194006,-80.30723403456365,-80.43669698575869,117555,-63.68348484597135,-64.3766423071437,5698,-33.141947328216084,-37.63724253249495
0.001578947368421,0.0043421052631578,316754,-79.87772011523955,-80.5618482938087,245903,-85.44113757094952,-84.41219819226734,64140,-63.451395512359554,-64.47048067907666,6711,-33.0178508583883,-37.48671612426873
0.0012105263157894,0.0,319996,-69.49969300036012,-69.4996930254077,0,,,319996,-69.49969300036012,-69.4996930254077,0,,
0.0001052631578947,0.001578947368421,319996,-83.62262538496026,-83.59754801311945,315636,-83.83960616637785,-83.70100882691476,4360,-67.91461026488847,-68.63176254108922,0,,
-0.001,0.0043421052631578,319552,-94.63441266835781,-94.59867418970107,303548,-96.31922780975519,-95.55007667570734,15114,-64.4495109606359,-65.52664085436369,890,-32.60333162299817,-36.950951705543254
0.0002894736842105,0.001578947368421,319985,-81.39294164846946,-81.3619532298335,308924,-81.88775766997388,-81.6269993166085,11039,-67.63963027530048,-68.20367219790914,22,-34.22292442909995,-38.36645605286014
0.0017631578947368,0.0011842105263157,317929,-71.77095148337106,-70.28433991392183,162210,-80.13696983737862,-80.3691032225893,151392,-63.9105237872855,-64.38997146947412,4327,-33.165458662068126,-37.84554705593632
0.0021315789473684,0.0055263157894736,315581,-79.90368820241069,-80.54739813451333,239542,-86.45771850142069,-85.11373259387912,66500,-62.96765883386765,-63.885297091720034,9539,-33.38732664697025,-38.05213376430947
0.0025,0.0027631578947368,316109,-74.17934897092209,-75.46912706733741,212744,-80.54925203261233,-80.00239345651092,95298,-63.44273049078662,-64.28056008900806,8067,-33.02645582151369,-37.50695771212668
0.0013947368421052,0.0063157894736842,316031,-84.26407616087435,-84.42865497054832,254440,-90.38508746246173,-88.6519313917047,53129,-63.068342818460984,-64.09660393211594,8462,-33.29243838885622,-37.851225294823536
-0.0002631578947368,0.0055263157894736,318277,-91.12853882322604,-90.98681361498063,283462,-94.87806063111383,-93.48426062929607,31345,-63.649664303485636,-64.79102085566139,3470,-33.053141449676225,-37.74462674666152
0.0021315789473684,0.0023684210526315,316757,-74.28148920911626,-75.1297845780728,210845,-80.55094528263417,-80.11719158442344,99213,-63.74355400955251,-64.65774856269512,6699,-33.02409245339735,-37.51322002520804
0.0012105263157894,0.0047368421052631,317026,-82.26289203993205,-82.85555168484656,256055,-87.48020011826677,-86.27716546185938,54772,-63.42391031662084,-64.40507584624177,6199,-33.21157520676587,-37.63961908309669
-0.001,0.0019736842105263,319996,-94.8458207409921,-94.84597071325253,319874,-94.8561596318084,-94.84973860494344,122,-67.73809647063162,-68.869735828213,0,,
0.0008421052631578,0.0059210526315789,316753,-86.18301275749972,-86.42580878368669,264288,-91.55098914070501,-90.00637252456757,45661,-63.00474202050901,-63.954609228818946,6804,-33.221707313227505,-37.8526469311183
-7.894736842105256e-05,0.0,319996,-86.31190475946102,-86.31190475554335,319996,-86.31190475946102,-86.31190475554335,0,,,0,,
-0.0004473684210526,0.0075,317241,-94.95728551876198,-94.41714763747757,279743,-99.88206755017092,-97.67648599339256,31644,-62.86759865855855,-63.888683329461166,5854,-33.08040666530269,-37.60421297628437
0.0021315789473684,0.0035526315789473,316388,-76.38101678718714,-77.30717142410701,227357,-82.43370140270493,-81.56645362465632,81516,-63.48753662237531,-64.40620041295072,7515,-33.12149755691765,-37.6064601909458
0.0001052631578947,0.0,319996,-84.11913871180005,-84.11913871098054,319996,-84.11913871180005,-84.11913871098054,0,,,0,,
0.001578947368421,0.0007894736842105,318908,-69.05645852538686,-66.88694466964213,102274,-79.49283521845729,-79.45691971499164,214318,-64.46369595894659,-64.78054367671717,2316,-33.19363374441434,-37.6521516624034
0.0008421052631578,0.0043421052631578,317676,-83.14239219992982,-83.78855489630527,263415,-87.71491889096266,-86.81955918440222,49521,-63.616760146416304,-64.58592507735507,4740,-33.02777333993391,-37.3880474463228
0.0006578947368421,0.0071052631578947,316444,-88.70958710645851,-88.5324981530669,264502,-94.65079671559465,-92.62756639906223,44171,-62.85290693317309,-63.89301933518789,7771,-33.459760301473494,-38.101566295937644
0.0021315789473684,0.0047368421052631,315900,-78.61018603663298,-79.35473361447816,237417,-84.80136759931783,-83.62940981785061,69927,-63.158640982781,-64.02412394056002,8556,-33.096913235413616,-37.48880157839484
-0.0006315789473684,0.0019736842105263,319996,-91.40123035445082,-91.39775871248958,319300,-91.45341935203487,-91.41788591429142,696,-67.4587778708376,-67.94821578426162,0,,
0.0004736842105263,0.0003947368421052,319996,-79.32703120188928,-79.3202486572167,319996,-79.32703120188928,-79.3202486572167,0,,,0,,
0.001578947368421,0.0051315789473684,316357,-81.5546561287349,-82.07077394226874,250103,-87.30677670674865,-86.02776166775573,58716,-63.28261789442728,-64.34082716884018,7538,-33.032287336301174,-37.43601871877688
0.0019473684210526,0.0019736842105263,317168,-74.01664293030552,-74.61475059494083,205528,-80.44712013048542,-80.23981828501377,105826,-63.77567777651239,-64.52872974802543,5814,-33.10113903741552,-37.62321619084257
0.0021315789473684,0.0039473684210526,316207,-77.15722183465624,-78.02132229435415,230930,-83.30327322066576,-82.31750541119837,77426,-63.301376992363245,-64.17614408698003,7851,-33.022079329012826,-37.476222894841605
0.0019473684210526,0.0055263157894736,315851,-80.49281283138386,-80.89331355307314,241495,-86.94101579375723,-85.49660051840665,65412,-63.1302314946953,-64.11074136266396,8944,-33.36763349295807,-38.00130900801093
0.0002894736842105,0.0003947368421052,319996,-81.72263380612031,-81.71583345211809,319996,-81.72263380612031,-81.71583345211809,0,,,0,,
0.0019473684210526,0.0027631578947368,316886,-75.53539353671272,-76.51716017294245,223479,-81.38232894831057,-80.77869263433107,87002,-63.64205930963937,-64.48523267708225,6405,-33.080527896645414,-37.5124766500328
-0.0006315789473684,0.0027631578947368,319952,-91.03334850117591,-91.03222520983672,313056,-91.58353401315,-91.30748970286628,6815,-66.45155024760194,-67.35811823791984,81,-32.83679864350431,-37.05757338931362
0.0006578947368421,0.0063157894736842,316750,-87.64853939664194,-87.70741536217147,266873,-93.02928713809484,-91.27114380708717,43025,-62.92333845513039,-63.775171699983865,6852,-33.332351203965864,-38.06043403894492
-0.001,0.0031578947368421,319941,-94.28176681731324,-94.29250339849783,314031,-94.81957452625045,-94.55616824970905,5812,-66.27468212129895,-67.24318777167647,98,-31.923436286452688,-36.1734354001168
0.0013947368421052,0.0035526315789473,317350,-79.0788853846706,-79.99760600545451,244964,-84.28662637905452,-83.5420509960635,66936,-63.76899832801211,-64.75579573215597,5450,-33.03733218764881,-37.483368887306405
-7.894736842105256e-05,0.0011842105263157,319996,-85.9552410819948,-85.93980545614012,319916,-85.95954389443062,-85.94148744977446,80,-68.74850929171976,-69.3086141444313,0,,
-0.0008157894736842,0.0047368421052631,319230,-93.70472687774374,-93.62365045761459,297708,-96.00096888073567,-94.97982846671647,19968,-64.21061910762518,-65.40315594446422,1554,-32.783703536050155,-37.109963654512796
0.0008421052631578,0.001578947368421,319751,-75.0829691355328,-74.86133703364888,249814,-77.59478058139157,-76.70287117184907,69431,-66.35243294858573,-67.21223262103702,506,-32.956869254438494,-37.57365663126079
0.0010263157894736,0.0063157894736842,316429,-85.87297123944525,-85.96514562776116,260502,-91.64946445645843,-89.90151870262713,48282,-63.023901912476596,-64.11739874248111,7645,-33.343308613720374,-37.98381299545343
-0.0008157894736842,0.0035526315789473,319831,-92.6136546604937,-92.62873558771028,306413,-93.84648076248959,-93.3111807923424,13099,-65.2374921183821,-66.19285729959404,319,-32.571048855660656,-37.110940069940646
0.0010263157894736,0.0007894736842105,319996,-71.80127232115608,-71.7982216647398,230995,-73.24466775375511,-72.91981893920257,89001,-68.05505454884789,-68.47076089546493,0,,
0.0010263157894736,0.001578947368421,319504,-73.69150310397845,-73.21133012784108,219944,-77.35909267381452,-76.09721084025722,98536,-65.92546354253709,-66.75977656742404,1024,-33.23266900062823,-37.87019584481061
0.001578947368421,0.0067105263157894,315670,-84.02421829104928,-84.13963962575502,250799,-90.59803392994324,-88.75653520397637,55304,-62.94351093726856,-63.95354515428994,9567,-33.552916009720214,-38.139201635905444
0.0017631578947368,0.0067105263157894,315508,-83.15537944832374,-83.37946642193127,246300,-90.03787045996611,-88.20026987140716,59135,-62.91032775135527,-63.89009627500559,10073,-33.71962008494814,-38.47007909163478
0.0004736842105263,0.0059210526315789,317218,-87.82816303811715,-87.99130015516702,269878,-92.81586108837979,-91.28958363647953,41457,-63.13405947227269,-64.05371737541148,5883,-33.03868099161569,-37.5973107417035
0.0012105263157894,0.0043421052631578,317205,-81.50983429028024,-82.26288271897553,254665,-86.61364343536697,-85.63230239728114,56774,-63.532595734578805,-64.55558229607897,5766,-33.10161122886596,-37.56159891786752
0.0013947368421052,0.0027631578947368,317719,-77.13810539940668,-77.80483450213849,235442,-82.34637607602536,-81.77512553729267,77631,-63.97966706501896,-64.98257122813179,4646,-33.06945746406708,-37.648288697075174
-0.0008157894736842,0.0031578947368421,319908,-92.64352832670215,-92.67205859335445,311236,-93.40332307672179,-93.07196685869525,8502,-66.02343528840042,-66.80721330833939,170,-32.92912947095526,-37.05531387634429
-0.0004473684210526,0.001578947368421,319996,-89.77632952734164,-89.76707414567738,319819,-89.78819734839118,-89.77100013255617,177,-68.33251788755584,-68.91999629351908,0,,
0.0006578947368421,0.001578947368421,319944,-76.76659296080248,-76.73185787453876,275996,-78.38479833326139,-77.81640134799426,43839,-66.68947003335697,-67.42008665529428,109,-32.29670341146049,-36.540821132744874
-0.001,0.0027631578947368,319985,-94.404630679191,-94.42147410804755,317367,-94.63626173879437,-94.5241787889554,2598,-66.58485256001785,-67.74694446294265,20,-32.59108370247089,-37.17985050842866
0.0013947368421052,0.0031578947368421,317548,-78.14145059833147,-78.9702843114019,240960,-83.2985974534763,-82.6673506490676,71540,-63.954340501428746,-64.95045690359217,5048,-33.030466073118475,-37.44856163445061
-7.894736842105256e-05,0.0051315789473684,318339,-89.49037114045227,-89.45032721331584,281876,-93.1882677854492,-91.92809984703567,33081,-63.76268090857732,-64.93817009332814,3382,-32.940816396367815,-37.485139431199926
0.0001052631578947,0.0035526315789473,319130,-85.66339901548668,-85.81688410428276,285199,-88.36227131476946,-87.56194167500965,32159,-64.63315370080677,-65.76628763385075,1772,-32.95232576019787,-37.09266041892708
0.0004736842105263,0.001578947368421,319963,-79.12351668155718,-79.08122802153605,297055,-80.0469825166542,-79.63646068206438,22845,-67.2416858556503,-67.80372657244963,63,-33.41370038152316,-38.465980396666055
0.0023157894736842,0.0027631578947368,316381,-74.57315285802524,-75.61186719240064,213264,-80.94885204321395,-80.47907886996352,95631,-63.606123790650436,-64.46478670995786,7486,-33.03973657590253,-37.59236607563466
0.0008421052631578,0.0067105263157894,316447,-87.29030791885144,-87.28548193301503,262493,-93.1703603758243,-91.3183844604426,46217,-62.9299798283573,-64.0161077917196,7737,-33.31443532872495,-37.765499385476836
0.0025,0.0063157894736842,314739,-79.96443829123592,-80.51780656046037,234090,-87.33068260934712,-85.76443001164478,68892,-62.8422563915535,-63.82071871692425,11757,-33.627551585976555,-38.26698401739853
-0.0004473684210526,0.0039473684210526,319336,-90.33383070759994,-90.39464333521958,297070,-92.3992406515954,-91.61993321217733,20949,-64.672472901063,-65.81776570026369,1317,-32.63333915590013,-36.942196693387274
-0.0006315789473684,0.0055263157894736,318649,-93.30258668084274,-93.12377914694558,289060,-96.61974399034439,-95.24463464593286,26809,-63.79533516838857,-64.74561282647014,2780,-32.943742764594774,-37.44764742129483
0.0008421052631578,0.0007894736842105,319996,-74.30365096709156,-74.2889974441326,293565,-74.82117996913209,-74.61297364121934,26431,-68.55553695384845,-68.87113449426836,0,,
0.0025,0.0023684210526315,316236,-73.41328346630627,-74.63657212536114,203904,-80.07148761286358,-79.73703222526139,104504,-63.43506098140805,-64.19235340833097,7828,-33.18968922284511,-37.69661122752342
-0.0002631578947368,0.0075,317078,-93.88409250452898,-93.41705497338913,276931,-99.0468479254811,-96.87195788468065,33861,-62.892728860695755,-63.86998978191212,6286,-33.38004268972515,-38.135578096751416
0.0012105263157894,0.0051315789473684,316779,-83.112128038151,-83.63024187623185,257374,-88.49001227212565,-87.21392133579506,52611,-63.2521907330317,-64.29736210607672,6794,-33.17447492137652,-37.72299226675554
0.0006578947368421,0.0019736842105263,319688,-77.6774672418098,-77.53468034175424,266592,-80.12195798735334,-79.26005206705115,52453,-65.8031834494984,-66.7896816848274,643,-32.825415798825766,-37.43132229458096
0.0017631578947368,0.0071052631578947,315288,-83.65359901322155,-83.79657521088967,245617,-90.8424907862573,-88.85612644307828,58696,-62.90403164603721,-63.87415338434971,10975,-33.740394053451396,-38.397673107488224
0.001578947368421,0.0027631578947368,317422,-76.73030203072118,-77.51191747797301,230524,-82.25069333171076,-81.81660418852226,81603,-63.972645927606784,-64.90915941870693,5295,-33.00609555538927,-37.44846868659043
-0.0008157894736842,0.0063157894736842,318360,-95.46128930885676,-95.07514641333856,288607,-99.11442865074414,-97.4296792301918,26289,-63.53442383099827,-64.59794870364568,3464,-33.39540608233654,-38.0954380373081
0.0012105263157894,0.0063157894736842,316201,-85.06430640874595,-85.19061838050447,257393,-91.03343023230052,-89.28240848923242,50730,-63.00511782343528,-64.03617659275537,8078,-33.399531540787805,-38.11056984996989
0.0004736842105263,0.0047368421052631,317997,-85.5658000857889,-85.82416304811345,270659,-89.84985875924205,-88.7221824075499,43295,-63.69421451035231,-64.64461480592003,4043,-32.983871070295976,-37.411039267677765
-7.894736842105256e-05,0.0023684210526315,319933,-85.58085485114611,-85.56677588617772,305466,-86.50098942446915,-86.08445532282511,14338,-66.45727939290863,-67.27335755730863,129,-32.2785086922554,-36.89785106782964
-0.001,0.0051315789473684,319131,-95.42056634229503,-95.30133207900155,297906,-97.8355144732582,-96.70786397031947,19463,-64.1083556687046,-65.27293832505856,1762,-32.99265399120387,-37.46899992392268
0.0023157894736842,0.0059210526315789,315130,-80.02665904746834,-80.60228172356264,236556,-87.01414479157727,-85.58891898317789,68010,-62.95086561851562,-63.940115063131614,10564,-33.490596326875185,-38.20093925198589
0.0006578947368421,0.0027631578947368,319062,-80.02164000898972,-80.15454473386723,263212,-83.43784200826262,-82.58202611416837,53955,-65.00885868575388,-66.08083017597274,1895,-32.96583824781229,-37.40799218019486
0.0004736842105263,0.0019736842105263,319855,-79.34959950679178,-79.30770268956546,283722,-81.07197198816826,-80.42609687241588,35852,-66.08224092688542,-66.98331482450561,281,-33.03776550576955,-37.61495114804508
-0.0006315789473684,0.0031578947368421,319864,-90.99620237678934,-91.04249275170179,307557,-92.03664906068586,-91.60339153298833,12047,-65.68359445740055,-66.67975816891965,260,-33.089767168011775,-38.11763896341317
0.0017631578947368,0.0,318435,-68.63354591393211,-65.25536438723266,116910,-80.11415422152633,-80.74965533153801,198199,-62.455616336239174,-62.09434164684492,3326,-33.234131340366574,-37.81144989152679
0.0013947368421052,0.0051315789473684,316577,-82.23161187904158,-82.78585911796212,252702,-87.88944093565665,-86.56097560197716,56790,-63.200611473417894,-64.22147352305475,7085,-32.9762547542188,-37.37834704390189
0.001578947368421,0.0003947368421052,319672,-65.36240463296733,-64.30200793466568,29205,-80.02534982393027,-79.98073584549039,289769,-63.96233357944079,-64.06940991123157,698,-33.07855765195807,-37.489794076886014
0.0017631578947368,0.0027631578947368,317199,-75.99804361363377,-76.87989739955363,225350,-81.78441570835899,-81.3094808664151,86069,-63.72771692438553,-64.53906696124147,5780,-33.11496338363062,-37.62625314507572
0.0017631578947368,0.0055263157894736,316002,-81.44572917008341,-81.83484543126707,247340,-87.53691450946985,-86.0559578225391,60273,-63.17030857579998,-64.0927586619537,8389,-33.15876333809049,-37.62895252984263
0.0001052631578947,0.0059210526315789,317670,-89.5869135536442,-89.53357430605362,274784,-94.23746491029479,-92.65768573500849,38023,-63.2244742076039,-64.15674828730626,4863,-32.930924918772575,-37.28421607198561
0.0021315789473684,0.0027631578947368,316615,-74.97921381987915,-75.79521044941332,217578,-81.10580993930974,-80.53003638915263,92065,-63.665975940999516,-64.5956608580218,6972,-33.17495605246453,-37.61022224626092
0.0002894736842105,0.0031578947368421,319226,-83.53026255625608,-83.66059537239326,280791,-86.26025552423742,-85.4739941475063,36885,-64.87735422367751,-66.01074701796823,1550,-32.856113120584766,-37.50936436203542
0.001578947368421,0.0023684210526315,317653,-75.59707109990477,-76.01843396198672,221533,-81.26628880751264,-80.7392538089052,91304,-64.08702715265811,-64.96408889426702,4816,-33.02943117879137,-37.48336940652061
-0.0006315789473684,0.0067105263157894,318003,-94.73855818936313,-94.25755984432533,284060,-98.94236993622799,-97.04803590312949,29701,-63.331086351672866,-64.41643071135005,4242,-33.13991515230654,-37.41788061634063
-0.0006315789473684,0.0,319996,-92.17237826012918,-92.1723782525072,319996,-92.17237826012918,-92.1723782525072,0,,,0,,
0.0008421052631578,0.0027631578947368,318820,-78.82117703520206,-78.90096561125819,252181,-82.8501511299309,-82.06149802320131,64211,-64.72592073257053,-65.67461368901556,2428,-33.12092426150049,-37.510225741113345
0.0019473684210526,0.0071052631578947,315065,-82.98431012034447,-83.14253338360726,242921,-90.33152624378937,-88.3297100807729,60848,-62.78914264130074,-63.69977110091865,11296,-33.76710605178023,-38.45921759332171
0.0012105263157894,0.0007894736842105,319964,-69.38169362364249,-69.35098724990203,133940,-72.43453703796338,-71.95466651163997,185958,-67.19564384092634,-67.62536905358633,66,-33.25439938413329,-37.748197570260466
0.0008421052631578,0.0011842105263157,319964,-74.33057072335548,-74.2857332063533,264168,-75.80642905803512,-75.32324389924625,55728,-67.38415860878511,-67.95390063726131,68,-33.670420210502876,-37.9852834511089
0.0001052631578947,0.0071052631578947,316949,-91.41206943945997,-91.17186627187542,273093,-96.73615232528974,-94.70988573923883,37153,-62.73184035897059,-63.55318255000339,6703,-33.465893620798425,-38.014002785201725
-0.001,0.0055263157894736,318966,-95.74316089869052,-95.5071176673427,295315,-98.51941301667738,-97.17694271093933,21522,-63.874309644082494,-65.03404488583033,2129,-32.80869517693864,-37.300818150583794
-0.0004473684210526,0.0011842105263157,319996,-89.96516554087114,-89.95582353183855,319996,-89.96516554087114,-89.95582353183855,0,,,0,,
0.001578947368421,0.0047368421052631,316532,-80.77754539726267,-81.37388140530228,248261,-86.44576164900438,-85.29777033384586,61138,-63.33106963137448,-64.35548647311077,7133,-33.03404343472549,-37.5487036203091
0.0012105263157894,0.0039473684210526,317423,-80.66303640199,-81.44798616127552,253255,-85.59831169518048,-84.75854227643183,58855,-63.74064653883511,-64.74374831415861,5313,-32.87160237583223,-37.35965172531778
0.0001052631578947,0.0003947368421052,319996,-84.02781409146324,-84.02115061755644,319996,-84.02781409146324,-84.02115061755644,0,,,0,,
0.0025,0.0031578947368421,316016,-74.71697690169435,-75.87464307801028,216584,-81.10561050511531,-80.40225000774787,91138,-63.32321569089813,-64.15269341377376,8294,-33.087942523375034,-37.592430295389036
0.001578947368421,0.0,319996,-64.17470659342283,-64.17470664178848,0,,,319996,-64.17470659342283,-64.17470664178848,0,,
-0.001,0.0063157894736842,318501,-96.64244103953432,-96.27456917213496,291435,-100.04435778540373,-98.42178555396085,23932,-63.53027547771134,-64.5435412882793,3134,-33.146186857367816,-37.93034858296089
-0.0004473684210526,0.0031578947368421,319820,-89.32177474158337,-89.38348704885152,303170,-90.67995842723809,-90.14934825731028,16300,-65.26826805433608,-66.13470269065166,350,-33.0692348049857,-37.34425651953971
-7.894736842105256e-05,0.001578947368421,319996,-85.78380115553011,-85.7654900149403,318621,-85.8615331225079,-85.79644310547624,1375,-67.77141057340674,-68.24846619762586,0,,
0.0004736842105263,0.0035526315789473,318769,-83.07961543043069,-83.32846821223458,270984,-86.6608309776993,-85.73719047333802,45269,-64.43009080795888,-65.51438260296291,2516,-32.917936683860646,-37.40151260286227
-0.0006315789473684,0.0071052631578947,317670,-95.27258573147931,-94.78273963224697,282162,-99.84283178915712,-97.81479112117027,30626,-63.07898033687886,-64.07549132270302,4882,-33.08733187825243,-37.57481918579364
0.0017631578947368,0.0039473684210526,316677,-78.4594911547177,-79.22106747256464,239604,-84.11762687713254,-83.18077418717763,70234,-63.58072345250967,-64.5745985777667,6839,-33.02644818986757,-37.58987044982939
0.0019473684210526,0.0003947368421052,317658,-70.87514608176669,-69.69901304675875,156299,-80.06831850658864,-80.8725882856382,156380,-62.8856359574732,-62.929305563773994,4979,-33.22018251674789,-37.77794539993609
0.001578947368421,0.0019736842105263,317833,-74.46248682490138,-74.43270105964515,208436,-80.48557936930492,-79.98895530081009,104971,-64.24123429931325,-65.11498154381314,4426,-33.23017351225228,-37.72573118453458
0.0010263157894736,0.0071052631578947,316036,-87.05626613457964,-86.94108618169903,259828,-93.27834648502187,-91.22588342533169,47390,-62.908457299583425,-63.96957501977559,8818,-33.49468384786739,-37.94055801857706
-0.0004473684210526,0.0059210526315789,318286,-92.71833749538052,-92.42900968397095,285017,-96.50116161411735,-94.95542448729825,29713,-63.57287233766907,-64.68611196205319,3556,-33.05299002099206,-37.57383043845941
0.0013947368421052,0.0003947368421052,319996,-66.83085633986327,-66.85206967007974,6663,-70.52261403496661,-70.3905678924599,313333,-66.7523514217012,-66.81167891553261,0,,
0.0021315789473684,0.0067105263157894,315039,-81.77338309576088,-82.06869136428192,239739,-89.10018813382656,-87.30158518010201,63962,-62.82726263042206,-63.74661386505611,11338,-33.73235682862097,-38.408569138719564
-0.0004473684210526,0.0027631578947368,319920,-89.28966284677986,-89.31758249279434,309075,-90.11318182670436,-89.73906070105639,10699,-66.27177643054414,-67.09107208193358,146,-32.70910152585278,-36.87852266397326
0.0002894736842105,0.0023684210526315,319749,-81.87980128029758,-81.91579093614573,288620,-83.69209065453624,-83.07240397413182,30619,-65.60991699955132,-66.66993567967937,510,-33.06534559288965,-37.60899877692344
0.0025,0.0003947368421052,316524,-71.39688721765312,-72.44875495076988,179974,-79.12997778946325,-80.01608377242349,129212,-62.789976259078806,-63.139902610065874,7338,-33.28853837714398,-37.85042154167747
-0.001,0.0047368421052631,319305,-95.08230189550389,-95.00823095203145,300892,-97.11157488761687,-96.16866351677353,17051,-64.25564401013195,-65.45927557717734,1362,-32.69855333502254,-36.84978844565694
0.0010263157894736,0.0019736842105263,319068,-75.55397423425143,-75.14521520449546,232953,-79.60539926394584,-78.45414859974301,84233,-65.29950055285462,-66.16883043657022,1882,-33.031905510919415,-37.43093038262729
0.0006578947368421,0.0035526315789473,318473,-82.18176907125722,-82.51414655445399,266323,-86.0629276451837,-85.24314237284645,49010,-64.2437440588345,-65.26341382559396,3140,-32.97820568750364,-37.51413328408793
0.0019473684210526,0.0039473684210526,316482,-77.68123164741235,-78.47229405506982,234145,-83.62005300733,-82.64772692240567,75134,-63.45410298029945,-64.42418608015191,7203,-33.032579413196636,-37.521769993777696
-0.0006315789473684,0.0023684210526315,319985,-91.19390377898168,-91.20336102331466,317306,-91.39967687265796,-91.29549660654698,2659,-67.0800304349335,-68.08863319210874,20,-32.481501768671734,-36.61661635245588
0.0021315789473684,0.0075,314589,-82.94154976551002,-83.25432367709678,240708,-90.7693065622703,-88.65274822969714,60761,-62.541923110040116,-63.44937991388288,13120,-33.802680266915324,-38.16404654948088
-0.001,0.0011842105263157,319996,-95.23705859968432,-95.2359487217758,319996,-95.23705859968432,-95.2359487217758,0,,,0,,
-0.0008157894736842,0.0023684210526315,319986,-92.9507092013757,-92.96420382758711,318622,-93.06450845030894,-93.00718173184777,1342,-66.92695249993336,-67.81534539027085,22,-32.26603646204263,-36.35834989378947
0.0023157894736842,0.001578947368421,316695,-72.60546261628735,-73.22969622858025,187433,-79.98565591377272,-80.32761193431237,122402,-63.5104118989768,-64.17869154164623,6860,-33.241122612304025,-37.73227519198735
-0.001,0.0075,317813,-97.8600892152462,-97.22575003723242,285462,-102.29412261598583,-100.11853072380616,27627,-63.09468751942772,-64.165261405285,4724,-33.23598041093851,-37.593675419506226
0.0023157894736842,0.0067105263157894,314741,-81.18826242893037,-81.70240126304223,237211,-88.69009197256526,-86.9519715279023,65521,-62.71142641550783,-63.617412679207966,12009,-33.81581547750101,-38.55479136633141
-0.001,0.0,319996,-95.58042158396172,-95.58042157474623,319996,-95.58042158396172,-95.58042157474623,0,,,0,,
0.0023157894736842,0.0031578947368421,316225,-75.35086403393134,-76.46564128115483,221081,-81.52621340907609,-80.81763232444239,87297,-63.51333856463667,-64.48186687510275,7847,-33.05801908511388,-37.51264498672418
0.0010263157894736,0.0,319996,-71.98203641675966,-71.98203643755227,319996,-71.98203641675966,-71.98203643755227,0,,,0,,
-0.0008157894736842,0.0055263157894736,318789,-94.5344262619275,-94.38097029059273,292606,-97.53712473163637,-96.20596360462383,23735,-63.876919159153545,-65.06219648900931,2448,-32.87116754326323,-37.293379631022574
0.0023157894736842,0.0043421052631578,315822,-77.35468108093782,-78.26654682694968,232657,-83.52945773604516,-82.50320221658473,74401,-63.25344374708467,-64.16831823732115,8764,-33.1444057076714,-37.59731168483876
0.0001052631578947,0.0063157894736842,317349,-90.23622583989412,-90.1843539886543,273937,-95.1351568306189,-93.41643819155422,37960,-63.10688029388526,-64.12150588217929,5452,-32.978613609579504,-37.57154601246796
-0.001,0.0007894736842105,319996,-95.38838319356233,-95.38547740052235,319996,-95.38838319356233,-95.38547740052235,0,,,0,,
0.0025,0.0055263157894736,315098,-78.72009513722823,-79.46711455684868,231955,-85.71190978801292,-84.43136152797497,72536,-62.98797373625339,-63.9614729348377,10607,-33.40650888459806,-38.09881573354383
0.0023157894736842,0.0003947368421052,316864,-71.39297758065396,-71.96758726469623,175409,-79.4203830489611,-80.28981502591168,134814,-62.82587710991218,-63.07863695816488,6641,-33.27912681605329,-37.856488611282174
0.001578947368421,0.0055263157894736,316193,-82.20629759029624,-82.63714466018203,250789,-88.11707841607937,-86.63862996610885,57469,-63.19871485729499,-64.23181889625646,7935,-33.05544183295804,-37.61972293077312
-0.0002631578947368,0.0027631578947368,319878,-87.50087206647865,-87.5359503856942,304334,-88.63495135394764,-88.17505956349592,15302,-65.81073936873032,-66.69358099231235,242,-32.804693010073116,-37.55209281634046
0.0006578947368421,0.0,319996,-76.95753394926082,-76.95753396139872,319996,-76.95753394926082,-76.95753396139872,0,,,0,,
0.0008421052631578,0.0,319996,-74.47037783274583,-74.47037784934716,319996,-74.47037783274583,-74.47037784934716,0,,,0,,
0.0017631578947368,0.0035526315789473,316823,-77.67463676101626,-78.55881695779483,236694,-83.29692389937672,-82.46545212109956,73578,-63.55659581918556,-64.48768188628156,6551,-33.10366812888951,-37.629974027641715
0.0021315789473684,0.001578947368421,317034,-72.79314431477536,-73.28787892118045,191916,-79.73161770138002,-79.74759679730369,118962,-63.649883734861135,-64.33062938381798,6156,-33.172693802127434,-37.70905028426155
0.0001052631578947,0.0011842105263157,319996,-83.77911254914449,-83.76015962507662,319490,-83.80294002512346,-83.76946419544805,506,-68.73436887223544,-69.03711173749218,0,,
0.0002894736842105,0.0043421052631578,318423,-85.94826575268822,-86.15475323797068,275918,-89.69402007569062,-88.64212733031161,39316,-63.9574901453417,-65.04136407256688,3189,-32.9750115928478,-37.45786263065495
-0.0004473684210526,0.0023684210526315,319975,-89.38303413187685,-89.38990456885637,314824,-89.7557492765664,-89.56573267631677,5108,-66.88730258165084,-68.04983027904596,43,-32.8370817318217,-37.305718130061884
0.0021315789473684,0.0031578947368421,316486,-75.75196459054524,-76.64346437197761,222983,-81.81027797571015,-81.12852071428128,86254,-63.68126791232417,-64.63211692090502,7249,-33.021240038063716,-37.4604718600522
0.0012105263157894,0.0019736842105263,318772,-74.54678040688789,-74.13073325648102,215107,-79.54661614540991,-78.35695492102833,101160,-64.93754457727913,-65.71038330053273,2505,-33.257610872743314,-37.90698678336415
-0.0004473684210526,0.0003947368421052,319996,-90.24672737815138,-90.242374741449,319996,-90.24672737815138,-90.242374741449,0,,,0,,
0.0001052631578947,0.0043421052631578,318636,-87.03013113526696,-87.13239539484066,280549,-90.44929410936521,-89.38246619858056,35276,-64.13950210747646,-65.20798988018691,2811,-33.04474385815363,-37.58975372283977
0.0006578947368421,0.0039473684210526,318224,-83.08431317610066,-83.42823045271487,266818,-87.17709912912613,-86.26035428012042,47817,-64.0194045367636,-64.95449913459449,3589,-32.81899525824886,-37.20485178518956
0.0021315789473684,0.0071052631578947,314797,-82.40759745043856,-82.74381997381644,240301,-89.98846399489189,-88.01286643813954,62283,-62.692879268999945,-63.54762320306544,12213,-33.787437047250485,-38.47755379047603
-7.894736842105256e-05,0.0047368421052631,318593,-88.7697264649901,-88.75120191031317,282524,-92.24672330169078,-91.07538110979462,33171,-64.00949055997145,-65.06859647545856,2898,-33.20959220459034,-37.8164323626759
0.0004736842105263,0.0043421052631578,318212,-84.95611084598924,-85.2911998523162,272023,-88.94053613187545,-87.93405505468043,42587,-63.919454061947015,-64.97831107682518,3602,-32.77198617063737,-37.27467084981704
0.0010263157894736,0.0031578947368421,318188,-79.33595889022283,-79.82780003078184,250873,-83.83904592409834,-83.11083287921029,63640,-64.26401824352057,-65.18963196594433,3675,-32.93469339544198,-37.32506416693591
0.0023157894736842,0.0047368421052631,315673,-78.03105541970997,-78.85148329128242,234803,-84.328167374191,-83.19578652233052,71724,-63.136494142468074,-64.07739261208661,9146,-33.17174367696915,-37.77497640250017
-7.894736842105256e-05,0.0075,316915,-92.86924873130178,-92.46596735420765,274584,-98.2603842620191,-96.06351157404706,35473,-62.629819282463785,-63.51918688993321,6858,-33.429721503559676,-38.115385684074816
-0.0008157894736842,0.0051315789473684,319041,-94.09191522411929,-93.94248336499297,294812,-96.7595256381808,-95.54331136356211,22279,-64.14928656041205,-65.26978520544094,1950,-32.885896048946265,-37.2502677659418
-0.0008157894736842,0.0003947368421052,319996,-93.83631357858968,-93.83305042426117,319996,-93.83631357858968,-93.83305042426117,0,,,0,,
0.0023157894736842,0.0007894736842105,316829,-71.70751089263366,-72.46945922627339,178862,-79.51933074651721,-80.22603291425159,131298,-63.01784147817092,-63.4270431858465,6669,-33.27573582512827,-37.76098041531569
0.0012105263157894,0.0027631578947368,318166,-77.37600986773086,-77.86964745282529,237083,-82.3622544291847,-81.59207109314956,77328,-64.24853468794637,-65.11492909787833,3755,-32.89334178230071,-37.32103710047134
0.001578947368421,0.0039473684210526,316907,-79.17639926757502,-79.91179763313076,244442,-84.62809568551161,-83.67845081495221,66068,-63.462672620937035,-64.41566442754092,6397,-33.147153730109174,-37.630416331412924
0.0021315789473684,0.0063157894736842,315168,-81.2852527097818,-81.71485103222344,240628,-88.2735278103516,-86.62521099877284,63932,-62.90578867537239,-63.87424761520495,10608,-33.53461486550923,-38.248152379597585
0.001578947368421,0.0031578947368421,317259,-77.57749646131654,-78.52545677608484,235925,-83.07573458236983,-82.46215349560023,75660,-63.76837189785006,-64.7102767719262,5674,-33.09856374407407,-37.62695048804545
0.0008421052631578,0.0075,316026,-88.41959131105828,-88.1968213613616,261832,-94.72543489989086,-92.57687328854225,45095,-62.842831946568424,-63.92610046267071,9099,-33.72262735792679,-38.232147869616085
0.0023157894736842,0.0055263157894736,315285,-79.38951708446479,-80.08994344913962,236479,-86.12955952635197,-84.83040511279594,68503,-63.01471784146543,-64.02142714645119,10303,-33.56251290394838,-38.30320967544654
0.0001052631578947,0.0007894736842105,319996,-83.91395869064735,-83.90075680130205,319996,-83.91395869064735,-83.90075680130205,0,,,0,,
0.0010263157894736,0.0011842105263157,319868,-72.15986400422871,-72.00755085120284,212841,-74.92650558114025,-74.10443696163964,106765,-66.74000890933108,-67.47025384270134,262,-33.21356375735919,-37.47711077760468
-0.0008157894736842,0.001578947368421,319996,-93.37298535716143,-93.36933351869297,319968,-93.3751591916544,-93.37001135091566,28,-68.53164696275222,-68.52634163611569,0,,
-7.894736842105256e-05,0.0059210526315789,317881,-90.48641232978872,-90.30669111360285,277826,-94.86805528449267,-93.26342927285003,35573,-63.48899896029786,-64.4686727977426,4482,-33.15590145502483,-37.63159600094356
0.0019473684210526,0.0043421052631578,316293,-78.52566638768373,-79.2694284374742,238361,-84.4726469028648,-83.36780403494853,70296,-63.30626343548264,-64.2821988492007,7636,-32.99592926731345,-37.450972379896186
0.0021315789473684,0.0007894736842105,317189,-71.7654601535926,-71.78483993957212,174137,-79.86273306586222,-80.52678583105678,137106,-63.15481269034398,-63.52838804654735,5946,-33.17424218727396,-37.79808603944596
0.0006578947368421,0.0059210526315789,316974,-87.03963677244036,-87.26371851456017,267651,-92.18220522741989,-90.58838131737751,42850,-63.03144859163998,-63.91975473388297,6473,-33.32996181547485,-38.01541017665227
0.0004736842105263,0.0063157894736842,317013,-88.45085436737209,-88.49275527889979,269703,-93.63817405451557,-91.91560811886036,40856,-62.91094219408642,-63.73405153555259,6454,-33.35679954402053,-38.001712212833255
-0.0004473684210526,0.0067105263157894,317761,-93.6521471472216,-93.25766418763855,280568,-98.18269840337155,-96.31103662273712,32511,-63.27388882566555,-64.30947702944059,4682,-33.10106885944444,-37.45795357334957
0.0019473684210526,0.0067105263157894,315260,-82.37539249122459,-82.64777665109692,242930,-89.46640259845766,-87.64268543578652,61659,-62.86234796197143,-63.81941304086707,10671,-33.69539317336229,-38.517022103392264
0.0025,0.0071052631578947,314391,-81.15029804558613,-81.62652437735359,235330,-88.9722789063691,-87.18500862058448,66158,-62.61103867452735,-63.480132746541884,12903,-33.54691631284566,-37.99323391977635
0.0012105263157894,0.0059210526315789,316413,-84.4182338168505,-84.64671064080332,257358,-90.17289631499548,-88.57585068642945,51524,-63.16032554509594,-64.25983240715823,7531,-33.20113576828941,-37.76575901953264
0.0001052631578947,0.0067105263157894,317151,-90.95909460296114,-90.80711488255265,274593,-95.94934282370998,-94.10392713444378,36490,-63.01388294801476,-63.99083003119814,6068,-33.18611233679483,-37.85107754041315
0.0013947368421052,0.0039473684210526,317165,-79.88051282602024,-80.75442939132323,247269,-85.22334849514114,-84.31751503923857,64080,-63.51533352364715,-64.461437293949,5816,-33.03784718437806,-37.49152410206939
0.0008421052631578,0.0051315789473684,317253,-84.60899340383199,-85.04105051722374,263540,-89.6016795323534,-88.36841874135422,47957,-63.350435901191865,-64.28546546937238,5756,-33.136467316893224,-37.50459838206233
0.0006578947368421,0.0075,316183,-89.27374932460233,-89.00443112705246,264542,-95.40664032526473,-93.1929247082027,43042,-62.68961591822238,-63.72343827609453,8599,-33.665773860033276,-38.208260177557435
-0.0004473684210526,0.0007894736842105,319996,-90.12331361636988,-90.1167787339979,319996,-90.12331361636988,-90.1167787339979,0,,,0,,
0.0002894736842105,0.0063157894736842,317172,-89.44937403908054,-89.47338846067245,272678,-94.40410157145735,-92.7074134338326,38569,-63.076414247619056,-63.99624195232899,5925,-33.10059633839484,-37.65265814736765
0.0025,0.0043421052631578,315568,-76.71272217646745,-77.64197943749478,228093,-83.11356863171517,-82.05662566897891,78216,-63.20737812812134,-64.11269604278587,9259,-33.11683920515514,-37.58075258303647
0.0006578947368421,0.0055263157894736,317245,-86.17435028596576,-86.47441617666298,266713,-91.16758890252954,-89.78550886483897,44752,-63.271874156616626,-64.14630861189973,5780,-33.08956838303296,-37.62390564294789
-0.0002631578947368,0.0071052631578947,317293,-93.4049099550628,-93.00404571317176,278309,-98.28757754150863,-96.2001288974235,33323,-62.901504241626554,-63.924957725864374,5661,-32.916419453858325,-37.47200856956087
0.0012105263157894,0.0071052631578947,315829,-86.2014539348095,-86.11771973356609,256297,-92.6708402406267,-90.70516425864757,50271,-62.90402918068783,-63.94636682785869,9261,-33.62619616485248,-38.28566252918015
-0.0004473684210526,0.0035526315789473,319595,-89.76984554670278,-89.78145185290198,300505,-91.44315074225166,-90.75119543045648,18276,-64.78283064981926,-65.90970521830998,814,-33.045160616759446,-37.56029387844019
-0.0006315789473684,0.0075,317400,-95.92536254073667,-95.31361338707632,281607,-100.70447420697808,-98.47071279931714,30324,-62.88340553529194,-63.902834555803715,5469,-33.0497006716339,-37.662832856902845
0.0017631578947368,0.0007894736842105,318167,-70.57397125052854,-68.16714162792188,139016,-80.14711784481452,-80.74339263450706,175274,-63.80600324982662,-64.20323423077105,3877,-33.28438559248579,-37.88690127475159
0.0006578947368421,0.0023684210526315,319359,-78.93463852019096,-78.85756566393445,264522,-81.87719456892474,-81.03496506321557,53538,-65.5091854626406,-66.45563045692735,1299,-33.054033956664014,-37.31530441792193
0.0004736842105263,0.0011842105263157,319996,-79.12588513161563,-79.10244069598846,311715,-79.41337629878355,-79.25005202307234,8281,-68.30408713937422,-68.746827538793,0,,
-0.0002631578947368,0.0,319996,-88.38251898323918,-88.38251897725608,319996,-88.38251898323918,-88.38251897725608,0,,,0,,
0.0004736842105263,0.0039473684210526,318451,-84.09392204113631,-84.37544489820635,271740,-87.8872930561611,-86.94708539678446,43562,-64.1261956301583,-65.20014883526932,3149,-32.97402946958607,-37.47818024940947
0.0013947368421052,0.0047368421052631,316796,-81.46424898806453,-82.11671207549013,252334,-86.9089987145716,-85.71357493046452,57727,-63.297460033518696,-64.2942514388543,6735,-33.181954777320215,-37.6849224385557
-0.0002631578947368,0.0019736842105263,319986,-87.65604894223753,-87.65073832509549,316916,-87.85420140561577,-87.73786680844253,3047,-67.45869791834288,-68.37701655450755,23,-33.031809195727426,-36.91711735025176
-0.0008157894736842,0.0059210526315789,318574,-94.96949893618128,-94.71799202617187,290052,-98.36816931691158,-96.86190263777877,25573,-63.57713962291508,-64.49861856771852,2949,-32.91648552369595,-37.5357162997278
0.0012105263157894,0.0067105263157894,316029,-85.6737754471693,-85.67278294794433,257352,-91.82698199171901,-89.94748969747549,50050,-63.016061732828504,-64.045955368128,8627,-33.5674303387671,-38.274545477100524
0.0021315789473684,0.0003947368421052,317227,-71.31709978911864,-71.21418544598218,168609,-79.74516838866795,-80.53823031880303,142726,-62.9319409586907,-63.15880458435531,5892,-33.253956667981655,-37.894481637310946
-0.001,0.001578947368421,319996,-95.05430021196213,-95.0535967977363,319985,-95.05517566235652,-95.05382318730484,11,-69.58784617097015,-69.54206981760404,0,,
-0.0004473684210526,0.0071052631578947,317442,-94.37513305629794,-93.93221725482911,280449,-99.09557415159063,-97.02383015512686,31623,-62.93076751378583,-63.937990246956616,5370,-33.01986058276426,-37.595518419685845
0.001578947368421,0.0075,315280,-85.07029710744403,-85.09407452070738,249051,-92.29815706856256,-90.15714412970992,55045,-62.78501995713859,-63.731564878317,11184,-33.79949324138743,-38.390373905762054
0.0001052631578947,0.0019736842105263,319965,-83.55747950856001,-83.52748674753839,307097,-84.25377981636649,-83.90733661516275,12801,-67.12087113066383,-67.78679401376205,67,-32.412527553286814,-37.07447277774097
0.0023157894736842,0.0075,314390,-82.3631872304146,-82.67505783684507,238354,-90.28310084331166,-88.27360917218421,62954,-62.51527985803518,-63.40697755573766,13082,-33.57569842383314,-37.91760022691177
0.0002894736842105,0.0027631578947368,319476,-82.70346991683341,-82.75241694685428,284004,-85.00195661141765,-84.29413581650894,34419,-65.25670942828576,-66.33170641991245,1053,-33.055449068416124,-37.497517404422354
0.0021315789473684,0.0,317235,-71.25198850068873,-71.21881068652088,168851,-79.71035329651872,-80.54632956654486,142492,-62.796050377243304,-62.93866275973612,5892,-33.35317331828772,-37.98845363817528
0.0019473684210526,0.0063157894736842,315445,-81.88335174993615,-82.27411319952505,243422,-88.70901562288611,-87.04107289307527,61909,-62.93313181592764,-63.95014275472919,10114,-33.601011885718584,-38.31938130759728
0.0025,0.0019736842105263,316312,-72.90752288617202,-74.16080946177941,196932,-79.84339020212086,-79.67992495343586,111695,-63.41229415714425,-64.18891652246033,7685,-33.1775750168573,-37.668139463887464
-0.0004473684210526,0.0063157894736842,318059,-93.15726899804284,-92.79451292751166,282559,-97.3361622065022,-95.59442774662165,31398,-63.40830919702675,-64.46868941821135,4102,-33.00952490814346,-37.333027541354156
-0.0004473684210526,0.0055263157894736,318465,-92.20236905897232,-91.99098916461571,286392,-95.72301044216991,-94.30669525815064,28949,-63.751605188298896,-64.83026217161367,3124,-33.09149718809942,-37.64005816177861
0.0013947368421052,0.0067105263157894,315861,-84.8067523525336,-84.88866459577352,253349,-91.26797387043558,-89.42494720703506,53441,-62.89249211973298,-63.87525619324192,9071,-33.45364583309232,-37.938018546647875
-0.0004473684210526,0.0043421052631578,319134,-90.73333325856349,-90.745291739035,293585,-93.21377723833983,-92.22927777280415,23801,-64.37799412309718,-65.5472470816949,1748,-32.98864273259022,-37.58276943558275
0.0017631578947368,0.0047368421052631,316354,-79.95000437187807,-80.52341162361219,243446,-85.85817232681056,-84.67655345720914,65392,-63.34900717316994,-64.35947612146055,7516,-33.017134874994774,-37.47104760486395
0.0008421052631578,0.0023684210526315,319078,-77.81707791025484,-77.77608123239678,251567,-81.46106420353424,-80.53862792865642,65636,-65.13193424213314,-66.15402252753543,1875,-32.96128588861075,-37.370577878971076
0.0023157894736842,0.0063157894736842,314982,-80.50768265018012,-81.01119264701094,236177,-87.7944115047813,-86.18347976589575,67543,-62.823263948018344,-63.79110563633915,11262,-33.75763218906902,-38.59249158011019
0.0001052631578947,0.0075,316742,-91.98613009870499,-91.64571953667982,272359,-97.53746822911344,-95.34900225025862,37196,-62.615727133877854,-63.48074610327347,7187,-33.61749322932986,-38.43335044687863
-0.0002631578947368,0.001578947368421,319996,-87.83424187940277,-87.82215885279058,319395,-87.87115560526307,-87.83557190218352,601,-68.21683843322862,-68.67270718506829,0,,
0.0010263157894736,0.0055263157894736,316779,-84.65628693450707,-85.04374666642936,260976,-90.0301102188728,-88.65952639729696,49064,-63.13888546815773,-64.13918680613793,6739,-33.2081314343333,-37.683720106583614
0.0004736842105263,0.0051315789473684,317728,-86.37279927066808,-86.61308696967305,270923,-90.86041149338037,-89.55331742149744,42099,-63.44892269903455,-64.40861869551841,4706,-33.095050349146234,-37.59238239324878
-0.0008157894736842,0.0071052631578947,317926,-96.29989128436276,-95.74003957940386,284665,-100.63103635511548,-98.59857923704983,28844,-63.22085765374301,-64.29995822020683,4417,-33.18153821118322,-37.513455568139655
-0.0002631578947368,0.0051315789473684,318531,-90.52208588955975,-90.4231478799316,284670,-94.01779690785956,-92.72936003978552,30839,-63.87853642380931,-64.93938754191909,3022,-33.12181004405313,-37.77433105863615
0.0017631578947368,0.0023684210526315,317334,-75.17114139616157,-75.9210816587983,217485,-81.1871968217898,-80.8064568613419,94335,-63.75636774064428,-64.55624637930745,5514,-33.170934386817734,-37.69370232831376
0.0010263157894736,0.0047368421052631,317229,-83.06751859173103,-83.5823986853974,260163,-88.04671410152714,-86.92912871968494,51291,-63.429668662963046,-64.4492899193952,5775,-33.17011933309007,-37.6825840651006
-7.894736842105256e-05,0.0003947368421052,319996,-86.22143832685158,-86.21664011224922,319996,-86.22143832685158,-86.21664011224922,0,,,0,,
-0.0006315789473684,0.0039473684210526,319486,-91.60432583331207,-91.60586964960049,300730,-93.4026224465632,-92.6278904945085,17732,-64.50284678773275,-65.70396874273314,1024,-32.77784725246226,-37.102269930333875
0.001578947368421,0.0063157894736842,315848,-83.46481993538633,-83.67585208143299,251042,-89.81503213114829,-88.13584094070077,55825,-62.982681325699325,-63.95196944102473,8981,-33.27502123115587,-37.769751091438664
-7.894736842105256e-05,0.0055263157894736,318151,-89.98978964722247,-89.97468566337001,279586,-94.05561693458247,-92.69749782803568,34781,-63.533435231917075,-64.59315745693895,3784,-32.75672277484061,-37.12443872094126
0.0002894736842105,0.0039473684210526,318719,-85.07084213046006,-85.21752969776963,276436,-88.5511394229547,-87.56757965517056,39667,-64.24986658686369,-65.36918020529707,2616,-33.016627505000876,-37.51427555124575
0.0019473684210526,0.0031578947368421,316776,-76.21205797575006,-77.1549702606635,228849,-81.95645104546104,-81.24653181633809,81251,-63.580179972944094,-64.4845214726362,6676,-33.035621486190244,-37.56172876350266
-0.0008157894736842,0.0067105263157894,318196,-95.85358998064343,-95.30163935412304,286520,-99.8457235324805,-97.92744393274972,27928,-63.3453056729138,-64.42379446642913,3748,-32.90408594487333,-36.9830434237618
-0.0008157894736842,0.0019736842105263,319996,-93.15837230296974,-93.15784621982952,319623,-93.18759917527203,-93.16767624847145,373,-68.11392027651243,-68.8311163879377,0,,
0.0010263157894736,0.0039473684210526,317662,-81.41559009144375,-82.18886092535047,257182,-86.148749147996,-85.33464700587146,55678,-63.7251046626876,-64.7185239388545,4802,-33.03731754251761,-37.42437332508904
0.0012105263157894,0.0023684210526315,318477,-75.9370718925844,-75.93213121509378,226817,-80.9538562390999,-80.03919349374438,88538,-64.59856883706779,-65.48449069703861,3122,-33.01471712183577,-37.63317464140691
-0.0002631578947368,0.0059210526315789,318149,-91.54531221886926,-91.3470904440611,281024,-95.67602844128335,-94.13161922157252,33256,-63.46940872492515,-64.52378534759602,3869,-32.838114210832195,-37.333157180157215
0.0025,0.0039473684210526,315750,-76.02968617435695,-77.03834290062541,224470,-82.41599431459687,-81.50336015739828,82444,-63.2451147293265,-64.14107261789599,8836,-33.07774185276697,-37.65439603875681
0.0021315789473684,0.0051315789473684,315791,-79.12671666431898,-79.72247994732123,237599,-85.53255757887696,-84.24997835572292,69284,-63.063942477083884,-63.92659112271693,8908,-33.19854550696967,-37.74666104748985
0.0010263157894736,0.0067105263157894,316222,-86.44799348486971,-86.46918044035078,259596,-92.50514309367334,-90.59254476048095,48516,-62.92015301930927,-64.00773350593849,8110,-33.311729388708926,-37.97399938853748
0.0002894736842105,0.0071052631578947,316742,-90.51344268914164,-90.30002620453344,270737,-96.00147537159476,-93.96050237679366,38930,-62.70006962363507,-63.58373740252067,7075,-33.54681499880289,-38.17552093527016
0.0008421052631578,0.0063157894736842,316622,-86.73816696293028,-86.8367031554689,263035,-92.3840484043937,-90.7173448132329,46385,-63.010036965892,-64.05467251085476,7202,-33.35922846769116,-38.0297408677083
0.0002894736842105,0.0067105263157894,316986,-89.94055076503993,-89.86338182805989,271616,-95.17145980129285,-93.32271826429618,38828,-62.87124635002376,-63.69899288581031,6542,-33.42088751761998,-38.08039738976292
0.0010263157894736,0.0003947368421052,319996,-71.8971627220046,-71.89103628491254,285292,-72.22101325443884,-72.10306288987209,34704,-69.23487693076358,-69.39627008801526,0,,
0.0013947368421052,0.0019736842105263,318420,-74.0177973667603,-73.6114911671996,203780,-79.83462157282385,-78.68295084705423,111384,-64.57563580179303,-65.3475803282448,3256,-32.97150960284461,-37.430689400051676
-7.894736842105256e-05,0.0031578947368421,319576,-86.3204513236555,-86.31301507024418,294666,-88.20896589032598,-87.46801664718421,24054,-65.08771495518508,-66.23636066166792,856,-32.87560004403999,-37.108657759660375
0.0017631578947368,0.0051315789473684,316175,-80.78369153674488,-81.2792325417857,246775,-86.68753061551193,-85.3545809759843,61443,-63.27007145267699,-64.18949766787559,7957,-32.92262205863057,-37.403791437903024
0.0019473684210526,0.0023684210526315,317077,-74.62690664915253,-75.40395242250793,213929,-80.74531683558459,-80.32021737193581,97131,-63.72594304617337,-64.47790850001385,6017,-33.06402198033827,-37.573254737896924
0.0012105263157894,0.0055263157894736,316566,-83.86460071312995,-84.26596415735447,258040,-89.39431730599338,-87.90609801636452,51355,-63.14849506310318,-64.211012634831,7171,-33.24230759287359,-37.850747070459796
0.0019473684210526,0.0059210526315789,315650,-81.19832869565886,-81.6277593031875,243023,-87.7884908898352,-86.26568293258491,63174,-63.005074334519215,-64.00883080435881,9453,-33.35951182221335,-37.968628828936126
0.0012105263157894,0.0035526315789473,317612,-79.72439414251649,-80.5451991803059,249852,-84.63685885271826,-83.93629799221958,62873,-63.83054026258006,-64.82217280481919,4887,-33.05059471953908,-37.56296108048548
0.0001052631578947,0.0031578947368421,319368,-85.02098915827008,-85.1388968669362,288280,-87.30753849441544,-86.63642644648093,29820,-65.1302128706361,-66.23115655145199,1268,-32.951987796492084,-37.3850486170747
0.001578947368421,0.0035526315789473,317116,-78.30629595743258,-79.16750392402518,240098,-83.78602884845974,-82.94568327418948,71025,-63.60185817085246,-64.55291750126584,5993,-33.038447821609644,-37.513218253827304
0.0010263157894736,0.0023684210526315,318779,-76.81142041553916,-76.67619421063725,238876,-81.15156599759405,-80.30577533190315,77388,-64.83454428053041,-65.67705908222248,2515,-33.11753344819166,-37.576724466142224
-0.0008157894736842,0.0007894736842105,319996,-93.7170226983859,-93.71255615932245,319996,-93.7170226983859,-93.71255615932245,0,,,0,,
0.0013947368421052,0.0007894736842105,319672,-68.063831273927,-67.2963718530085,77816,-75.21140316848879,-72.26157463983931,241157,-65.85888391369714,-66.24876824834655,699,-33.075327702726014,-37.499898637905936
0.0004736842105263,0.0007894736842105,319996,-79.231060984793,-79.21612434074733,319498,-79.24675919236088,-79.22139285553578,498,-69.15968363233283,-69.32733190708713,0,,
0.0025,0.0075,314249,-81.65524139237185,-82.01629262191749,235418,-89.73776854087421,-87.7951963379868,65172,-62.50670190881335,-63.379108514682,13659,-33.71441402406906,-38.20034019857114
-0.0006315789473684,0.001578947368421,319996,-91.61843937242053,-91.6127340893955,319949,-91.62194189259736,-91.61378063661728,47,-67.77529409481966,-67.60345930345308,0,,
0.0023157894736842,0.0051315789473684,315508,-78.70036294958972,-79.48106877710131,235685,-85.21538894989754,-83.99854658196143,70215,-63.051300796559744,-63.99653279035019,9608,-33.24917604205964,-37.858078892648564
-0.0008157894736842,0.0039473684210526,319595,-93.00478274241186,-93.01614158390255,303938,-94.55510492598931,-93.87937654533879,14850,-64.54129345940862,-65.6428726802115,807,-32.88209627455547,-37.480908187696855
0.0010263157894736,0.0043421052631578,317464,-82.25387965040427,-82.87827711176334,259088,-87.04873467766271,-86.08718612163943,53158,-63.721268786159555,-64.7081460456412,5218,-32.97582848505106,-37.37405978407004
-0.001,0.0067105263157894,318298,-97.10601402700085,-96.6204974096845,289656,-100.81031857613598,-98.99315844705556,25022,-63.448620637237944,-64.52801590524572,3620,-33.3494557160521,-37.74518793846091
-7.894736842105256e-05,0.0043421052631578,318869,-88.08902007730408,-88.20521473484978,283947,-91.2737869786919,-90.28279051224352,32648,-64.23570862072008,-65.24323181934287,2274,-32.88141457431536,-37.22379078378793
0.0008421052631578,0.0031578947368421,318476,-80.12223733583937,-80.5171342485555,257382,-84.24728152498564,-83.54048538683375,58004,-64.3262136141168,-65.26772717434486,3090,-33.04147243744207,-37.62098789374798
0.001578947368421,0.001578947368421,318213,-72.6516339629639,-71.7079861246435,181680,-79.4769799376497,-78.54276385260063,132831,-64.42062648112531,-65.19286493481697,3702,-33.02551244464326,-37.48420836370549
0.0019473684210526,0.0011842105263157,317456,-72.23855438052558,-71.87928951067722,177340,-80.00117957474883,-80.39480068602481,134771,-63.57244139093262,-64.1601110167601,5345,-33.195853122691894,-37.775279203600995
0.0023157894736842,0.0071052631578947,314560,-81.80530885937087,-82.2740549377366,238374,-89.49592999327352,-87.58758440462542,63452,-62.575180998630834,-63.464142775852196,12734,-33.66222348531541,-38.08953058868697
0.001578947368421,0.0071052631578947,315516,-84.4964771513354,-84.56134783595346,249711,-91.40427197261123,-89.42795977423718,55534,-62.81961556657144,-63.80191866441436,10271,-33.75657632694243,-38.6335986338964
-0.001,0.0039473684210526,319727,-94.33052507327105,-94.33154512204233,306093,-95.71180738660625,-95.09622470394959,13090,-64.59643882039597,-65.62458291933862,544,-32.5995359453679,-37.04693664585894
0.0019473684210526,0.0035526315789473,316611,-77.02675309649344,-77.86308352244332,231359,-82.8747257561964,-82.05871420710872,78278,-63.65934464512703,-64.56110328996402,6974,-33.0624416797802,-37.50566273831102
-0.0002631578947368,0.0035526315789473,319466,-88.34969096155206,-88.41494646890992,295856,-90.34301939181536,-89.60943289416417,22523,-64.83864656233827,-65.99050314326416,1087,-32.96889697766713,-37.454315982609714
0.0025,0.0047368421052631,315418,-77.42844676727336,-78.2949634863856,230199,-83.9716176473986,-82.92195852541269,75478,-63.1600245683976,-64.10612075698761,9741,-33.35910863903001,-37.98038493360621
-0.0006315789473684,0.0011842105263157,319996,-91.80884356466439,-91.8030891458065,319996,-91.80884356466439,-91.8030891458065,0,,,0,,
0.0025,0.0059210526315789,314893,-79.35075410780739,-80.00312270023167,232617,-86.59529943144669,-85.16711059110962,70949,-62.910969192377365,-63.90743518452107,11327,-33.54709033239004,-38.31665107262583
-0.0006315789473684,0.0003947368421052,319996,-92.08940236974708,-92.0856156674954,319996,-92.08940236974708,-92.0856156674954,0,,,0,,
-0.0006315789473684,0.0051315789473684,318887,-92.83942511556978,-92.73757138076584,291659,-95.77060489557586,-94.55535292243842,24999,-63.99214327065006,-65.18279944350218,2229,-32.834147136369936,-37.232959857650485
0.0013947368421052,0.0059210526315789,316207,-83.59463060098383,-83.88578196121551,254200,-89.52421126512161,-87.93316214063668,54077,-63.1061953439677,-64.10379670227839,7930,-33.235703560610204,-37.784792351971916
0.0004736842105263,0.0055263157894736,317435,-87.14477987927856,-87.31493097954277,270792,-91.85112969026952,-90.41939628488427,41348,-63.250395265927914,-64.23571166975216,5295,-33.045277891547535,-37.53482351413922
-7.894736842105256e-05,0.0035526315789473,319326,-86.94159863250624,-87.04823614382161,290024,-89.32049152223745,-88.57620376889795,27984,-64.8311090719007,-65.9165556640514,1318,-32.92331973461812,-37.47893278309279
-0.001,0.0023684210526315,319996,-94.61661801533248,-94.61861819271977,319166,-94.68937934108901,-94.6476783399203,830,-66.63717067026488,-67.05476998412686,0,,
0.0004736842105263,0.0027631578947368,319305,-81.28040464618331,-81.40964991258292,274171,-84.09738443685045,-83.36000850315061,43731,-65.17392005485891,-66.20887903531285,1403,-32.82602936193805,-37.11319047928906
0.0013947368421052,0.0055263157894736,316396,-82.97482920244471,-83.39383507190307,253986,-88.72001640989039,-87.25183348476506,54923,-63.20174563609185,-64.24592326584124,7487,-33.12842218287782,-37.62537554254352
0.0025,0.0035526315789473,315897,-75.40622837077633,-76.51324095212061,221686,-81.73820338132906,-81.01762482070069,85672,-63.241742355836344,-64.07432219665449,8539,-33.064693493454456,-37.5397701770173
0.0008421052631578,0.0035526315789473,318196,-81.28266798893503,-81.68983875059058,260992,-85.47399356578998,-84.71363824779158,53600,-64.12886088350906,-65.02037291256218,3604,-32.87579115661614,-37.29342086059452
-7.894736842105256e-05,0.0071052631578947,317112,-92.43678682450599,-92.13815052886923,275785,-97.52090473060494,-95.51789642567161,35120,-62.95923965418454,-63.934599327441184,6207,-33.330616353779,-37.98569434247532
0.0004736842105263,0.0071052631578947,316592,-89.69541288885475,-89.54754500339547,268005,-95.39339744388796,-93.3783741466915,41139,-62.753765152630415,-63.6734987688847,7448,-33.47415826329809,-38.12361629470459
0.0025,0.001578947368421,316370,-72.52573512191111,-73.85320412010621,194019,-79.5226302670221,-79.71110711639207,114756,-63.29977221319897,-64.01638025755281,7595,-33.184589683187085,-37.752172333363326
-0.0004473684210526,0.0,319996,-90.3327124505356,-90.33271244347358,319996,-90.3327124505356,-90.33271244347358,0,,,0,,
-7.894736842105256e-05,0.0019736842105263,319985,-85.6216023445304,-85.60350584469178,313192,-86.02092483792842,-85.79798229033904,6772,-67.31568363756149,-68.05841486898967,21,-33.38689430973524,-36.5961283133892
0.0017631578947368,0.0031578947368421,317031,-76.8347195982258,-77.70545667740724,232225,-82.48607219800472,-81.75245166780354,78697,-63.56154057169972,-64.37857631376488,6109,-32.9935037473282,-37.4632050782199
0.0004736842105263,0.0023684210526315,319568,-80.35002846807542,-80.24191779364762,278736,-82.60790005095942,-81.80355527100289,39952,-65.6411832748422,-66.66813300864294,880,-32.961039415008806,-37.200906573549204
0.0006578947368421,0.0067105263157894,316620,-88.23944811057352,-88.17922586150202,265876,-93.87578822647428,-91.98415040074735,43438,-62.96819187257252,-64.01583621367443,7306,-33.375673652738996,-38.09876144698106
-0.0006315789473684,0.0035526315789473,319716,-91.15508224925817,-91.17242690704603,303412,-92.63250153301142,-91.998188327409,15739,-64.7720740001306,-65.6956311709655,565,-32.70451076408796,-36.977445310170694
0.0012105263157894,0.0011842105263157,319571,-71.02972217252194,-70.33440214720322,167726,-75.59469745400975,-73.95099880261459,150954,-66.18052969548795,-66.79995440768693,891,-33.25189626384179,-37.86411463608565
0.0017631578947368,0.0075,315082,-84.3041947887595,-84.3397175622324,246268,-91.67328265580456,-89.45760602968203,57473,-62.75330769385831,-63.67830876468454,11341,-33.4994688531115,-38.029637036224294
0.0021315789473684,0.0059210526315789,315367,-80.59215285798075,-81.12364736992936,240133,-87.37769858064107,-85.86649284209986,65069,-62.91227759654683,-63.83649031099922,10165,-33.46754413851677,-38.13625729385472
-0.0002631578947368,0.0047368421052631,318796,-89.91285728706328,-89.88354396669641,286691,-93.07732904765133,-91.92946697988359,29625,-64.05273991126263,-65.07082685244909,2480,-33.00979428034827,-37.53313642517961
-7.894736842105256e-05,0.0063157894736842,317596,-91.1999741037694,-90.99856308990718,276885,-95.865537363828,-94.12669036560723,35736,-63.158209563655774,-64.15709040739466,4975,-32.96399708752221,-37.491686600075305
0.0010263157894736,0.0027631578947368,318467,-78.07527555652518,-78.4109970215543,245398,-82.53590295091196,-81.84747773798159,69983,-64.42079594216897,-65.2907757839444,3086,-33.01772711964022,-37.42891606976539
0.0010263157894736,0.0035526315789473,317913,-80.37251007543351,-81.07388655156073,253836,-85.07633299197997,-84.38159625699629,59815,-63.79187369546818,-64.80399940292729,4262,-32.923230681518696,-37.375861901512906
-0.0002631578947368,0.0039473684210526,319253,-88.84727295526498,-88.92250459284622,291846,-91.30072939030079,-90.42034539579478,25908,-64.45138574700678,-65.64949330566495,1499,-32.821388400291085,-37.38373148319847
-0.0004473684210526,0.0047368421052631,318980,-91.1043060483919,-91.08664545866866,290243,-93.99440095626838,-92.93122133426688,26649,-64.17430072420585,-65.28433097883045,2088,-33.071688968621636,-37.607612311331536
-0.0006315789473684,0.0063157894736842,318254,-94.24954087841918,-93.82666314454677,285735,-98.1427320938146,-96.41709536901259,28872,-63.461882734638245,-64.51761329571582,3647,-32.960885544232966,-37.222591370774246
