ou_mean,ou_std,TC_r,TC_cv,TCM_r,TCM_cv,HTC_r,HTC_cv
-0.04,0.0021052631578947,0.0,,0.0,,0.0,
-0.0289473684210526,0.031578947368421,15.78448275862069,1.3771241354786259,16.780645161290323,1.3751785775599736,16.394736842105264,1.283402563719673
-0.021578947368421,0.031578947368421,25.370689655172413,1.4405731848549919,26.438709677419354,1.438393537701642,25.86842105263158,1.362863010561883
0.0152631578947368,0.0210526315789473,114.73275862068965,1.0519793306819067,115.12903225806451,1.0476044695698092,114.76315789473684,1.1007443513214596
-0.04,0.0126315789473684,0.008620689655172414,,0.0,,0.0,
0.03,0.0294736842105263,169.69827586206895,0.8778808470765402,169.69032258064516,0.8803525074573394,168.26315789473685,0.9071391852653697
-0.0252631578947368,0.0084210526315789,0.008620689655172414,,0.0,,0.0,
0.0226315789473684,0.04,137.79310344827587,1.090086739006133,136.18709677419355,1.0780725366097712,135.28947368421052,1.1150120015097038
-0.0031578947368421,0.0336842105263157,67.57758620689656,1.3718010941376728,68.21935483870968,1.397288476801258,67.52631578947368,1.4303232651697328
-0.0363157894736842,0.0,0.0,,0.0,,0.0,
0.011578947368421,0.0357894736842105,110.75,1.2320841278653891,110.63225806451612,1.229079914277834,109.86842105263158,1.2734831282311188
0.03,0.0021052631578947,202.20689655172413,0.041458293706145836,202.30967741935484,0.04178558820564978,203.97368421052633,0.041219235011712
-0.0363157894736842,0.0084210526315789,0.0,,0.0,,0.0,
0.03,0.0378947368421052,155.72413793103448,0.9781438574101745,154.83225806451614,0.974623225047815,154.60526315789474,1.0057925393197176
0.0152631578947368,0.0042105263157894,117.62931034482759,0.2563081171630991,117.80645161290323,0.2569494257230274,119.21052631578948,0.2682777055951698
-0.04,0.0147368421052631,0.034482758620689655,,0.01935483870967742,,0.0,
0.0042105263157894,0.0063157894736842,30.103448275862068,0.9521328432808198,30.54193548387097,0.9498386003063997,29.81578947368421,0.9670342646695996
-0.0105263157894736,0.0273684210526315,37.36206896551724,1.4231120468404623,38.50322580645161,1.4085359567135471,37.71052631578947,1.4078902033950556
0.011578947368421,0.0042105263157894,88.40517241379311,0.3913895013015726,88.47096774193548,0.3906505057564247,89.36842105263158,0.41695915279953794
-0.0142105263157894,0.031578947368421,38.01724137931034,1.4547687503514062,39.39354838709677,1.4459864622042864,38.36842105263158,1.4500284129746834
0.0263157894736842,0.0252631578947368,161.48275862068965,0.8855758276466758,162.24516129032259,0.8835579669960586,161.55263157894737,0.9062101264695214
-0.0326315789473684,0.0168421052631578,0.35344827586206895,,0.4064516129032258,,0.39473684210526316,
0.0042105263157894,0.0105263157894736,42.922413793103445,1.0768924015695172,43.08387096774194,1.0922495836832808,42.8421052631579,1.1278277226780777
-0.04,0.0084210526315789,0.0,,0.0,,0.0,
0.0078947368421052,0.0336842105263157,98.58620689655173,1.2763869379745125,98.76129032258065,1.2826933392015885,98.07894736842105,1.3233287833161942
-0.0363157894736842,0.04,20.163793103448278,1.4404378338243318,21.335483870967742,1.4478502907694002,20.36842105263158,1.3424760561673474
-0.0363157894736842,0.0147368421052631,0.04310344827586207,,0.05806451612903226,,0.02631578947368421,
-0.0363157894736842,0.0042105263157894,0.0,,0.0,,0.0,
-0.0178947368421052,0.0231578947368421,15.293103448275861,1.3155284122718505,16.232258064516127,1.316847722694526,15.947368421052632,1.2254757963305227
-0.0252631578947368,0.0378947368421052,30.448275862068964,1.4698709183339622,31.761290322580646,1.4825045293065742,30.81578947368421,1.406901336711463
0.0078947368421052,0.0168421052631578,75.24137931034483,1.1370763066834142,75.49677419354839,1.133748888478777,75.36842105263158,1.1711645508229265
0.0263157894736842,0.0021052631578947,185.5344827586207,0.050784361999023725,185.4967741935484,0.05115450821835591,187.47368421052633,0.050218272985637386
0.0078947368421052,0.0,58.0,0.0011030009355710803,58.0,0.00110300093557108,58.0,0.0011094357191887203
-0.0105263157894736,0.04,59.810344827586206,1.426844950999984,60.67741935483871,1.450104637184374,59.55263157894737,1.4481493152365565
0.0189473684210526,0.0189473684210526,131.60344827586206,0.9150997674775406,131.85806451612902,0.9168248564626259,131.76315789473685,0.9459575080767443
0.011578947368421,0.0189473684210526,95.8103448275862,1.0923242407055942,95.92903225806451,1.0953287447734117,95.92105263157895,1.139883824303558
0.0226315789473684,0.0021052631578947,166.41379310344828,0.06414709531252236,166.47096774193548,0.06455231633398643,168.47368421052633,0.06375583831984916
0.011578947368421,0.0126315789473684,88.80172413793103,0.9498824733875482,89.09032258064516,0.9454153466250996,89.1842105263158,0.9988841733996635
0.0226315789473684,0.0336842105263157,143.1551724137931,1.0499034628331176,142.5225806451613,1.0521674568976946,142.10526315789474,1.084167546685536
-0.04,0.04,16.79310344827586,1.4220036672155425,17.587096774193547,1.4265748595527212,17.236842105263158,1.3132497809485302
0.03,0.0063157894736842,199.98275862068965,0.13686618024060965,200.11612903225807,0.13787655784824052,201.47368421052633,0.13674818313597548
0.0042105263157894,0.0084210526315789,36.89655172413793,1.0129420432367426,37.012903225806454,1.0310565502696991,36.578947368421055,1.0515945792914068
-0.0105263157894736,0.0021052631578947,0.0,,0.0,,0.0,
0.0042105263157894,0.04,93.25862068965517,1.3268029419437393,93.2516129032258,1.3259723429534072,92.6842105263158,1.3533112789654431
-0.0289473684210526,0.0126315789473684,0.06896551724137931,,0.07741935483870968,,0.02631578947368421,
-0.04,0.0252631578947368,2.189655172413793,1.2890354020295234,2.470967741935484,1.2195656180070584,2.236842105263158,1.1893482092436136
-0.0031578947368421,0.0021052631578947,0.0,,0.0,,0.0,
-0.0068421052631578,0.0168421052631578,21.663793103448278,1.2731872490509542,22.44516129032258,1.270123547492028,21.842105263157894,1.2121333922309407
-0.0105263157894736,0.0105263157894736,2.6982758620689653,1.0314804331691196,3.0903225806451613,0.9983804063945172,2.6578947368421053,0.905325045520433
-0.0363157894736842,0.0126315789473684,0.02586206896551724,,0.0064516129032258064,,0.0,
-0.0031578947368421,0.0063157894736842,3.4827586206896552,0.8619821421894625,3.5935483870967744,0.9068954930261635,3.526315789473684,0.9030419445997261
-0.0178947368421052,0.04,45.66379310344828,1.4782628599272167,46.806451612903224,1.4664385480579027,45.86842105263158,1.4934253142352867
-0.0178947368421052,0.0357894736842105,38.827586206896555,1.4775203213075652,40.07096774193548,1.4683387920988644,39.13157894736842,1.481919324744775
0.0263157894736842,0.0294736842105263,157.79310344827587,0.9502795899758142,157.90967741935484,0.9534060906057715,157.18421052631578,0.9713140402056951
0.0042105263157894,0.0357894736842105,90.15517241379311,1.3207753014746355,90.3741935483871,1.3263115381825636,89.15789473684211,1.3518369781224617
-0.0031578947368421,0.0147368421052631,25.801724137931036,1.2483500969727153,26.580645161290324,1.2438617478712317,25.68421052631579,1.2315480518099242
-0.0326315789473684,0.0231578947368421,3.2758620689655173,1.1812197960273765,3.47741935483871,1.1060485775058124,3.289473684210526,1.020162008084174
0.0078947368421052,0.0126315789473684,67.43103448275862,1.0547065386846504,67.78709677419354,1.0532031828096404,67.5,1.0904695092203904
-0.0142105263157894,0.0126315789473684,2.6810344827586206,1.1213167175691068,3.1161290322580646,1.0431375959634395,2.710526315789474,0.9193486112576589
0.0226315789473684,0.0210526315789473,148.74137931034483,0.8665092355256061,148.85806451612902,0.8736567314599989,148.81578947368422,0.8958062063088471
-0.0142105263157894,0.0063157894736842,0.008620689655172414,,0.0064516129032258064,,0.0,
0.03,0.0252631578947368,175.6293103448276,0.8156200309703953,176.05161290322582,0.8030385479883635,175.21052631578948,0.8352942551157404
-0.0031578947368421,0.0210526315789473,42.06896551724138,1.3281275946862763,42.95483870967742,1.309852440454749,42.36842105263158,1.3271264028751535
-0.0142105263157894,0.0210526315789473,16.79310344827586,1.3107827638266851,17.503225806451614,1.3006379860857653,17.31578947368421,1.2117467371960202
-0.0031578947368421,0.0168421052631578,31.54310344827586,1.2743395925237304,32.44516129032258,1.281465508044282,31.44736842105263,1.271202663705431
-0.0289473684210526,0.0336842105263157,19.103448275862068,1.4005770747552517,20.09032258064516,1.4147517424382519,19.526315789473685,1.301783880581486
-0.0289473684210526,0.0,0.0,,0.0,,0.0,
-0.0031578947368421,0.0084210526315789,8.327586206896552,0.9968147583881934,8.780645161290323,1.0023363173065551,8.421052631578947,0.939255755067147
0.0152631578947368,0.0294736842105263,119.75862068965517,1.1513487924394024,120.11612903225806,1.1529697100466716,119.02631578947368,1.2062052136821153
0.0263157894736842,0.0168421052631578,168.88793103448276,0.6555020511524676,169.25806451612902,0.6459922826530418,169.55263157894737,0.6736066390021455
-0.0105263157894736,0.0189473684210526,18.75,1.290154887527654,19.612903225806452,1.2915316018677474,19.42105263157895,1.198067855981717
0.0189473684210526,0.0231578947368421,132.19827586206895,0.9977876508205041,132.36129032258066,1.0075393594047308,131.89473684210526,1.0378976380492475
0.0078947368421052,0.0378947368421052,101.38793103448276,1.2787799277100655,101.51612903225806,1.283131556826975,100.73684210526316,1.302343549897183
0.0005263157894736,0.0231578947368421,59.10344827586207,1.2950422805301722,59.36774193548387,1.3196629237724113,58.89473684210526,1.3350337004774386
-0.0289473684210526,0.0042105263157894,0.0,,0.0,,0.0,
0.0152631578947368,0.0063157894736842,115.04310344827586,0.43404890772234017,115.20645161290322,0.43147991781782463,116.34210526315789,0.4517882866060134
-0.0326315789473684,0.031578947368421,12.25,1.3388862058339766,12.95483870967742,1.3451183062380334,12.552631578947368,1.2498340859530492
-0.0105263157894736,0.0252631578947368,32.87068965517241,1.3907871056788421,34.038709677419355,1.39353592745458,33.13157894736842,1.3715509095874838
-0.0252631578947368,0.0,0.0,,0.0,,0.0,
0.0042105263157894,0.031578947368421,85.1896551724138,1.315569569366549,86.13548387096775,1.3229188926067674,84.8157894736842,1.3505699326667673
-0.0289473684210526,0.04,28.68103448275862,1.4665053467575748,29.89032258064516,1.481760116867604,28.736842105263158,1.403418504882337
-0.04,0.0063157894736842,0.0,,0.0,,0.0,
-0.0178947368421052,0.0378947368421052,42.30172413793103,1.4750715729628698,43.41935483870968,1.47105838779551,42.18421052631579,1.49078498097701
0.0005263157894736,0.0042105263157894,5.120689655172414,0.8381949024210679,5.225806451612903,0.824074154868489,5.105263157894737,0.8094771821876544
-0.0178947368421052,0.0189473684210526,8.120689655172415,1.178915994704501,8.774193548387096,1.201231721425499,8.289473684210526,1.1214883549747179
-0.0363157894736842,0.0336842105263157,11.844827586206897,1.3439771306161759,12.619354838709677,1.3540970872602536,12.368421052631579,1.2783135423772571
-0.021578947368421,0.0063157894736842,0.0,,0.0,,0.0,
0.0189473684210526,0.031578947368421,132.42241379310346,1.1101549714354462,132.4258064516129,1.101025244873351,131.71052631578948,1.154002521114969
-0.0363157894736842,0.0210526315789473,1.2241379310344827,1.2341786337926224,1.135483870967742,1.188812269401682,1.263157894736842,1.1335838182112583
0.0042105263157894,0.0189473684210526,63.37931034482759,1.2241831305965543,63.83225806451613,1.2273188870013232,63.578947368421055,1.2462800420438431
-0.0031578947368421,0.0231578947368421,46.758620689655174,1.3372829066034297,47.76774193548387,1.3364276837366729,47.18421052631579,1.353882690264686
0.0042105263157894,0.0231578947368421,71.62931034482759,1.269044940373041,72.3225806451613,1.2718832004141944,71.39473684210526,1.3141860412794966
-0.0326315789473684,0.0063157894736842,0.0,,0.0,,0.0,
-0.021578947368421,0.0378947368421052,36.25,1.4850561486102025,37.45161290322581,1.4881252792004882,36.44736842105263,1.4566670435499027
-0.0178947368421052,0.0042105263157894,0.0,,0.0,,0.0,
0.0005263157894736,0.0126315789473684,32.327586206896555,1.1880530446713338,32.903225806451616,1.1688588181609296,32.23684210526316,1.1824179011576437
-0.0068421052631578,0.0105263157894736,6.7844827586206895,1.0238333782455873,7.0,1.0315474804037934,6.7368421052631575,1.0088996494864129
0.0263157894736842,0.031578947368421,155.81896551724137,0.9764290886037811,155.56129032258065,0.976401602135994,154.60526315789474,1.000873167695869
-0.0031578947368421,0.0378947368421052,73.72413793103448,1.3734085997891947,74.07741935483871,1.396309932883428,73.07894736842105,1.4364265755227976
0.0042105263157894,0.0273684210526315,79.09482758620689,1.3006358956126056,79.51612903225806,1.300726480363614,79.02631578947368,1.3228763593065433
-0.0252631578947368,0.0189473684210526,2.9224137931034484,1.1773263161999026,3.264516129032258,1.0905295886062425,2.9210526315789473,1.0101515517414645
0.0005263157894736,0.0084210526315789,19.094827586206897,1.0800869823014194,19.496774193548386,1.090215787647228,19.157894736842106,1.0425904635495886
-0.0105263157894736,0.0042105263157894,0.008620689655172414,,0.0,,0.0,
0.0042105263157894,0.0126315789473684,48.43103448275862,1.1150452869961471,48.72258064516129,1.1256588523021103,48.31578947368421,1.1524404964154265
-0.0142105263157894,0.0042105263157894,0.0,,0.0,,0.0,
-0.0068421052631578,0.031578947368421,54.33620689655172,1.407705923085336,55.47741935483871,1.4229945350135011,54.39473684210526,1.4244541661606662
-0.0031578947368421,0.0189473684210526,37.03448275862069,1.3047268042872184,37.94838709677419,1.2870511437045293,37.1578947368421,1.320918513830239
0.0042105263157894,0.0147368421052631,53.78448275862069,1.1535860072444535,54.03225806451613,1.1713068523607053,53.44736842105263,1.2026675795484485
0.03,0.04,152.23275862068965,0.9943517396770659,151.2516129032258,0.9892433394743883,150.60526315789474,1.0232636751569693
-0.0178947368421052,0.0294736842105263,27.353448275862068,1.4174779666042445,28.329032258064515,1.4171798506164155,27.394736842105264,1.3651078187119239
0.0189473684210526,0.0336842105263157,131.93965517241378,1.120999705256721,132.18709677419355,1.1115022129201158,130.81578947368422,1.16446727947068
-0.0031578947368421,0.0357894736842105,70.81896551724138,1.3795954936381827,71.29032258064517,1.392830672357932,70.39473684210526,1.4237164559789344
-0.0142105263157894,0.0105263157894736,1.0258620689655173,0.8706442303852207,0.9806451612903225,1.5238399836717926,1.0,0.9110148320717918
0.0005263157894736,0.0,0.0,,0.0,,0.0,
0.0005263157894736,0.04,84.24137931034483,1.3549349580226575,85.12903225806451,1.3565432502580588,83.47368421052632,1.3765998323099542
-0.0289473684210526,0.0231578947368421,5.043103448275862,1.2255709094071794,5.329032258064516,1.2390079410804284,5.2631578947368425,1.2141718104658359
0.0078947368421052,0.0294736842105263,94.5603448275862,1.2699007439054137,94.8258064516129,1.2701820242419062,94.1842105263158,1.2917132057942509
-0.0068421052631578,0.04,67.73275862068965,1.4048546434654419,68.18709677419355,1.4239175719440098,67.55263157894737,1.4450304527320952
-0.021578947368421,0.04,39.474137931034484,1.4925880375800158,40.63225806451613,1.4791902127184233,39.44736842105263,1.4906556448835915
-0.0031578947368421,0.0105263157894736,13.956896551724139,1.1251080201126522,14.548387096774194,1.1215335564482625,14.289473684210526,1.029906740074069
0.0078947368421052,0.0189473684210526,79.07758620689656,1.1635789390376146,79.21935483870968,1.1675282870475483,78.97368421052632,1.2009073664606316
0.0189473684210526,0.04,128.89655172413794,1.1437947604375833,128.26451612903224,1.135185595089014,127.23684210526316,1.1741646023493992
0.0042105263157894,0.0042105263157894,23.24137931034483,0.8663478914000592,23.65806451612903,0.8559454021849884,22.92105263157895,0.8807876769062218
-0.021578947368421,0.0294736842105263,21.525862068965516,1.4014767201063272,22.690322580645162,1.3983361749976293,22.13157894736842,1.3169086430009393
-0.0252631578947368,0.0168421052631578,1.5775862068965518,1.3561197074162958,1.632258064516129,1.2025933202422094,1.605263157894737,1.2308522512844708
0.0152631578947368,0.0147368421052631,111.44827586206897,0.8936103670440474,111.7483870967742,0.9012845225834692,111.78947368421052,0.9386059980017069
0.0005263157894736,0.0273684210526315,67.17241379310344,1.3284178184643358,67.66451612903226,1.3422702272251568,66.92105263157895,1.3741313055806064
-0.0326315789473684,0.0357894736842105,18.051724137931036,1.4080215961530937,19.045161290322582,1.417462426069618,18.5,1.3304041601487682
-0.0068421052631578,0.0357894736842105,61.60344827586207,1.40462625150933,62.65806451612903,1.4257660452746692,61.526315789473685,1.4544500956915727
0.0226315789473684,0.0189473684210526,149.23275862068965,0.8216127526387204,149.80645161290323,0.81670897987373,149.92105263157896,0.8396608736173905
-0.0068421052631578,0.0,0.0,,0.0,,0.0,
0.011578947368421,0.031578947368421,108.33620689655173,1.216303628816415,108.6,1.2148159094343551,108.10526315789474,1.2517588952020635
-0.0068421052631578,0.0021052631578947,0.0,,0.0,,0.0,
0.0226315789473684,0.0273684210526315,146.55172413793105,0.9957444846338659,146.68387096774194,0.9923493045263977,145.8421052631579,1.020390250298387
0.011578947368421,0.0084210526315789,86.31896551724138,0.7540274789413385,86.43870967741935,0.7586176268334341,86.76315789473684,0.7996058058571777
0.011578947368421,0.0252631578947368,103.14655172413794,1.1748885159757791,103.44516129032257,1.1773439841744313,103.05263157894737,1.2141518275571592
-0.0252631578947368,0.0042105263157894,0.0,,0.0,,0.0,
0.0263157894736842,0.0189473684210526,166.8706896551724,0.7304551074523337,167.14193548387098,0.722946956157331,167.47368421052633,0.7493917018413657
-0.0178947368421052,0.0063157894736842,0.008620689655172414,,0.0,,0.0,
-0.021578947368421,0.0021052631578947,0.0,,0.0,,0.0,
0.0263157894736842,0.0,186.0,0.004479530558653529,186.0,0.004479530558653526,188.0,0.004694650687490454
-0.04,0.0168421052631578,0.10344827586206896,,0.07741935483870968,,0.05263157894736842,
-0.0068421052631578,0.0231578947368421,36.974137931034484,1.370484961520574,37.89677419354839,1.3580370615778394,37.1578947368421,1.370066919807933
0.0263157894736842,0.0063157894736842,182.67241379310346,0.1725850479620897,182.79354838709676,0.17331205290808802,184.23684210526315,0.17281958636700678
0.03,0.0,203.0,0.004455505953981246,203.0,0.004455505953981247,205.0,0.0031040976896165536
-0.04,0.0273684210526315,3.6120689655172415,1.2007631615718501,3.774193548387097,1.1447499713767029,3.736842105263158,0.9624990848557133
0.0263157894736842,0.0210526315789473,165.29310344827587,0.7904375672911516,165.41290322580645,0.784736488350955,165.23684210526315,0.817516312538074
-0.0142105263157894,0.0,0.0,,0.0,,0.0,
-0.0142105263157894,0.04,52.4051724137931,1.4597588912637083,53.81935483870968,1.4666948141514746,52.44736842105263,1.4503828067573576
-0.0031578947368421,0.031578947368421,64.1896551724138,1.3782150219789102,64.65806451612903,1.3977878584701997,63.94736842105263,1.4139959435470923
-0.0363157894736842,0.0357894736842105,14.46551724137931,1.3798836387645905,15.490322580645161,1.3843183709534508,15.105263157894736,1.3011451694748608
-0.0031578947368421,0.04,76.11206896551724,1.3720540628647586,76.51612903225806,1.3891996034814789,75.13157894736842,1.439316221289826
-0.0363157894736842,0.0273684210526315,5.137931034482759,1.2269227816569692,5.393548387096774,1.2710104211599083,5.315789473684211,1.26284457022096
-0.0289473684210526,0.0189473684210526,1.706896551724138,1.4118359650931895,1.793548387096774,1.1024931840679846,1.763157894736842,1.1199081948695737
-0.021578947368421,0.0336842105263157,28.96551724137931,1.4463362717305122,30.10967741935484,1.4574071735122618,29.236842105263158,1.3973092540545167
-0.04,0.0105263157894736,0.0,,0.0,,0.0,
0.03,0.0126315789473684,192.18103448275863,0.376604123172597,192.45806451612904,0.3744922176866742,193.10526315789474,0.39061457338792765
0.0152631578947368,0.0126315789473684,111.19827586206897,0.8189660926287962,111.24516129032259,0.824578526029812,111.57894736842105,0.8623268127664263
0.0152631578947368,0.0021052631578947,119.44827586206897,0.11620074874582619,119.46451612903226,0.11663341594628361,121.57894736842105,0.11726446120035312
0.0152631578947368,0.0273684210526315,118.72413793103448,1.1396483979909224,119.02580645161291,1.133411660904699,118.6842105263158,1.1876835650636337
-0.04,0.0336842105263157,9.017241379310345,1.3161774722092698,10.03225806451613,1.3239641194757492,9.552631578947368,1.2652816226693557
0.03,0.0231578947368421,178.61206896551724,0.7604399144707585,178.73548387096776,0.7522006818659485,178.10526315789474,0.7846153778107604
0.0005263157894736,0.0357894736842105,80.08620689655173,1.3505399535378242,80.72903225806452,1.3629268775968326,79.65789473684211,1.3972621887805228
0.03,0.0168421052631578,186.43103448275863,0.5586164013562684,186.68387096774194,0.5530825558686432,187.3684210526316,0.5642268322841968
-0.0326315789473684,0.0021052631578947,0.0,,0.0,,0.0,
0.0226315789473684,0.0126315789473684,154.20689655172413,0.5773400675748661,154.59354838709677,0.5734818995756948,155.3684210526316,0.5874730491732545
0.0226315789473684,0.0147368421052631,152.20689655172413,0.6758881356455126,152.44516129032257,0.6670409289720806,152.81578947368422,0.6936651729327382
0.0152631578947368,0.0084210526315789,112.67241379310344,0.5994330347739097,113.07741935483871,0.5916493179137686,113.71052631578948,0.6156451045774396
-0.0068421052631578,0.0189473684210526,26.879310344827587,1.3128537177850372,27.70967741935484,1.3126267439947399,26.94736842105263,1.2979042720816127
0.0263157894736842,0.0357894736842105,150.52586206896552,1.0167808764134012,149.95483870967743,1.0112258132449476,149.1315789473684,1.0515084622889723
-0.0326315789473684,0.0,0.0,,0.0,,0.0,
-0.0031578947368421,0.0,0.0,,0.0,,0.0,
0.0078947368421052,0.0231578947368421,86.01724137931035,1.2189501613822755,86.25806451612904,1.2204998756979821,85.65789473684211,1.2651514502671077
-0.0363157894736842,0.0252631578947368,3.4224137931034484,1.1847553400899435,3.6193548387096772,1.1310368143825198,3.4473684210526314,1.0253838036544598
0.0005263157894736,0.0168421052631578,43.793103448275865,1.241171284642427,44.52903225806452,1.2414526817703302,44.078947368421055,1.2720513077093238
0.0152631578947368,0.0336842105263157,120.62068965517241,1.1737646265908162,120.95483870967742,1.1715709892185662,119.8157894736842,1.229769505984221
0.0189473684210526,0.0252631578947368,132.6206896551724,1.028340427757993,132.63870967741934,1.0418242746099828,132.31578947368422,1.0725055504670233
0.0078947368421052,0.0252631578947368,88.91379310344827,1.2399331031174152,89.4258064516129,1.24411518266001,88.84210526315789,1.275949169072752
-0.04,0.031578947368421,6.844827586206897,1.2666970457475963,7.561290322580645,1.3081909164555001,7.131578947368421,1.310151641538658
-0.0031578947368421,0.0294736842105263,60.53448275862069,1.3666716042085982,61.10322580645161,1.388086440118998,60.31578947368421,1.407385623845932
0.0042105263157894,0.0021052631578947,14.75,0.7877426452078089,14.961290322580645,0.7787737033376649,14.210526315789474,0.7373184622831308
-0.021578947368421,0.0210526315789473,7.663793103448276,1.1718627611929164,8.329032258064515,1.2112296837415757,7.7894736842105265,1.1517860715701926
0.0263157894736842,0.0378947368421052,148.13793103448276,1.0285715562851325,147.10967741935485,1.0256015003215744,146.6578947368421,1.053631514702773
-0.021578947368421,0.0168421052631578,2.793103448275862,1.1538473302491832,3.2193548387096773,1.0539037408866112,2.789473684210526,0.9468474096991121
-0.0105263157894736,0.031578947368421,45.689655172413794,1.4264016024045194,46.69032258064516,1.4162264092636463,46.026315789473685,1.4410415637858631
0.0226315789473684,0.0084210526315789,160.1206896551724,0.3406687399507351,160.38064516129032,0.3403674117527324,161.57894736842104,0.3508327383351699
-0.0326315789473684,0.0252631578947368,5.094827586206897,1.219527122567427,5.367741935483871,1.255607782043293,5.2894736842105265,1.2369306652070837
-0.0105263157894736,0.0084210526315789,0.853448275862069,1.076122781958836,0.8,1.3379575252793945,0.8421052631578947,
-0.0289473684210526,0.0168421052631578,0.8017241379310345,0.4235683286990153,0.7483870967741936,1.6331297005685688,0.8157894736842105,0.915329587523821
-0.04,0.0378947368421052,13.956896551724139,1.381170391843317,14.980645161290322,1.3732640962478628,14.447368421052632,1.2868165592639393
-0.0252631578947368,0.0126315789473684,0.19827586206896552,,0.17419354838709677,,0.18421052631578946,
-0.0178947368421052,0.0168421052631578,5.103448275862069,1.1159436753299872,5.554838709677419,1.1314736431390982,5.315789473684211,1.1660228985179273
-0.0031578947368421,0.0042105263157894,0.46551724137931033,0.5774788521514939,0.5419354838709678,,0.5789473684210527,
0.0226315789473684,0.0063157894736842,163.05172413793105,0.22439394913060004,163.20645161290324,0.22644950642239997,164.73684210526315,0.23290898791856063
-0.0326315789473684,0.0105263157894736,0.008620689655172414,,0.0,,0.0,
0.0152631578947368,0.0231578947368421,116.12931034482759,1.0861026462139518,116.54193548387097,1.0853047606196602,116.73684210526316,1.1240717546795034
0.0152631578947368,0.0105263157894736,111.48275862068965,0.7218583399312676,111.59354838709677,0.7275831211167434,112.0,0.7554383930157748
0.0078947368421052,0.0273684210526315,91.81896551724138,1.2600638457574656,92.35483870967742,1.2589099005678424,91.6842105263158,1.2932249741511224
-0.0363157894736842,0.0105263157894736,0.008620689655172414,,0.0,,0.0,
-0.04,0.0,0.0,,0.0,,0.0,
-0.0178947368421052,0.0273684210526315,23.31896551724138,1.401836616499405,24.335483870967742,1.4057687093518056,23.5,1.3323928054003653
-0.0178947368421052,0.0252631578947368,19.21551724137931,1.3562831986635333,20.16774193548387,1.362529427858816,20.07894736842105,1.2665497130855674
-0.0178947368421052,0.0336842105263157,35.25,1.4611733364153072,36.4,1.4695251586607252,35.23684210526316,1.4345769989814545
0.011578947368421,0.0231578947368421,100.80172413793103,1.1531887766102589,101.24516129032259,1.1489934857533541,100.47368421052632,1.1965420804558438
0.0005263157894736,0.0336842105263157,77.59482758620689,1.3490610086273074,77.89032258064516,1.3577241860547646,77.21052631578948,1.412724666114367
-0.0178947368421052,0.0126315789473684,1.2155172413793103,1.0239302738269045,1.2,1.388151766424436,1.3421052631578947,1.026602330803291
0.0263157894736842,0.0231578947368421,163.42241379310346,0.8399849950700223,163.8774193548387,0.8421350230311363,163.23684210526315,0.8696764897447513
0.011578947368421,0.0063157894736842,86.71551724137932,0.5999868450577149,86.70322580645161,0.6050430844199626,87.28947368421052,0.6376097997889896
-0.021578947368421,0.0126315789473684,0.46551724137931033,,0.4838709677419355,,0.4473684210526316,
-0.0178947368421052,0.031578947368421,31.18103448275862,1.4407608302213328,32.49032258064516,1.4583718748752703,31.68421052631579,1.413474315372039
0.0078947368421052,0.0042105263157894,55.543103448275865,0.6199781108442144,55.464516129032255,0.6175206459339414,55.31578947368421,0.6711358074189586
0.0005263157894736,0.0105263157894736,25.724137931034484,1.1415796857200873,26.561290322580646,1.1289940168264994,26.05263157894737,1.1399798619812958
0.011578947368421,0.0,91.0,0.0018567683809944725,91.0,0.0018567683809944723,93.0,0.0021109962273314787
0.03,0.0084210526315789,197.8448275862069,0.2005797588865333,198.04516129032257,0.20243468121310862,199.1315789473684,0.20553470218737657
0.0042105263157894,0.0210526315789473,67.58620689655173,1.250113617825346,68.14193548387097,1.2533078533624091,67.78947368421052,1.2851432966512182
-0.0252631578947368,0.04,33.96551724137931,1.4739536273451055,35.148387096774194,1.5004325578954547,34.05263157894737,1.4605308451043766
-0.0178947368421052,0.0021052631578947,0.0,,0.0,,0.0,
-0.0252631578947368,0.0252631578947368,10.318965517241379,1.2592230802930553,11.03225806451613,1.296475013750875,10.81578947368421,1.193781683019914
-0.0326315789473684,0.0336842105263157,15.068965517241379,1.3808828597465739,16.129032258064516,1.3787659096156382,15.736842105263158,1.295035411858323
-0.0326315789473684,0.0189473684210526,1.043103448275862,1.037521501192666,0.896774193548387,1.3969242655409155,0.9736842105263158,0.9855578432729146
0.03,0.0189473684210526,183.7155172413793,0.6400915167605793,183.83870967741936,0.6275754400902804,184.10526315789474,0.6517165753898828
-0.0142105263157894,0.0147368421052631,5.25,1.0961257310169914,5.787096774193548,1.1297355286936481,5.526315789473684,1.1486662434032993
-0.0326315789473684,0.0042105263157894,0.0,,0.0,,0.0,
-0.0326315789473684,0.0126315789473684,0.034482758620689655,,0.01935483870967742,,0.0,
0.0189473684210526,0.0105263157894736,135.14655172413794,0.5890229489360457,135.3548387096774,0.581371594393995,135.92105263157896,0.6122057660146634
0.0263157894736842,0.0084210526315789,180.18103448275863,0.2575970501373695,180.34193548387097,0.2591430377214096,181.52631578947367,0.27227537556970266
-0.0363157894736842,0.0231578947368421,2.0086206896551726,1.3429668073078709,2.2516129032258063,1.2542171558955375,2.1578947368421053,1.1797385549708344
0.011578947368421,0.0210526315789473,98.1896551724138,1.1243067086945522,98.59354838709677,1.126590212145384,98.21052631578948,1.173801314984588
-0.0363157894736842,0.0021052631578947,0.0,,0.0,,0.0,
0.0226315789473684,0.0,167.0,0.002882334212984876,167.0,0.002882334212984876,169.0,0.003983700175698423
-0.021578947368421,0.0042105263157894,0.0,,0.0,,0.0,
-0.0068421052631578,0.0273684210526315,45.89655172413793,1.3913933034405737,47.019354838709674,1.3837191801483224,46.578947368421055,1.416604001629153
0.0263157894736842,0.0147368421052631,171.31034482758622,0.5722571571993449,171.56774193548387,0.5654612586908573,172.1315789473684,0.5816131481329546
-0.0252631578947368,0.0210526315789473,5.043103448275862,1.18588253795385,5.374193548387097,1.2235613081640289,5.131578947368421,1.1946976085110386
0.0005263157894736,0.0252631578947368,63.23275862068966,1.3096011466283073,63.87096774193548,1.3292528333196492,63.18421052631579,1.35589021594322
-0.021578947368421,0.0,0.0,,0.0,,0.0,
-0.0142105263157894,0.0231578947368421,21.051724137931036,1.3642549215958544,21.993548387096773,1.3535917727993032,21.789473684210527,1.261373399691142
-0.0289473684210526,0.0021052631578947,0.0,,0.0,,0.0,
-0.0326315789473684,0.0084210526315789,0.0,,0.0,,0.0,
-0.0289473684210526,0.0294736842105263,12.672413793103448,1.314856477804098,13.606451612903227,1.3406926283900673,13.0,1.2438664766198266
0.0005263157894736,0.0378947368421052,82.45689655172414,1.3599566228343927,82.89032258064516,1.3634550755323285,82.0,1.4000708714977692
0.0189473684210526,0.0126315789473684,133.16379310344828,0.7020249781464163,133.43870967741935,0.6920583999392099,134.02631578947367,0.7247422313670961
0.0042105263157894,0.0,0.0,,0.0,,0.0,
0.0226315789473684,0.0168421052631578,150.47413793103448,0.755864003953613,150.99354838709678,0.7465846429815972,150.89473684210526,0.778801478472459
0.03,0.0147368421052631,189.1293103448276,0.46916257153138474,189.40645161290323,0.4664984225469953,190.1578947368421,0.47356199438749635
0.011578947368421,0.0294736842105263,106.88793103448276,1.2089618765054857,107.39354838709677,1.2093714737599717,106.5,1.2448209361931946
-0.0142105263157894,0.0378947368421052,49.189655172413794,1.4674370499097718,50.4,1.4631348830417554,49.60526315789474,1.48348295730845
-0.0142105263157894,0.0252631578947368,25.482758620689655,1.3724200889576772,26.548387096774192,1.37824842719425,25.473684210526315,1.3244267371259806
-0.0252631578947368,0.031578947368421,20.094827586206897,1.4119910885340894,21.232258064516127,1.4053620977354961,20.710526315789473,1.3339179279982938
0.0152631578947368,0.0168421052631578,112.20689655172414,0.9564877921294219,112.78709677419354,0.9549054247693954,112.73684210526316,1.0009718044809288
0.0226315789473684,0.0357894736842105,141.32758620689654,1.0640816264721988,140.70967741935485,1.0679468574864754,139.81578947368422,1.094340825825137
-0.0289473684210526,0.0147368421052631,0.3017241379310345,,0.2709677419354839,,0.2894736842105263,
-0.0068421052631578,0.0336842105263157,58.4051724137931,1.4064642105632534,59.10967741935484,1.4281794486749806,58.23684210526316,1.4238439115450625
0.011578947368421,0.0021052631578947,90.40517241379311,0.17060650407461458,90.38064516129032,0.1716324887260438,91.92105263157895,0.178786433420419
-0.0289473684210526,0.0084210526315789,0.0,,0.0,,0.0,
-0.021578947368421,0.0252631578947368,14.275862068965518,1.3153396423709376,15.025806451612903,1.3234114004787985,14.763157894736842,1.2145783793868952
-0.0105263157894736,0.0378947368421052,56.80172413793103,1.4274773455655605,57.86451612903226,1.4500733600410824,56.39473684210526,1.4474051865509718
-0.0068421052631578,0.0210526315789473,31.913793103448278,1.3448880029955157,32.961290322580645,1.3486105428943453,32.18421052631579,1.3234489600083528
-0.0031578947368421,0.0273684210526315,56.241379310344826,1.3558777560859794,56.87096774193548,1.3820544884929145,56.5,1.3789924055263787
0.03,0.0105263157894736,195.16379310344828,0.28283600551171456,195.36129032258066,0.2837921686218193,196.3684210526316,0.29370647986416293
0.0189473684210526,0.0,145.0,0.002910318947333139,145.0,0.0029103189473331406,147.0,0.003514568756433906
-0.0178947368421052,0.0105263157894736,0.3103448275862069,,0.36129032258064514,,0.34210526315789475,
0.0263157894736842,0.0042105263157894,184.43965517241378,0.10599837677304777,184.5225806451613,0.10651870660935861,186.1315789473684,0.10603997608370005
-0.0068421052631578,0.0042105263157894,0.02586206896551724,,0.03225806451612903,,0.0,
0.0042105263157894,0.0252631578947368,75.67241379310344,1.283922476238462,75.89032258064516,1.2898289763280903,75.02631578947368,1.3198940781019994
0.011578947368421,0.0378947368421052,111.19827586206897,1.231158095740256,111.09032258064516,1.2319156973707763,110.07894736842105,1.2692810811457793
0.0152631578947368,0.031578947368421,120.33620689655173,1.1647997842751066,120.65161290322581,1.1660020301571619,119.8157894736842,1.217693431905004
0.03,0.0336842105263157,163.22413793103448,0.9310502955655171,162.20645161290324,0.9367776353293668,162.21052631578948,0.9482446571411011
0.011578947368421,0.0105263157894736,87.13793103448276,0.867373651644974,87.44516129032257,0.862184094190735,87.73684210526316,0.9064707894490251
0.0152631578947368,0.04,120.13793103448276,1.192708851815837,119.90967741935484,1.1812862005159046,118.84210526315789,1.2240426903153383
0.03,0.0042105263157894,201.4655172413793,0.08574827382366924,201.5483870967742,0.08607956555172604,202.97368421052633,0.08513088529457258
-0.0289473684210526,0.0357894736842105,22.310344827586206,1.4357212872276044,23.425806451612903,1.448507918416568,22.736842105263158,1.358861113146288
0.0226315789473684,0.0294736842105263,145.5,1.0146902556392778,145.54193548387096,1.023770731731408,144.92105263157896,1.0437173362321663
0.0005263157894736,0.0189473684210526,49.13793103448276,1.2638896438137672,49.55483870967742,1.2773516420411708,48.78947368421053,1.2773279334673007
-0.0363157894736842,0.0378947368421052,17.45689655172414,1.4225471624115578,18.238709677419354,1.4298643297996068,17.86842105263158,1.3131736286549505
-0.0289473684210526,0.0273684210526315,9.836206896551724,1.2676861991851618,10.696774193548388,1.2996109202098345,10.421052631578947,1.2005665561030474
-0.0326315789473684,0.0210526315789473,1.8448275862068966,1.474382071329768,2.0387096774193547,1.168911743080995,2.026315789473684,1.1625990690985148
-0.04,0.0357894736842105,11.456896551724139,1.3511294805333252,12.316129032258065,1.35769952633882,12.052631578947368,1.2636275464257596
0.03,0.0273684210526315,172.74137931034483,0.8513662179144199,172.78064516129032,0.8475655184489344,172.3421052631579,0.8737865425004341
0.0189473684210526,0.0042105263157894,143.06034482758622,0.18160614442819137,143.13548387096773,0.1826002093176818,145.18421052631578,0.1826327824664383
-0.0068421052631578,0.0126315789473684,11.28448275862069,1.1271573983362706,11.941935483870967,1.1344941294060822,11.394736842105264,1.0511348709549693
-0.0252631578947368,0.0231578947368421,7.275862068965517,1.2015291374301216,7.993548387096774,1.2360920460791627,7.2631578947368425,1.2644675174027913
0.0263157894736842,0.0126315789473684,174.1551724137931,0.46518179272188354,174.43225806451613,0.46619685083463125,174.8684210526316,0.4768051627098709
0.0189473684210526,0.0378947368421052,130.02586206896552,1.141495004260934,129.75483870967741,1.1348079252834216,128.78947368421052,1.173064390617976
-0.0289473684210526,0.0105263157894736,0.017241379310344827,,0.0064516129032258064,,0.0,
0.0189473684210526,0.0084210526315789,137.6293103448276,0.4524332852941636,137.69677419354838,0.4529263275919861,138.89473684210526,0.460257195687876
0.0263157894736842,0.04,145.56034482758622,1.033247394558254,144.0193548387097,1.0363373316146696,143.18421052631578,1.0515491908265897
0.0226315789473684,0.0105263157894736,157.18103448275863,0.4629642225721621,157.21935483870968,0.4630975208923547,158.26315789473685,0.47926909536926665
0.0042105263157894,0.0378947368421052,91.85344827586206,1.3196796101691235,92.03225806451613,1.3283332313041398,91.13157894736842,1.3529092902248554
0.0005263157894736,0.0147368421052631,38.28448275862069,1.2200453995751297,38.851612903225806,1.2136304426015572,38.473684210526315,1.2260840319298012
-0.0068421052631578,0.0294736842105263,50.21551724137931,1.4134875759072427,51.516129032258064,1.4043949197634107,50.36842105263158,1.3954426289864197
-0.0142105263157894,0.0294736842105263,34.1551724137931,1.4302633280626922,35.27741935483871,1.438953349472636,34.026315789473685,1.4069337597707554
0.0042105263157894,0.0294736842105263,82.35344827586206,1.3072880042999462,82.83870967741936,1.3140960672658921,82.23684210526316,1.3358093423817443
0.03,0.0357894736842105,159.8706896551724,0.9526900292194768,158.4516129032258,0.9573895814808485,158.28947368421052,0.9789382276959574
0.0078947368421052,0.0357894736842105,99.97413793103448,1.2809401885171559,100.4,1.2849239713511438,99.55263157894737,1.3073123290032445
-0.0252631578947368,0.0294736842105263,16.775862068965516,1.3739371015781765,17.651612903225807,1.3666096400675924,17.289473684210527,1.2741343219232746
0.0226315789473684,0.0042105263157894,165.13793103448276,0.1353918860071143,165.31612903225806,0.13598926259824018,167.10526315789474,0.13582296467215396
-0.0142105263157894,0.0084210526315789,0.21551724137931033,,0.21935483870967742,,0.15789473684210525,
-0.0363157894736842,0.0189473684210526,0.4827586206896552,0.3951557328403502,0.5290322580645161,0.8854864848944927,0.5263157894736842,
-0.0105263157894736,0.0168421052631578,13.991379310344827,1.2167738236872183,14.858064516129032,1.2356286476574159,14.631578947368421,1.1292864530372304
-0.021578947368421,0.0105263157894736,0.11206896551724138,,0.08387096774193549,,0.05263157894736842,
-0.0142105263157894,0.0021052631578947,0.0,,0.0,,0.0,
-0.0326315789473684,0.0294736842105263,9.5,1.2774263652320834,10.425806451612903,1.2958417029871716,9.973684210526315,1.2226052357156572
-0.0105263157894736,0.0,0.0,,0.0,,0.0,
0.0078947368421052,0.0147368421052631,71.19827586206897,1.0960388390530136,71.8258064516129,1.0965406213982354,71.5,1.1443900551194854
-0.0142105263157894,0.0168421052631578,8.905172413793103,1.1482477860384182,9.451612903225806,1.182639213104551,9.105263157894736,1.110383223971395
-0.0068421052631578,0.0084210526315789,2.9051724137931036,0.9683711011978076,3.2,1.0030401802461248,2.9473684210526314,0.9338296119270422
-0.0252631578947368,0.0336842105263157,23.767241379310345,1.4427204185432934,24.780645161290323,1.4417741597468194,24.236842105263158,1.3591728255932383
-0.0142105263157894,0.0273684210526315,29.74137931034483,1.4089124905833108,30.870967741935484,1.422177724208019,30.289473684210527,1.3776955526049115
0.011578947368421,0.0273684210526315,105.01724137931035,1.197135835125238,105.60645161290323,1.1952062117657025,104.55263157894737,1.2311537999216586
0.011578947368421,0.0336842105263157,109.8103448275862,1.223299485802085,109.84516129032258,1.2204733106506322,108.78947368421052,1.258648921374361
-0.0178947368421052,0.0147368421052631,2.6982758620689653,1.1435811345702729,3.1225806451612903,1.0194117086908143,2.710526315789474,0.9131657906765679
0.03,0.031578947368421,166.41379310344828,0.909014877610212,166.04516129032257,0.9147968710624641,165.23684210526315,0.9312646622108633
0.0152631578947368,0.0189473684210526,113.52586206896552,1.011851147385622,113.90322580645162,1.0063088755080505,113.76315789473684,1.055333447806164
-0.0105263157894736,0.0336842105263157,49.560344827586206,1.4518693599252943,50.78709677419355,1.4350016633941132,49.76315789473684,1.428398378624434
0.0226315789473684,0.0231578947368421,148.08620689655172,0.9220258276670988,148.1741935483871,0.9256602764536366,148.07894736842104,0.9476584465071575
-0.0289473684210526,0.0063157894736842,0.0,,0.0,,0.0,
-0.0068421052631578,0.0147368421052631,16.18103448275862,1.225059803842679,16.98709677419355,1.2252450455150825,16.710526315789473,1.1173878145023601
-0.0363157894736842,0.031578947368421,9.241379310344827,1.293911893495496,10.167741935483871,1.3104587813209054,9.763157894736842,1.2636793729763771
-0.0068421052631578,0.0063157894736842,0.7155172413793104,0.5869475619927366,0.6387096774193548,,0.7368421052631579,
0.0042105263157894,0.0168421052631578,58.706896551724135,1.192468709158054,59.05806451612903,1.2010141328738289,58.76315789473684,1.2262475925849416
0.011578947368421,0.0168421052631578,93.47413793103448,1.0591418100658871,93.46451612903226,1.0566234520590403,93.34210526315789,1.1014786437430861
0.0005263157894736,0.0021052631578947,0.22413793103448276,,0.2709677419354839,,0.34210526315789475,
0.0078947368421052,0.0084210526315789,60.12931034482759,0.9210212479739259,60.21935483870968,0.9106811378516115,60.078947368421055,0.9557609955094181
0.0189473684210526,0.0168421052631578,131.57758620689654,0.8513861584976659,131.79354838709676,0.8607029981714823,131.6315789473684,0.8978699855451222
0.0005263157894736,0.0063157894736842,11.844827586206897,0.9621774120561706,12.380645161290323,0.9849177964049656,12.157894736842104,0.8700898033395732
0.0263157894736842,0.0105263157894736,177.08620689655172,0.3628132688113305,177.36129032258066,0.36443955442338494,178.18421052631578,0.37265055074833414
-0.0142105263157894,0.0336842105263157,41.9051724137931,1.4504411640247654,43.0258064516129,1.4558501788676468,42.078947368421055,1.4799280359537104
-0.0252631578947368,0.0105263157894736,0.034482758620689655,,0.03225806451612903,,0.0,
0.0152631578947368,0.0,120.0,0.0029103365031791224,120.0,0.002910336503179122,123.0,0.0030152199996644853
-0.021578947368421,0.0231578947368421,10.887931034482758,1.2343991308480167,11.503225806451614,1.274202163359247,11.157894736842104,1.1800562171975377
-0.0363157894736842,0.0063157894736842,0.0,,0.0,,0.0,
-0.0031578947368421,0.0126315789473684,19.93103448275862,1.1918568661200006,20.516129032258064,1.1912229021466514,20.36842105263158,1.1370699873326837
-0.0105263157894736,0.0126315789473684,5.663793103448276,1.0654875173615255,6.193548387096774,1.0848218279868986,6.026315789473684,1.0308493709055901
-0.0289473684210526,0.0210526315789473,3.0948275862068964,1.1721598178647004,3.3483870967741933,1.1062030180850502,3.0526315789473686,1.0106529002713271
-0.04,0.0210526315789473,0.6637931034482759,0.5519241945416451,0.6258064516129033,1.035727214066204,0.6052631578947368,
0.0226315789473684,0.0378947368421052,139.52586206896552,1.0752788121826635,138.61935483870968,1.0742271798569656,137.60526315789474,1.1074229631435173
-0.04,0.0294736842105263,5.241379310344827,1.2538115238399032,5.412903225806452,1.283957405299309,5.421052631578948,1.252665074057987
-0.0252631578947368,0.0273684210526315,13.267241379310345,1.3248468979191839,14.258064516129032,1.333695852431005,13.842105263157896,1.2169511201267658
0.011578947368421,0.0147368421052631,91.02586206896552,1.0067796480295812,91.29677419354839,1.0097782019457155,91.02631578947368,1.0662212225752996
-0.0105263157894736,0.0357894736842105,53.456896551724135,1.444446369362463,54.516129032258064,1.4457844370961832,53.26315789473684,1.445942176929871
-0.0105263157894736,0.0231578947368421,28.301724137931036,1.366036779884836,29.212903225806453,1.3791335915965903,28.55263157894737,1.3465581697459652
-0.0363157894736842,0.0294736842105263,6.879310344827586,1.250259133925851,7.6,1.2918997247387354,7.157894736842105,1.3004506704122711
0.0189473684210526,0.0210526315789473,131.88793103448276,0.9614190741922285,132.03870967741935,0.970521998979445,131.81578947368422,0.9976060794622894
-0.0031578947368421,0.0252631578947368,51.58620689655172,1.3686319551085508,52.619354838709675,1.3653909106860598,51.73684210526316,1.3714368623515263
-0.0289473684210526,0.0378947368421052,25.525862068965516,1.4795610409315467,26.75483870967742,1.470166280493547,25.86842105263158,1.3954880863595849
-0.0326315789473684,0.0378947368421052,20.92241379310345,1.4463276407575152,22.34193548387097,1.441122255605838,21.657894736842106,1.364422063576308
-0.0178947368421052,0.0084210526315789,0.04310344827586207,,0.03870967741935484,,0.0,
-0.0252631578947368,0.0021052631578947,0.0,,0.0,,0.0,
0.0189473684210526,0.0294736842105263,132.58620689655172,1.0964839786312346,132.90322580645162,1.0872750613410385,131.94736842105263,1.1249274696096474
-0.0326315789473684,0.0147368421052631,0.12931034482758622,,0.09032258064516129,,0.05263157894736842,
0.0005263157894736,0.0210526315789473,53.98275862068966,1.2854296793884243,54.73548387096774,1.3021455036895704,54.026315789473685,1.313029790841591
-0.0105263157894736,0.0294736842105263,41.6551724137931,1.41536968749656,42.63225806451613,1.4178882736645986,41.89473684210526,1.4513786537250208
-0.0105263157894736,0.0210526315789473,23.54310344827586,1.3293978193682245,24.322580645161292,1.3362981051782468,23.973684210526315,1.2744103238032451
-0.0105263157894736,0.0063157894736842,0.08620689655172414,,0.09032258064516129,,0.05263157894736842,
-0.0326315789473684,0.0273684210526315,6.9655172413793105,1.2389230520153924,7.632258064516129,1.2882149611958442,7.2368421052631575,1.2736149102403072
-0.04,0.0042105263157894,0.0,,0.0,,0.0,
0.0005263157894736,0.0294736842105263,71.21551724137932,1.3293303497941744,71.43870967741935,1.348541183304606,70.71052631578948,1.3943816671454792
0.0078947368421052,0.04,102.31896551724138,1.2783294148367648,102.10967741935484,1.2809444976620912,101.13157894736842,1.3069409684993534
0.0152631578947368,0.0252631578947368,117.66379310344827,1.1147781199538676,117.98709677419355,1.1085130555159146,117.57894736842105,1.160686312669581
0.0078947368421052,0.0105263157894736,63.706896551724135,0.9943495734169213,63.8,0.9923890590484821,63.44736842105263,1.0383001960807505
0.0152631578947368,0.0378947368421052,120.8103448275862,1.190198111755234,120.65161290322581,1.1821977555527114,119.39473684210526,1.2277528072154
0.03,0.0210526315789473,181.11206896551724,0.7049093317287694,181.43225806451613,0.6960335702159697,181.55263157894737,0.718920109002565
-0.0105263157894736,0.0147368421052631,9.793103448275861,1.1231231212855348,10.393548387096773,1.154028137332405,10.052631578947368,1.088191447490108
0.0189473684210526,0.0063157894736842,140.5344827586207,0.30891644673066354,140.78064516129032,0.30773085075875994,142.07894736842104,0.3227958889635233
-0.0252631578947368,0.0063157894736842,0.0,,0.0,,0.0,
0.0078947368421052,0.031578947368421,96.74137931034483,1.2723181158830104,96.90967741935484,1.279957538323284,96.39473684210526,1.3100635293975829
0.0078947368421052,0.0063157894736842,56.758620689655174,0.8198125971656154,57.00645161290323,0.8053384021609339,57.36842105263158,0.8360730288083099
-0.0068421052631578,0.0252631578947368,41.61206896551724,1.3717478661508995,42.6,1.366279611033701,42.026315789473685,1.396911613497727
0.0005263157894736,0.031578947368421,74.67241379310344,1.3371720613539095,74.80645161290323,1.3552653754332253,73.60526315789474,1.3969545230636748
-0.0252631578947368,0.0147368421052631,0.6120689655172413,0.25580571482515574,0.5935483870967742,0.8611736897506442,0.6842105263157895,
-0.04,0.0189473684210526,0.29310344827586204,,0.25161290322580643,,0.2631578947368421,
0.0189473684210526,0.0357894736842105,131.24137931034483,1.1341013835617628,131.18064516129033,1.1258065093274163,129.89473684210526,1.1751433620235847
0.0152631578947368,0.0357894736842105,120.87931034482759,1.1878054453053137,121.00645161290322,1.1786185804313212,119.57894736842105,1.2366530839614371
0.0078947368421052,0.0021052631578947,56.724137931034484,0.30876321108704025,56.89032258064516,0.3078410473393037,56.71052631578947,0.34209047264222603
0.0226315789473684,0.0252631578947368,147.45689655172413,0.9610425671790626,147.61290322580646,0.9650645499220039,146.78947368421052,0.9959786030501175
-0.021578947368421,0.0189473684210526,5.051724137931035,1.1327434373683996,5.470967741935484,1.1752397219940613,5.2105263157894735,1.1997945256644926
-0.021578947368421,0.0273684210526315,17.887931034482758,1.370974339996706,18.716129032258063,1.3679384464783704,18.289473684210527,1.289714446120269
-0.021578947368421,0.0084210526315789,0.008620689655172414,,0.0064516129032258064,,0.0,
-0.0068421052631578,0.0378947368421052,64.92241379310344,1.4047351694676589,65.60645161290323,1.4334287528790972,64.57894736842105,1.4411128083344344
0.0189473684210526,0.0273684210526315,132.5948275862069,1.0644202333528598,132.8516129032258,1.0616123365220906,132.1578947368421,1.1004945387782088
-0.0252631578947368,0.0357894736842105,27.198275862068964,1.4633369203698665,28.36774193548387,1.45801074877429,27.57894736842105,1.3880925447161943
0.0263157894736842,0.0336842105263157,153.39655172413794,1.0005824000413768,152.86451612903227,0.9978706396824711,151.8421052631579,1.0292128882052836
-0.0289473684210526,0.0252631578947368,7.094827586206897,1.226117208875394,7.7935483870967746,1.2591123240702056,7.2368421052631575,1.2672524079662442
-0.0363157894736842,0.0168421052631578,0.1810344827586207,,0.18064516129032257,,0.21052631578947367,
-0.021578947368421,0.0147368421052631,1.4396551724137931,1.352929980204639,1.4258064516129032,1.2984260232937501,1.4736842105263157,1.1392329779301678
0.0189473684210526,0.0021052631578947,144.6206896551724,0.08407393724511221,144.70322580645163,0.084768565496137,146.76315789473685,0.08439521226110751
-0.04,0.0231578947368421,1.3706896551724137,1.1738919028033272,1.4,1.1674544672813236,1.4473684210526316,1.1562555400027321
0.0042105263157894,0.0336842105263157,87.72413793103448,1.3207895452455933,88.36774193548388,1.3286755125318406,86.94736842105263,1.353388664409583
-0.0142105263157894,0.0189473684210526,12.5,1.2226672419042963,13.212903225806452,1.2390030277437822,12.973684210526315,1.157620931248654
-0.0142105263157894,0.0357894736842105,45.58620689655172,1.4551981706585835,46.72258064516129,1.4390327251483441,45.921052631578945,1.4716305950841624
0.0078947368421052,0.0210526315789473,82.54310344827586,1.1926570391133726,82.85161290322581,1.1905002523223362,82.57894736842105,1.2432729680355459
-0.0178947368421052,0.0210526315789473,11.517241379310345,1.226594795357275,12.161290322580646,1.2569623145937443,11.763157894736842,1.1517960096588076
0.0189473684210526,0.0147368421052631,132.10344827586206,0.7799239790412883,132.39354838709679,0.7787131046862148,132.55263157894737,0.8151174579635632
-0.0326315789473684,0.04,24.189655172413794,1.4738986581809923,25.29032258064516,1.4693549581793417,24.710526315789473,1.379348261719051
-0.021578947368421,0.0357894736842105,32.810344827586206,1.464636725895931,33.987096774193546,1.4844394051301752,32.68421052631579,1.4353467222425964
0.011578947368421,0.04,111.77586206896552,1.2280276742118106,111.54193548387097,1.2264782797946938,110.15789473684211,1.2616775970186491
0.0263157894736842,0.0273684210526315,159.5948275862069,0.9207011876894187,160.16774193548386,0.9209296461315152,159.6315789473684,0.9347609110097796
0.0226315789473684,0.031578947368421,144.32758620689654,1.0358489045659198,144.2774193548387,1.040491819582729,143.5,1.0688958179443346
-0.0178947368421052,0.0,0.0,,0.0,,0.0,
