ou_mean,ou_std,IRE_r,IRE_cv,IREM_r,IREM_cv,TI_r,TI_cv,TIM_r,TIM_cv
0.0005263157894736,0.0110526315789473,88.43145161290323,1.827859651923017,88.39193548387097,1.797023230818801,18.894607843137255,1.4457323426688526,18.84313725490196,1.4142657454463181
-0.0042105263157894,0.0071052631578947,19.559677419354838,4.748099118392659,19.821774193548386,4.746407105916624,0.3897058823529412,1.6044831743500994,0.4068627450980392,1.5117652988090873
-0.0152631578947368,0.015,0.43306451612903224,1.1062849205105745,0.660483870967742,1.05563937115945,0.0,,0.0,
-0.0168421052631578,0.0094736842105263,0.0,,0.0,,0.0,,0.0,
-0.02,0.001578947368421,0.0,,0.0,,0.0,,0.0,
-0.0026315789473684,0.0134210526315789,85.06290322580645,2.850622998314435,84.80806451612904,2.8399747143119445,10.009803921568627,1.7731330560685692,10.02450980392157,1.7848856090624132
-0.0010526315789473,0.001578947368421,9.839516129032258,4.650333378631133,9.841935483870968,4.691773446456408,0.0,,0.0,
0.0052631578947368,0.0055263157894736,79.07822580645161,0.5383383671729319,79.21612903225807,0.536420784030371,32.94117647058823,0.8346267924214626,32.96813725490196,0.8297564102170778
-0.0089473684210526,0.0102631578947368,2.0048387096774194,2.6863755098311572,2.1088709677419355,2.448010616798951,0.004901960784313725,,0.004901960784313725,
-0.0057894736842105,0.0134210526315789,47.564516129032256,3.9620082763889544,47.09112903225807,4.0234369843950155,2.5686274509803924,1.714329731773413,2.4558823529411766,1.7731211894717525
-0.0010526315789473,0.0031578947368421,39.89758064516129,3.437145125479757,39.409677419354836,3.460051502152438,0.27450980392156865,1.4180097872837527,0.25980392156862747,1.6120644415662018
-0.0121052631578947,0.0007894736842105,0.0,,0.0,,0.0,,0.0,
0.01,0.0086842105263157,128.55645161290323,0.51637032322346,128.76774193548388,0.5158918111656839,47.3921568627451,0.8641098512618545,47.49264705882353,0.8657379420300209
0.0005263157894736,0.0071052631578947,66.66048387096774,1.647585460274284,66.4241935483871,1.6360831241693412,12.634803921568627,1.3424413467324627,12.480392156862745,1.3276257615812306
0.01,0.0094736842105263,128.7725806451613,0.5612181056334984,129.0225806451613,0.5593323770616958,47.713235294117645,0.8870779509675684,47.76960784313726,0.8912979207963787
-0.0073684210526315,0.0118421052631578,17.030645161290323,4.623016425073125,17.323387096774194,4.629772630771044,0.3553921568627451,1.6766288919769892,0.39215686274509803,1.5339386837992695
-0.0089473684210526,0.0071052631578947,0.021774193548387097,0.5786922786511456,0.02338709677419355,0.5654408215927088,0.0,,0.0,
-0.0168421052631578,0.015,0.1032258064516129,1.001107154887576,0.15806451612903225,0.5898065062768246,0.0,,0.0,
-0.0105263157894736,0.0007894736842105,0.0,,0.0,,0.0,,0.0,
-0.0136842105263157,0.0023684210526315,0.0,,0.0,,0.0,,0.0,
-0.0057894736842105,0.0126315789473684,42.15806451612903,4.112698533389564,42.104032258064514,4.12514660790556,1.9240196078431373,1.640487957247127,1.7843137254901962,1.768338200031933
0.0052631578947368,0.0078947368421052,86.11290322580645,0.7306074577828245,86.27903225806452,0.7310374760758505,33.95343137254902,0.9370439753479441,34.00735294117647,0.9338590243434695
-0.0184210526315789,0.001578947368421,0.0,,0.0,,0.0,,0.0,
0.0052631578947368,0.0,77.5,0.0011922407463056213,77.5,0.001192344423789297,33.0,0.4872298938803537,33.0,0.4872298938803537
-0.0184210526315789,0.0055263157894736,0.0,,0.0,,0.0,,0.0,
-0.0073684210526315,0.0055263157894736,0.02258064516129032,0.43797619664997267,0.0,,0.0,,0.0,
-0.0184210526315789,0.0063157894736842,0.0,,0.0,,0.0,,0.0,
0.0036842105263157,0.0055263157894736,63.93467741935484,0.6709156544142144,64.08467741935483,0.6741519805700932,26.370098039215687,0.883016636086588,26.419117647058822,0.8806008685463255
-0.0184210526315789,0.0126315789473684,0.0,,0.0,,0.0,,0.0,
0.0068421052631578,0.0086842105263157,100.78467741935484,0.673164195288352,101.05806451612904,0.6721568475520064,39.31372549019608,0.9206159048877429,39.4485294117647,0.9197303521808429
-0.02,0.0102631578947368,0.0,,0.0,,0.0,,0.0,
-0.02,0.0047368421052631,0.0,,0.0,,0.0,,0.0,
-0.0057894736842105,0.0047368421052631,0.02338709677419355,0.46947053710808706,0.03870967741935484,0.5671303754232464,0.0,,0.0,
-0.0042105263157894,0.0126315789473684,64.09274193548387,3.5083015584150146,64.12096774193549,3.5410733020808185,4.742647058823529,1.7843242502614607,4.696078431372549,1.7618114545272103
-0.0136842105263157,0.0,0.0,,0.0,,0.0,,0.0,
-0.0010526315789473,0.0110526315789473,85.23306451612903,2.36171802747576,85.33387096774193,2.3573581529283936,12.411764705882353,1.6537967669079743,12.306372549019608,1.644086028979781
-0.0073684210526315,0.001578947368421,0.0,,0.0,,0.0,,0.0,
-0.0136842105263157,0.0031578947368421,0.0,,0.0,,0.0,,0.0,
-0.0042105263157894,0.0007894736842105,0.0,,0.0,,0.0,,0.0,
-0.02,0.0023684210526315,0.0,,0.0,,0.0,,0.0,
-0.0010526315789473,0.0126315789473684,91.53629032258064,2.3428616661025674,91.34435483870968,2.3264661181113637,14.769607843137255,1.6319448490834096,14.544117647058824,1.6407188882546295
-0.0026315789473684,0.0071052631578947,50.86290322580645,3.7237122120523085,50.62822580645161,3.7669713320464546,2.0980392156862746,1.6316960348706533,2.0269607843137254,1.6679716128365443
0.0068421052631578,0.0047368421052631,96.09919354838709,0.385581823239229,96.21290322580646,0.38605312675897047,38.245098039215684,0.7504476048041149,38.25735294117647,0.7552937055332577
-0.0010526315789473,0.0142105263157894,97.08951612903226,2.323411936056376,96.91935483870968,2.304699029152328,16.88480392156863,1.6291588714069223,16.811274509803923,1.6192271160931284
0.0021052631578947,0.0142105263157894,104.70806451612903,1.5809964049999217,104.7483870967742,1.576233777937865,28.955882352941178,1.3084594298466685,29.00735294117647,1.2820062246394537
0.01,0.0023684210526315,133.74112903225807,0.1332664015721707,133.78387096774193,0.1332143008146605,46.84313725490196,0.5278425130744,46.875,0.5312194116329451
-0.0184210526315789,0.0110526315789473,0.0,,0.0,,0.0,,0.0,
0.0021052631578947,0.0102631578947368,85.70483870967742,1.3673892618483716,85.72822580645162,1.3641372711787076,24.556372549019606,1.2244392592816247,24.53921568627451,1.207645414507836
0.0052631578947368,0.0039473684210526,77.11209677419355,0.3948300611434465,77.21048387096774,0.3945811398077511,32.75,0.7346124133589866,32.799019607843135,0.7390959829848671
-0.0042105263157894,0.0039473684210526,0.14112903225806453,1.0190353714990392,0.21935483870967742,0.50743872483199,0.0,,0.0,
-0.0057894736842105,0.0110526315789473,30.131451612903227,4.456318412548416,30.213709677419356,4.440881832058067,1.0392156862745099,1.6466531554012191,0.9901960784313726,1.7060705543449628
0.01,0.0102631578947368,129.35645161290321,0.6043215877996404,129.4741935483871,0.6015198403899602,47.94117647058823,0.9058723850542763,48.10539215686274,0.9122945912120363
-0.0136842105263157,0.0055263157894736,0.0,,0.0,,0.0,,0.0,
0.0068421052631578,0.0039473684210526,96.35806451612903,0.32067817654553554,96.47983870967742,0.32145828978953694,38.23039215686274,0.7013723826075287,38.26960784313726,0.7081230912785956
0.01,0.0007894736842105,134.58064516129033,0.04366126610426049,134.61129032258066,0.04373680259226362,46.85294117647059,0.3752985646281599,46.86029411764706,0.37762748756421427
0.0084210526315789,0.0134210526315789,124.24032258064516,0.848187090329367,124.31532258064516,0.8487044360655279,46.154411764705884,1.007651046947846,46.294117647058826,1.0143359716949403
0.0036842105263157,0.0110526315789473,93.21693548387097,1.1449327449263258,93.26693548387097,1.141834014245023,31.154411764705884,1.1183035850334446,31.33578431372549,1.1008952965307632
0.0005263157894736,0.001578947368421,17.29274193548387,1.0262773300275887,17.283870967741937,1.020922322521561,1.1274509803921569,0.6639932609180825,1.0686274509803921,0.6777342502688829
0.0021052631578947,0.0031578947368421,38.012903225806454,0.6041717673956416,38.08709677419355,0.6040880186914795,16.485294117647058,0.7924076408000846,16.41176470588235,0.78176456069169
0.0084210526315789,0.0063157894736842,113.23709677419355,0.43370058290385344,113.38064516129032,0.4347076731699376,42.958333333333336,0.8023866126468507,43.05392156862745,0.807127106848462
0.01,0.0134210526315789,133.83225806451614,0.7632881598136118,133.9733870967742,0.7602373544308364,49.55882352941177,0.9767763741707167,49.713235294117645,0.982889781568468
0.0005263157894736,0.015,104.6741935483871,1.9330179331380564,104.47822580645162,1.9102273131123302,23.79901960784314,1.4802326538113004,24.151960784313726,1.4351688767358592
-0.0010526315789473,0.0071052631578947,67.15161290322581,2.5332258076287606,66.90322580645162,2.528725054496484,6.188725490196078,1.6235163721185057,6.080882352941177,1.623462505583728
0.0068421052631578,0.0118421052631578,110.42016129032258,0.8685919799824147,110.47096774193548,0.8698564139098787,41.21078431372549,1.0109262855111036,41.35539215686274,1.006733979095592
-0.0152631578947368,0.0047368421052631,0.0,,0.0,,0.0,,0.0,
0.0084210526315789,0.0071052631578947,113.24758064516129,0.48598547372256773,113.38225806451612,0.48732136802866455,43.075980392156865,0.8353472821479832,43.18872549019608,0.8397798679864665
-0.0136842105263157,0.015,1.4306451612903226,2.392821330621096,1.5911290322580645,2.2057442136073058,0.0,,0.0,
-0.0073684210526315,0.0023684210526315,0.0,,0.0,,0.0,,0.0,
-0.02,0.0094736842105263,0.0,,0.0,,0.0,,0.0,
0.0084210526315789,0.001578947368421,116.71370967741936,0.10405912424861188,116.75322580645161,0.10408856138753872,42.904411764705884,0.46967204657625566,42.93872549019608,0.4719683713541187
0.0036842105263157,0.0078947368421052,76.18709677419355,0.8997179781448122,76.30483870967743,0.899995778055809,28.125,1.0112379201015875,28.142156862745097,0.9923286385802331
-0.0042105263157894,0.0142105263157894,72.20161290322581,3.320189746722519,72.09838709677419,3.3425173407298137,6.607843137254902,1.8311468654918894,6.370098039215686,1.811319426319477
0.0084210526315789,0.0,117.125,0.002672424423472353,117.125,0.002672460854545191,42.875,0.4313363398646547,42.875,0.4313363398646547
-0.0121052631578947,0.0055263157894736,0.0,,0.0,,0.0,,0.0,
-0.0010526315789473,0.0,0.0,,0.0,,0.0,,0.0,
0.01,0.0,134.75,0.00336466807113788,134.75,0.003364665043375532,46.75,0.40317613111683676,46.75,0.40317613111683676
0.0084210526315789,0.0031578947368421,115.53709677419354,0.21242037034126207,115.59274193548387,0.21230406309156782,42.85294117647059,0.617475947461173,42.875,0.6184620015041041
0.0036842105263157,0.0126315789473684,101.10806451612903,1.2437620574007846,100.84677419354838,1.242266233126723,32.752450980392155,1.163681565779491,32.81617647058823,1.1450580900333964
-0.0152631578947368,0.0007894736842105,0.0,,0.0,,0.0,,0.0,
-0.0184210526315789,0.0078947368421052,0.0,,0.0,,0.0,,0.0,
0.0068421052631578,0.0031578947368421,96.84596774193548,0.2551813389554234,96.91451612903226,0.2559881527622717,38.2671568627451,0.6461987283285563,38.294117647058826,0.6490544372885878
-0.0073684210526315,0.0094736842105263,4.975,4.010774053258157,5.112096774193549,4.220275674525893,0.022058823529411766,,0.024509803921568627,
0.0068421052631578,0.0078947368421052,99.0758064516129,0.6202278382863469,99.28064516129032,0.6184939631282158,38.93872549019608,0.8954030442986487,39.03186274509804,0.8948129238927506
-0.0136842105263157,0.0134210526315789,0.4129032258064516,1.0708206685190873,0.6137096774193549,1.1445856688814153,0.0,,0.0,
-0.0026315789473684,0.0039473684210526,11.12258064516129,5.0921382791548035,11.084677419354838,4.983667761156616,0.029411764705882353,,0.04411764705882353,1.6943030461894395
-0.0010526315789473,0.0078947368421052,71.21451612903226,2.4721854849910976,71.12177419354839,2.4582075186958354,7.477941176470588,1.653049079171432,7.325980392156863,1.6453993538398004
-0.0105263157894736,0.0071052631578947,0.0,,0.0,,0.0,,0.0,
-0.0136842105263157,0.0126315789473684,0.14112903225806453,0.9265174455091183,0.28225806451612906,1.0901303004686609,0.0,,0.0,
-0.0010526315789473,0.0047368421052631,53.083064516129035,2.87146738513706,53.14677419354839,2.8858583817210803,2.2034313725490198,1.5280948679852264,2.105392156862745,1.588631028727436
-0.0136842105263157,0.0071052631578947,0.0,,0.0,,0.0,,0.0,
-0.0089473684210526,0.0078947368421052,0.08790322580645162,0.5096618876727039,0.13306451612903225,0.5073390805874666,0.0,,0.0,
-0.0010526315789473,0.0086842105263157,74.97661290322581,2.4332591693946735,74.85322580645162,2.4236857312231854,8.700980392156863,1.662405931941807,8.683823529411764,1.6425075199528296
0.0084210526315789,0.0142105263157894,126.29596774193548,0.8889975655335268,126.47419354838709,0.8876810849068011,46.60049019607843,1.022164215014423,46.745098039215684,1.025952686413965
-0.0168421052631578,0.0078947368421052,0.0,,0.0,,0.0,,0.0,
0.0068421052631578,0.0063157894736842,96.71935483870968,0.5074269729550738,96.88629032258065,0.5071748251753151,38.504901960784316,0.8330505856794866,38.5171568627451,0.8359056044003507
0.0005263157894736,0.0134210526315789,98.75241935483871,1.895046176567398,98.50725806451612,1.8698646226650486,22.03186274509804,1.4697423714318196,22.186274509803923,1.4266104919874627
0.0084210526315789,0.0078947368421052,113.625,0.5377805660779696,113.78951612903226,0.5373049162369791,43.29656862745098,0.8651710556946366,43.424019607843135,0.8646711269953973
-0.0168421052631578,0.0023684210526315,0.0,,0.0,,0.0,,0.0,
0.0052631578947368,0.0047368421052631,77.825,0.46784940420073073,77.93145161290323,0.4668570579451279,32.8235294117647,0.793663343768122,32.84803921568628,0.7879081160707134
-0.0042105263157894,0.0078947368421052,27.649193548387096,4.61819369744048,27.62983870967742,4.527886029176495,0.7549019607843137,1.6110080780659306,0.7401960784313726,1.6802676617053163
-0.0152631578947368,0.0134210526315789,0.09838709677419355,1.0341744453728752,0.15403225806451612,0.5238494461504354,0.0,,0.0,
-0.0121052631578947,0.0142105263157894,2.5080645161290325,3.0994856897519276,2.774193548387097,3.153596192820982,0.007352941176470588,,0.007352941176470588,
-0.02,0.0142105263157894,0.018548387096774192,0.42938802957567535,0.0,,0.0,,0.0,
-0.0121052631578947,0.0110526315789473,0.12016129032258065,1.0084214834878098,0.21935483870967742,0.7205879655202283,0.0,,0.0,
-0.0026315789473684,0.0126315789473684,81.98145161290323,2.8979556397380004,81.83629032258065,2.8933804881581717,9.07843137254902,1.7905240269820302,8.941176470588236,1.7816337866428547
-0.0184210526315789,0.0134210526315789,0.018548387096774192,0.47564807158334543,0.0,,0.0,,0.0,
0.0036842105263157,0.0102631578947368,89.23548387096774,1.0919152121726645,89.07822580645161,1.087612570677882,30.394607843137255,1.098957487110752,30.519607843137255,1.0784463063921492
-0.0026315789473684,0.0007894736842105,0.0,,0.0,,0.0,,0.0,
0.0068421052631578,0.0055263157894736,96.22258064516129,0.44872567333062774,96.35161290322581,0.44824563922878613,38.325980392156865,0.7970445698306041,38.345588235294116,0.7962583646190363
-0.0042105263157894,0.0134210526315789,68.33629032258065,3.4136614266681926,68.40967741935484,3.426649430870202,5.602941176470588,1.784407978465054,5.5318627450980395,1.7910985273616233
-0.0105263157894736,0.0118421052631578,1.7161290322580645,2.5897417340576943,1.8588709677419355,2.390823953649741,0.0024509803921568627,,0.0024509803921568627,
-0.02,0.0086842105263157,0.0,,0.0,,0.0,,0.0,
0.0021052631578947,0.0118421052631578,94.09435483870968,1.4648643755015367,94.04032258064517,1.4624355332789811,26.42156862745098,1.2687941279289454,26.419117647058822,1.2428216176738285
-0.0026315789473684,0.0023684210526315,0.06935483870967742,0.510341661545401,0.16774193548387098,0.5262051086701013,0.0,,0.0,
0.0005263157894736,0.0047368421052631,49.05403225806452,1.4828842377212683,48.8758064516129,1.4767680685621938,7.703431372549019,1.1910736587787656,7.53921568627451,1.1665621824753118
0.0005263157894736,0.0094736842105263,80.54032258064517,1.7671450744791224,80.42016129032258,1.7427045629953601,16.666666666666668,1.4160783399158727,16.534313725490197,1.3993045593635571
0.0052631578947368,0.0134210526315789,109.34919354838709,1.1003517190485068,109.24193548387096,1.0937440877592572,38.09803921568628,1.108266564476608,38.38235294117647,1.0903494773896234
0.0036842105263157,0.0007894736842105,55.08225806451613,0.10361150026341766,55.12016129032258,0.1040283411893438,26.198529411764707,0.4774942917215078,26.19607843137255,0.484513265654215
-0.0042105263157894,0.0047368421052631,1.4370967741935483,2.0287222517927326,1.8991935483870968,2.17355367623097,0.0,,0.0,
0.0021052631578947,0.0134210526315789,101.34274193548387,1.5452548518593217,101.32741935483871,1.5435950242364986,28.154411764705884,1.2981388528437543,28.186274509803923,1.2736077648447113
0.0021052631578947,0.015,107.90725806451613,1.6165351728482318,107.98629032258064,1.6120575519132594,29.776960784313726,1.3202167070513524,29.86519607843137,1.2952595588974625
0.0021052631578947,0.0063157894736842,60.29758064516129,1.027777760846768,60.42983870967742,1.0298783522603139,19.29901960784314,1.0485522049389022,19.232843137254903,1.0367643417628092
-0.0152631578947368,0.0102631578947368,0.0,,0.0,,0.0,,0.0,
-0.0168421052631578,0.0102631578947368,0.0,,0.0,,0.0,,0.0,
-0.0089473684210526,0.0086842105263157,0.34516129032258064,1.1798946489997133,0.5475806451612903,1.1591140520757808,0.0,,0.0,
-0.0121052631578947,0.015,3.8096774193548386,3.69487136140881,4.100806451612903,3.9129207324240003,0.01715686274509804,,0.014705882352941176,
0.01,0.0031578947368421,133.01774193548388,0.18022571615446048,133.1048387096774,0.180214217205975,46.84068627450981,0.5952018193273668,46.84803921568628,0.5973633545345521
-0.0089473684210526,0.0047368421052631,0.0,,0.0,,0.0,,0.0,
-0.0042105263157894,0.015,75.31854838709677,3.252770023811659,75.46774193548387,3.2587844611285752,7.392156862745098,1.8336492823918848,7.389705882352941,1.822842701517436
-0.0073684210526315,0.0142105263157894,31.537903225806453,4.328616330527504,31.72258064516129,4.307077853491761,1.2549019607843137,1.627269991027601,1.2058823529411764,1.7294372422641509
0.0084210526315789,0.0055263157894736,113.57983870967742,0.37951678054047566,113.68387096774194,0.380391640677985,42.86764705882353,0.7621187840112038,42.90931372549019,0.767662881556662
-0.0105263157894736,0.0039473684210526,0.0,,0.0,,0.0,,0.0,
0.01,0.0047368421052631,131.33387096774194,0.2771060986748852,131.35,0.2776275991003569,46.833333333333336,0.6940550692947499,46.830882352941174,0.698413716391144
-0.0073684210526315,0.0063157894736842,0.0467741935483871,0.49302451295366856,0.11854838709677419,0.4993019414708503,0.0,,0.0,
-0.02,0.0055263157894736,0.0,,0.0,,0.0,,0.0,
-0.0105263157894736,0.0031578947368421,0.0,,0.0,,0.0,,0.0,
-0.0057894736842105,0.001578947368421,0.0,,0.0,,0.0,,0.0,
-0.02,0.0078947368421052,0.0,,0.0,,0.0,,0.0,
-0.0168421052631578,0.0047368421052631,0.0,,0.0,,0.0,,0.0,
-0.0057894736842105,0.0055263157894736,0.1717741935483871,0.9405196368001452,0.3379032258064516,0.8185452285119502,0.0,,0.0,
-0.0073684210526315,0.0,0.0,,0.0,,0.0,,0.0,
-0.0152631578947368,0.001578947368421,0.0,,0.0,,0.0,,0.0,
-0.0073684210526315,0.0134210526315789,26.635483870967743,4.474781802592636,26.806451612903224,4.432483003358254,0.8823529411764706,1.671091743049317,0.8725490196078431,1.6923316030806521
-0.0152631578947368,0.0031578947368421,0.0,,0.0,,0.0,,0.0,
-0.0010526315789473,0.0063157894736842,62.79032258064516,2.594579984910708,62.66935483870968,2.6046115257386946,4.727941176470588,1.5911416983235191,4.642156862745098,1.605745675042407
0.0036842105263157,0.0,55.125,2.5807245435563452e-14,55.125,2.5807245435563452e-14,26.25,0.4964762865792977,26.25,0.4964762865792977
0.0036842105263157,0.0047368421052631,60.633870967741935,0.5900150512262097,60.69032258064516,0.5917692162305991,26.05392156862745,0.8354147422193395,26.127450980392158,0.8306982402582387
-0.0010526315789473,0.015,99.6774193548387,2.3141937197154476,99.41854838709678,2.2997278713980283,17.965686274509803,1.6274080752899678,17.86519607843137,1.6122003376915606
-0.0026315789473684,0.0063157894736842,43.05887096774194,4.009582882068743,42.95967741935484,4.0278748349509375,1.338235294117647,1.619564759717936,1.1985294117647058,1.6489186394198538
0.0021052631578947,0.001578947368421,31.579838709677418,0.3495344554209915,31.679032258064517,0.34924000878241024,16.269607843137255,0.5959858692751294,16.227941176470587,0.5918184216407865
-0.0073684210526315,0.0126315789473684,22.375,4.594512272171809,22.011290322580646,4.495858766792649,0.5906862745098039,1.6342891800682655,0.6004901960784313,1.5620698490371785
-0.0057894736842105,0.0031578947368421,0.0,,0.0,,0.0,,0.0,
0.0068421052631578,0.0102631578947368,105.1758064516129,0.7736588144286313,105.38064516129032,0.7733041358951562,40.14950980392157,0.9688662990082377,40.35539215686274,0.9666705562080005
0.0005263157894736,0.0031578947368421,34.32096774193548,1.3168825380782223,34.276612903225804,1.3101546529208217,4.041666666666667,0.9917734132636181,4.002450980392157,0.9646428983249793
-0.0121052631578947,0.0094736842105263,0.02903225806451613,0.43177435000420955,0.020161290322580645,0.4612250380332862,0.0,,0.0,
-0.0026315789473684,0.0110526315789473,75.34677419354838,3.0215245787844727,75.1241935483871,3.0422011261070274,7.034313725490196,1.7598079993039253,6.862745098039215,1.7568299201339888
0.0005263157894736,0.0078947368421052,71.63225806451612,1.6882665048953545,71.20322580645161,1.674104503060812,14.071078431372548,1.3618275880901014,13.96078431372549,1.3573332327488357
-0.0168421052631578,0.0086842105263157,0.0,,0.0,,0.0,,0.0,
-0.02,0.0007894736842105,0.0,,0.0,,0.0,,0.0,
-0.0105263157894736,0.0,0.0,,0.0,,0.0,,0.0,
0.0036842105263157,0.0071052631578947,71.94032258064516,0.827896414301283,72.01854838709677,0.8287720290256613,27.419117647058822,0.977876848206057,27.497549019607842,0.9617553242797318
0.0052631578947368,0.015,115.78548387096774,1.1848096451706824,115.48709677419355,1.182238319982247,39.318627450980394,1.1414483454207802,39.463235294117645,1.121409620011081
-0.0042105263157894,0.0023684210526315,0.0,,0.0,,0.0,,0.0,
-0.0010526315789473,0.0134210526315789,94.26854838709677,2.3331032814417605,94.14516129032258,2.3158982148917584,15.779411764705882,1.6417992607724308,15.862745098039216,1.6261230309452581
0.0021052631578947,0.0078947368421052,71.33790322580646,1.1857086181593346,71.37983870967741,1.1835560030666126,21.42156862745098,1.136212997091322,21.41421568627451,1.1208337961595496
-0.02,0.0118421052631578,0.0,,0.0,,0.0,,0.0,
-0.02,0.0134210526315789,0.0,,0.0,,0.0,,0.0,
-0.0121052631578947,0.0039473684210526,0.0,,0.0,,0.0,,0.0,
-0.0057894736842105,0.0023684210526315,0.0,,0.0,,0.0,,0.0,
0.0084210526315789,0.0047368421052631,114.11129032258064,0.3246872812659058,114.24677419354839,0.32455094795503014,42.81372549019608,0.7199654799293127,42.8578431372549,0.7260512601051304
-0.02,0.0,0.0,,0.0,,0.0,,0.0,
0.0021052631578947,0.0110526315789473,89.92338709677419,1.4144033047332454,89.87177419354839,1.4130689410597814,25.5,1.252811565707137,25.441176470588236,1.2262451731028898
-0.0089473684210526,0.0063157894736842,0.0,,0.0,,0.0,,0.0,
-0.0105263157894736,0.0142105263157894,7.187903225806451,4.49483820189428,7.120161290322581,4.3927016275775665,0.051470588235294115,,0.0392156862745098,1.4314326452263677
-0.0042105263157894,0.001578947368421,0.0,,0.0,,0.0,,0.0,
0.0036842105263157,0.0094736842105263,85.04838709677419,1.0312372304763455,84.9491935483871,1.0302850247851805,29.639705882352942,1.0697815643529525,29.688725490196077,1.052450948550152
-0.0073684210526315,0.0071052631578947,0.25725806451612904,1.1591071037688665,0.5056451612903226,1.0427079444286085,0.0,,0.0,
-0.0105263157894736,0.0102631578947368,0.4,1.112045408699763,0.5983870967741935,1.1472750897403825,0.0,,0.0,
-0.0026315789473684,0.015,90.28467741935484,2.7656192921698795,90.27661290322581,2.7503461749815905,12.019607843137255,1.7849643527154888,12.044117647058824,1.7770552330236322
-0.0121052631578947,0.0118421052631578,0.3782258064516129,1.1383339437284503,0.6048387096774194,1.0918760969791927,0.0,,0.0,
-0.0057894736842105,0.0007894736842105,0.0,,0.0,,0.0,,0.0,
0.0021052631578947,0.0126315789473684,97.80645161290323,1.5055361203719073,97.65161290322581,1.5020613644376388,27.311274509803923,1.284656735964777,27.311274509803923,1.259118241262223
-0.0136842105263157,0.0047368421052631,0.0,,0.0,,0.0,,0.0,
-0.0168421052631578,0.0071052631578947,0.0,,0.0,,0.0,,0.0,
-0.0168421052631578,0.0031578947368421,0.0,,0.0,,0.0,,0.0,
-0.0073684210526315,0.0047368421052631,0.0,,0.0,,0.0,,0.0,
0.0084210526315789,0.0110526315789473,118.41370967741935,0.7234407878939272,118.5524193548387,0.7220798040520754,44.72549019607843,0.9546490253559438,44.86764705882353,0.9581782517439718
0.0068421052631578,0.0,98.25,0.0022150514806834228,98.25,0.002215090152145766,38.375,0.46017118467293733,38.375,0.46017118467293733
-0.0184210526315789,0.0118421052631578,0.0,,0.0,,0.0,,0.0,
-0.02,0.0031578947368421,0.0,,0.0,,0.0,,0.0,
0.0052631578947368,0.0142105263157894,112.56048387096774,1.1418476176222165,112.35806451612903,1.1387788698250034,38.6764705882353,1.122778680606267,38.92156862745098,1.106677985323415
-0.0121052631578947,0.0134210526315789,1.5588709677419355,2.4998540663014737,1.7145161290322581,2.291033386644198,0.0,,0.0024509803921568627,
-0.0057894736842105,0.0,0.0,,0.0,,0.0,,0.0,
0.0021052631578947,0.0039473684210526,42.88467741935484,0.7224610717383976,43.14032258064516,0.7240438710007561,16.78921568627451,0.8669369750076557,16.83823529411765,0.8594585555656669
-0.0026315789473684,0.0142105263157894,87.78467741935484,2.803163773260619,87.65403225806452,2.794241518342958,11.056372549019608,1.78287023587774,10.950980392156863,1.7748817349617834
-0.0152631578947368,0.0071052631578947,0.0,,0.0,,0.0,,0.0,
0.0052631578947368,0.0031578947368421,76.94032258064516,0.3165072709242585,77.0,0.31786949530706504,32.76470588235294,0.677395247520987,32.8235294117647,0.6803416453330482
0.0084210526315789,0.0118421052631578,120.24354838709678,0.7661382539101556,120.34032258064516,0.7655055224184676,45.181372549019606,0.9718156404963406,45.28431372549019,0.9770186787272385
-0.0168421052631578,0.0063157894736842,0.0,,0.0,,0.0,,0.0,
-0.0105263157894736,0.0134210526315789,4.855645161290322,3.97236238197048,5.049193548387096,4.155122005194205,0.024509803921568627,,0.022058823529411766,
0.0052631578947368,0.0110526315789473,99.26693548387097,0.9540802810107809,99.29435483870968,0.9555249959910872,36.2328431372549,1.0475725797155773,36.34313725490196,1.0357433319012563
-0.0089473684210526,0.0023684210526315,0.0,,0.0,,0.0,,0.0,
-0.0152631578947368,0.0,0.0,,0.0,,0.0,,0.0,
-0.0089473684210526,0.0031578947368421,0.0,,0.0,,0.0,,0.0,
-0.0042105263157894,0.0118421052631578,59.47258064516129,3.652449609460979,59.74677419354839,3.666629531043289,3.8186274509803924,1.746198792183251,3.803921568627451,1.7462318444384004
-0.0168421052631578,0.0007894736842105,0.0,,0.0,,0.0,,0.0,
-0.0105263157894736,0.0055263157894736,0.0,,0.0,,0.0,,0.0,
-0.0105263157894736,0.0094736842105263,0.1153225806451613,0.94659297084755,0.2,0.4795376324368619,0.0,,0.0,
-0.0105263157894736,0.0063157894736842,0.0,,0.0,,0.0,,0.0,
0.0005263157894736,0.0126315789473684,95.4483870967742,1.8724637004863711,95.42258064516129,1.8480896736030452,20.887254901960784,1.4627596203387836,21.215686274509803,1.4310811659328082
0.0052631578947368,0.0102631578947368,95.90322580645162,0.9017352372172123,95.79596774193548,0.9033811192177102,35.56372549019608,1.0207187264745783,35.745098039215684,1.0107098511038788
0.01,0.015,137.01451612903224,0.8363817857075908,137.10645161290321,0.8335579030107954,50.450980392156865,1.0051915079386202,50.58578431372549,1.0088611768977023
0.0021052631578947,0.0086842105263157,76.46935483870968,1.253479137377847,76.47258064516129,1.2475829188693388,22.485294117647058,1.168505586894693,22.443627450980394,1.1540550479239131
-0.0057894736842105,0.0102631578947368,24.513709677419357,4.629508054593498,24.18064516129032,4.530815287305011,0.6715686274509803,1.6270364174857406,0.6617647058823529,1.5599533227660338
0.0068421052631578,0.0142105263157894,118.70806451612903,0.9996939003232151,118.53145161290323,0.9992439077643622,42.89460784313726,1.0624198113613155,43.029411764705884,1.057903508988483
-0.02,0.015,0.018548387096774192,0.5908500241533516,0.008870967741935484,0.49035415999271403,0.0,,0.0,
0.0084210526315789,0.0023684210526315,116.18064516129033,0.1572448092732205,116.23629032258064,0.1576091664379001,42.89705882352941,0.5489606537427276,42.92156862745098,0.5504860437893002
-0.0042105263157894,0.0,0.0,,0.0,,0.0,,0.0,
-0.0089473684210526,0.0126315789473684,9.338709677419354,4.695376687098415,9.312903225806451,4.551165250460239,0.10784313725490197,1.7246426374432682,0.061274509803921566,1.2072636140737778
-0.0089473684210526,0.0118421052631578,6.258064516129032,4.486085676434364,6.336290322580645,4.48140428650109,0.04411764705882353,,0.03431372549019608,1.4003225990577737
0.0084210526315789,0.0126315789473684,122.2516129032258,0.8080175645094784,122.25403225806451,0.8082546663401058,45.63725490196079,0.9909167393038114,45.794117647058826,0.9919203606735977
0.0084210526315789,0.0086842105263157,114.33145161290322,0.5857146034786109,114.54193548387097,0.5852192085927566,43.59803921568628,0.8938001881601372,43.674019607843135,0.8903503926982278
-0.0089473684210526,0.0094736842105263,0.9185483870967742,1.576333495941719,1.228225806451613,1.7424112803763157,0.0,,0.0,
-0.0168421052631578,0.0118421052631578,0.008870967741935484,0.4484324256041622,0.0,,0.0,,0.0,
-0.0057894736842105,0.015,56.07016129032258,3.7425119153932096,56.29838709677419,3.782491507898709,3.8112745098039214,1.7756233947872975,3.8063725490196076,1.8485983850665901
-0.0073684210526315,0.0102631578947368,8.618548387096775,4.739077908441693,8.435483870967742,4.669196303300185,0.09558823529411764,,0.058823529411764705,1.173871927526502
-0.0168421052631578,0.0126315789473684,0.018548387096774192,0.6051881358865285,0.00967741935483871,0.3663943513111659,0.0,,0.0,
0.0021052631578947,0.0007894736842105,30.76290322580645,0.16919641150561102,30.768548387096775,0.16866981495638422,16.387254901960784,0.4584153816539461,16.375,0.4548153005524887
-0.0073684210526315,0.0007894736842105,0.0,,0.0,,0.0,,0.0,
0.01,0.0142105263157894,135.36370967741937,0.7988349406571058,135.50887096774193,0.7974496917184163,49.995098039215684,0.9915140286697278,50.13235294117647,0.9947679637984169
-0.0121052631578947,0.0023684210526315,0.0,,0.0,,0.0,,0.0,
-0.0089473684210526,0.015,20.697580645161292,4.543861196538201,20.543548387096774,4.436652725147553,0.5318627450980392,1.6924765624934002,0.5465686274509803,1.5714583769571397
-0.0152631578947368,0.0142105263157894,0.1774193548387097,0.7869311060752409,0.3709677419354839,1.0385738065500327,0.0,,0.0,
-0.0026315789473684,0.0094736842105263,67.0491935483871,3.2285719072266765,67.00483870967741,3.2540177703842867,4.840686274509804,1.7071950247790202,4.7745098039215685,1.7406146806601892
-0.0184210526315789,0.0047368421052631,0.0,,0.0,,0.0,,0.0,
0.0068421052631578,0.0134210526315789,115.95322580645161,0.9576225971308124,115.76048387096775,0.9582218039693492,42.306372549019606,1.0459574108278642,42.47794117647059,1.0410474494665702
-0.0057894736842105,0.0094736842105263,17.95725806451613,4.6959936288992745,18.258870967741935,4.71599942764496,0.3946078431372549,1.6172879427570854,0.4019607843137255,1.6729787440049482
-0.0089473684210526,0.0039473684210526,0.0,,0.0,,0.0,,0.0,
-0.0010526315789473,0.0023684210526315,28.230645161290322,3.9853966476043254,28.27983870967742,3.956945064534592,0.0024509803921568627,,0.00980392156862745,
-0.0184210526315789,0.0102631578947368,0.0,,0.0,,0.0,,0.0,
-0.0168421052631578,0.0134210526315789,0.02661290322580645,0.572285909285389,0.03225806451612903,0.3932621053262972,0.0,,0.0,
-0.0105263157894736,0.015,9.750806451612902,4.578023039609961,9.814516129032258,4.464454940543829,0.10784313725490197,1.7235499830275323,0.0661764705882353,1.3300487934894711
0.01,0.0078947368421052,128.6524193548387,0.47039814120696144,128.7725806451613,0.4716378541304126,47.21568627450981,0.8376668878253085,47.252450980392155,0.8383144059649197
-0.0026315789473684,0.0,0.0,,0.0,,0.0,,0.0,
-0.0184210526315789,0.0071052631578947,0.0,,0.0,,0.0,,0.0,
-0.0136842105263157,0.001578947368421,0.0,,0.0,,0.0,,0.0,
-0.0152631578947368,0.0055263157894736,0.0,,0.0,,0.0,,0.0,
0.0052631578947368,0.0007894736842105,77.47903225806452,0.07785028918267317,77.52016129032258,0.0781521453886102,33.05392156862745,0.4535384482994384,33.04656862745098,0.4586803900648703
-0.0168421052631578,0.0142105263157894,0.06048387096774194,0.5199282149345209,0.10161290322580645,0.5563192637568293,0.0,,0.0,
-0.0184210526315789,0.015,0.02661290322580645,0.6050631962482852,0.0846774193548387,0.4129601572203748,0.0,,0.0,
0.0068421052631578,0.0110526315789473,107.77741935483871,0.8234082450409529,107.81290322580645,0.8219852572482141,40.68627450980392,0.9917178585681965,40.79656862745098,0.9856881110272747
-0.0073684210526315,0.0110526315789473,12.579032258064515,4.8027285036513385,12.403225806451612,4.677565691399546,0.2034313725490196,1.4834837004031405,0.15196078431372548,1.485567016453553
-0.0136842105263157,0.0039473684210526,0.0,,0.0,,0.0,,0.0,
-0.0152631578947368,0.0110526315789473,0.020967741935483872,0.48077799555726863,0.0,,0.0,,0.0,
0.0005263157894736,0.0102631578947368,84.56612903225806,1.7964803595899463,84.46129032258065,1.772130205906691,17.779411764705884,1.4295672095104799,17.737745098039216,1.401074183973853
-0.0105263157894736,0.0086842105263157,0.029838709677419355,0.5304800713286474,0.08387096774193549,0.46293389446439687,0.0,,0.0,
-0.0184210526315789,0.0094736842105263,0.0,,0.0,,0.0,,0.0,
-0.0121052631578947,0.0,0.0,,0.0,,0.0,,0.0,
0.0052631578947368,0.0071052631578947,83.21854838709677,0.6690871742480379,83.41290322580645,0.6681197614620731,33.47549019607843,0.9035164402540201,33.568627450980394,0.9050608739597927
-0.0184210526315789,0.0031578947368421,0.0,,0.0,,0.0,,0.0,
0.01,0.0055263157894736,130.46048387096775,0.32655115449465477,130.5040322580645,0.3268598339202964,46.84803921568628,0.7341256760792825,46.879901960784316,0.738550217610675
-0.0136842105263157,0.0063157894736842,0.0,,0.0,,0.0,,0.0,
-0.0136842105263157,0.0118421052631578,0.09193548387096774,1.103487929062772,0.10967741935483871,0.5971341267470459,0.0,,0.0,
-0.0168421052631578,0.0,0.0,,0.0,,0.0,,0.0,
-0.0121052631578947,0.0047368421052631,0.0,,0.0,,0.0,,0.0,
0.0005263157894736,0.0007894736842105,8.495967741935484,0.7808845278728914,8.466129032258065,0.7772753806824877,0.056372549019607844,,0.02696078431372549,
-0.0121052631578947,0.0071052631578947,0.0,,0.0,,0.0,,0.0,
-0.0089473684210526,0.0134210526315789,12.561290322580644,4.682475920187633,12.59274193548387,4.614154512932929,0.22058823529411764,1.6373288780074666,0.14950980392156862,1.3040113650121021
-0.0152631578947368,0.0039473684210526,0.0,,0.0,,0.0,,0.0,
0.0068421052631578,0.0126315789473684,113.225,0.9136258356760819,113.14274193548387,0.9144612313282736,41.759803921568626,1.0282760455224225,41.870098039215684,1.0263548674706553
0.0005263157894736,0.0055263157894736,55.425,1.5450842430113976,55.17177419354839,1.5372233132261788,9.45343137254902,1.2518774424688621,9.181372549019608,1.2310230669111797
-0.0089473684210526,0.0,0.0,,0.0,,0.0,,0.0,
0.01,0.0039473684210526,132.2024193548387,0.22836335626228052,132.26693548387098,0.22851020687233445,46.78921568627451,0.6480343027665627,46.833333333333336,0.6495138661321013
-0.0136842105263157,0.0078947368421052,0.0,,0.0,,0.0,,0.0,
-0.0168421052631578,0.0110526315789473,0.0,,0.0,,0.0,,0.0,
0.0068421052631578,0.0023684210526315,97.31693548387096,0.1898344965466066,97.40967741935484,0.18997687339845679,38.33578431372549,0.5811109890723629,38.345588235294116,0.5816440828647873
-0.0042105263157894,0.0086842105263157,35.29112903225806,4.334647868009894,35.54274193548387,4.309802584528728,1.2279411764705883,1.616014349228337,1.1323529411764706,1.6605259734166122
-0.0089473684210526,0.0110526315789473,3.736290322580645,3.7269743782157274,3.949193548387097,3.863201004659688,0.01715686274509804,,0.014705882352941176,
-0.0042105263157894,0.0110526315789473,54.70564516129032,3.7605250486620596,54.64354838709677,3.819467637469572,3.1176470588235294,1.6987085609750014,2.9779411764705883,1.7609460735230713
-0.0105263157894736,0.0047368421052631,0.0,,0.0,,0.0,,0.0,
-0.0026315789473684,0.0055263157894736,33.58548387096774,4.372594738851451,33.855645161290326,4.310989504548844,0.7279411764705882,1.657434377458079,0.7205882352941176,1.633066341693124
0.0021052631578947,0.0047368421052631,48.563709677419354,0.8357701926678509,48.70322580645161,0.8365568665471589,17.438725490196077,0.9330057849301614,17.441176470588236,0.9293834551186555
0.01,0.001578947368421,134.25483870967741,0.08793099090304854,134.31209677419355,0.0879043743080959,46.84313725490196,0.44835528789766627,46.85049019607843,0.4485044190572543
0.0005263157894736,0.0063157894736842,61.104838709677416,1.6001111629258933,61.08225806451613,1.5895877800130056,11.139705882352942,1.2981674168803468,10.91421568627451,1.2747791780054762
0.0005263157894736,0.0086842105263157,76.34838709677419,1.7283957082164905,76.075,1.7109952063268492,15.416666666666666,1.3916158677064234,15.267156862745098,1.3867015133769331
0.0005263157894736,0.0,0.0,,0.0,,0.0,,0.0,
-0.0184210526315789,0.0023684210526315,0.0,,0.0,,0.0,,0.0,
-0.0042105263157894,0.0055263157894736,5.276612903225806,4.212165114644793,5.415322580645161,4.377295398786973,0.029411764705882353,,0.02696078431372549,
0.0036842105263157,0.001578947368421,55.12741935483871,0.2087018072553138,55.21774193548387,0.20893297496264565,26.063725490196077,0.5613570593677997,26.07843137254902,0.5626657257853336
0.01,0.0110526315789473,130.16370967741935,0.6451347308648392,130.32338709677418,0.6425944292953276,48.34068627450981,0.9266922080107114,48.470588235294116,0.9304433839256464
-0.0073684210526315,0.0078947368421052,0.9580645161290322,1.6497913223895648,1.3088709677419355,1.759155361615435,0.0,,0.0,
-0.0121052631578947,0.0086842105263157,0.020161290322580645,0.4323310383751811,0.0,,0.0,,0.0,
-0.0184210526315789,0.0086842105263157,0.0,,0.0,,0.0,,0.0,
-0.0057894736842105,0.0086842105263157,12.321774193548388,4.835705120030186,12.203225806451613,4.776445784367446,0.20098039215686275,1.5413199378585274,0.13480392156862744,1.5651113718240761
-0.0105263157894736,0.0110526315789473,0.8790322580645161,1.5699654392551587,1.1612903225806452,1.6863544638717314,0.0,,0.0,
-0.0121052631578947,0.0031578947368421,0.0,,0.0,,0.0,,0.0,
0.0021052631578947,0.0055263157894736,54.471774193548384,0.9380610229804974,54.45645161290322,0.9382645765320676,18.276960784313726,0.9944518394600073,18.28921568627451,0.9854012853990838
-0.0184210526315789,0.0007894736842105,0.0,,0.0,,0.0,,0.0,
0.0084210526315789,0.0094736842105263,115.40161290322581,0.6327374693168135,115.55887096774194,0.6327880583830966,43.97303921568628,0.915444232829847,44.049019607843135,0.9116265101146312
0.01,0.0126315789473684,132.4008064516129,0.725889223969717,132.61048387096776,0.7224224141482903,49.134803921568626,0.9644543954794514,49.306372549019606,0.9663298472577156
-0.0042105263157894,0.0063157894736842,11.740322580645161,4.926771776389588,11.771774193548387,4.848923121580071,0.15196078431372548,1.1413196755872044,0.11029411764705882,1.3184250625670921
-0.0136842105263157,0.0094736842105263,0.0,,0.0,,0.0,,0.0,
0.0021052631578947,0.0023684210526315,34.125,0.4806609041044308,34.15,0.480671182415176,16.24264705882353,0.7039899402194061,16.318627450980394,0.7007331498537047
-0.0136842105263157,0.0110526315789473,0.029838709677419355,0.538951273047568,0.055645161290322584,0.3997443729256179,0.0,,0.0,
-0.0184210526315789,0.0,0.0,,0.0,,0.0,,0.0,
0.0021052631578947,0.0,30.5,0.0007204348254570965,30.5,0.0007204348254570965,16.375,0.2639019887918156,16.375,0.2639019887918156
-0.0105263157894736,0.0078947368421052,0.020967741935483872,0.5843393731108056,0.010483870967741936,0.3894379497566856,0.0,,0.0,
-0.0152631578947368,0.0118421052631578,0.029838709677419355,0.5344811561035754,0.021774193548387097,0.45893275230956754,0.0,,0.0,
0.0036842105263157,0.0134210526315789,104.68225806451613,1.2884177977634854,104.40403225806452,1.2863701333159556,33.5171568627451,1.183687068014646,33.55392156862745,1.1607287605048853
0.0036842105263157,0.0063157894736842,67.70403225806452,0.7493443030105552,67.78951612903226,0.7523558991025249,26.818627450980394,0.9342019529942784,26.916666666666668,0.9195920149589516
0.0005263157894736,0.0118421052631578,92.01451612903226,1.8497880096610766,92.06612903225806,1.8285183655133763,19.975490196078432,1.452211941298584,20.068627450980394,1.4327100255542924
-0.0152631578947368,0.0078947368421052,0.0,,0.0,,0.0,,0.0,
0.0084210526315789,0.0007894736842105,117.05483870967743,0.0516130244001117,117.0733870967742,0.05175971217802455,42.95343137254902,0.4021866702336546,42.96813725490196,0.40046878941053055
-0.0105263157894736,0.0023684210526315,0.0,,0.0,,0.0,,0.0,
0.0052631578947368,0.0086842105263157,89.23790322580645,0.7910332890986393,89.26129032258065,0.7913510567459718,34.36764705882353,0.9669027620808022,34.52696078431372,0.9627593727888678
-0.0042105263157894,0.0102631578947368,49.401612903225804,3.912376101453492,48.88225806451613,3.9752580924587018,2.446078431372549,1.702936763589403,2.3088235294117645,1.7073913708313475
0.0052631578947368,0.001578947368421,77.27903225806452,0.15726361642187434,77.31451612903226,0.15724026086950182,32.94607843137255,0.5209237780078101,32.97303921568628,0.5260341768509229
-0.0152631578947368,0.0086842105263157,0.0,,0.0,,0.0,,0.0,
-0.0089473684210526,0.0142105263157894,16.433064516129033,4.5546816272975565,16.456451612903226,4.555378534054279,0.3382352941176471,1.7313264415072802,0.32107843137254904,1.7264078218399783
0.0084210526315789,0.0102631578947368,116.70725806451613,0.6790517636723936,116.925,0.6773462746349989,44.30882352941177,0.9366016705908645,44.45343137254902,0.939405503857277
-0.0073684210526315,0.0086842105263157,2.4274193548387095,2.9991658402552552,2.642741935483871,2.7989807993611904,0.00980392156862745,,0.007352941176470588,
-0.0136842105263157,0.0142105263157894,0.8258064516129032,1.5138204795840702,1.0741935483870968,1.5127556149436894,0.0,,0.0,
-0.0042105263157894,0.0031578947368421,0.025,0.46870788307783084,0.0,,0.0,,0.0,
-0.0057894736842105,0.0142105263157894,51.994354838709675,3.8259369550748277,52.03951612903226,3.9166969408501027,3.144607843137255,1.7394179566583108,3.0294117647058822,1.8192881246511363
-0.0010526315789473,0.0007894736842105,0.024193548387096774,0.8179308195251025,0.024193548387096774,0.5994225112834783,0.0,,0.0,
-0.0184210526315789,0.0142105263157894,0.02661290322580645,0.5263119574589599,0.020967741935483872,0.42003296639770227,0.0,,0.0,
-0.0026315789473684,0.0078947368421052,56.70887096774194,3.5474240818088383,56.95967741935484,3.5578190583681195,2.9387254901960786,1.6793403193532472,2.8063725490196076,1.687843919750261
-0.0089473684210526,0.001578947368421,0.0,,0.0,,0.0,,0.0,
-0.0026315789473684,0.001578947368421,0.0,,0.0,,0.0,,0.0,
0.01,0.0063157894736842,129.6491935483871,0.37596277740045686,129.75645161290322,0.37604314726531185,46.92156862745098,0.7708944262892692,46.97303921568628,0.7773827792901015
-0.0010526315789473,0.0039473684210526,47.13870967741936,3.1051351858409997,47.10241935483871,3.1139465825936385,1.0392156862745099,1.4557002817251934,0.9828431372549019,1.574100007224606
-0.0136842105263157,0.0007894736842105,0.0,,0.0,,0.0,,0.0,
0.0021052631578947,0.0071052631578947,65.89112903225806,1.1108507503377396,65.85241935483872,1.1101400774704873,20.323529411764707,1.096441423381873,20.352941176470587,1.0828484804810146
0.0068421052631578,0.0094736842105263,102.8758064516129,0.7247342416809612,103.07983870967742,0.72320778529148,39.705882352941174,0.9500156065944714,39.86274509803921,0.9441405897456135
-0.0152631578947368,0.0094736842105263,0.0,,0.0,,0.0,,0.0,
-0.0026315789473684,0.0047368421052631,22.95967741935484,4.760479399174829,22.745967741935484,4.661005079868202,0.25735294117647056,1.485433861819785,0.25980392156862747,1.70925457262211
0.0036842105263157,0.0118421052631578,97.21693548387097,1.197386338997933,97.13548387096775,1.1935436068819842,31.96078431372549,1.140891371609952,32.0735294117647,1.1243011932119447
-0.0121052631578947,0.0078947368421052,0.0,,0.0,,0.0,,0.0,
-0.0026315789473684,0.0118421052631578,78.91290322580645,2.9485688357043713,78.65725806451613,2.956434618859709,8.051470588235293,1.7551090077528184,7.9411764705882355,1.761270552258268
0.0005263157894736,0.0142105263157894,101.74032258064516,1.9173692806118614,101.64112903225806,1.8913306398567769,22.931372549019606,1.4667104810946372,23.149509803921568,1.4391499059321755
-0.02,0.0039473684210526,0.0,,0.0,,0.0,,0.0,
-0.0073684210526315,0.0031578947368421,0.0,,0.0,,0.0,,0.0,
0.0052631578947368,0.0094736842105263,92.51451612903226,0.8470994001652457,92.50564516129032,0.8473405593474137,34.955882352941174,0.9950728182192928,35.14950980392157,0.9868710593619678
0.0068421052631578,0.0071052631578947,97.69677419354839,0.5657741835523538,97.83790322580646,0.5639451011958831,38.63235294117647,0.8631866107938313,38.705882352941174,0.8650576504289128
0.0068421052631578,0.001578947368421,97.76854838709677,0.1256389203598363,97.84032258064516,0.12573272846489333,38.39705882352941,0.4944975207225267,38.3921568627451,0.4959803291605494
-0.0168421052631578,0.0055263157894736,0.0,,0.0,,0.0,,0.0,
0.0084210526315789,0.015,128.5774193548387,0.9269927049877993,128.66935483870967,0.9264367245912574,47.134803921568626,1.0378908577015915,47.19607843137255,1.0365299851247822
0.0036842105263157,0.015,111.39516129032258,1.36962415086772,111.15967741935484,1.3678093061442886,34.89950980392157,1.2145570073403453,35.068627450980394,1.1939721541227772
-0.0089473684210526,0.0007894736842105,0.0,,0.0,,0.0,,0.0,
-0.0010526315789473,0.0094736842105263,78.45,2.4019892797414886,78.49758064516129,2.394195283910458,9.860294117647058,1.6533620186404243,9.897058823529411,1.6432963216330383
-0.0073684210526315,0.0039473684210526,0.0,,0.0,,0.0,,0.0,
-0.0152631578947368,0.0126315789473684,0.027419354838709678,0.6463518735648063,0.0967741935483871,0.5006286994281232,0.0,,0.0,
-0.0136842105263157,0.0086842105263157,0.0,,0.0,,0.0,,0.0,
-0.0057894736842105,0.0063157894736842,1.043548387096774,1.6382886203033464,1.475,1.8898069445269483,0.0,,0.0,
-0.02,0.0110526315789473,0.0,,0.0,,0.0,,0.0,
-0.0010526315789473,0.0102631578947368,82.01532258064516,2.380264082780468,82.04596774193548,2.372993102908821,11.14950980392157,1.653981357668336,11.196078431372548,1.6430705737366817
-0.0057894736842105,0.0039473684210526,0.0,,0.0,,0.0,,0.0,
-0.0010526315789473,0.0118421052631578,88.42016129032258,2.3548748903715637,88.43387096774194,2.335772209333593,13.58578431372549,1.645328780803642,13.477941176470589,1.6408687609845807
0.0084210526315789,0.0039473684210526,114.78306451612903,0.26847415880159303,114.87983870967741,0.2681064400560443,42.833333333333336,0.6726074218447283,42.80882352941177,0.672254751066635
-0.0026315789473684,0.0102631578947368,71.38145161290322,3.117483154768355,71.27983870967742,3.1241504227552,5.9754901960784315,1.7447578936692907,5.848039215686274,1.7506056918345518
0.0021052631578947,0.0094736842105263,81.2741935483871,1.312609697397883,81.10403225806452,1.3101439423738024,23.55392156862745,1.1969798393604572,23.495098039215687,1.1818581319029426
0.0036842105263157,0.0086842105263157,80.51129032258065,0.9658385961874743,80.58306451612903,0.9643689211467011,28.82843137254902,1.0425305766425303,28.897058823529413,1.025887625985045
-0.0121052631578947,0.0102631578947368,0.050806451612903224,0.5799928549695588,0.10564516129032259,0.5647484944387277,0.0,,0.0,
-0.0057894736842105,0.0071052631578947,3.3225806451612905,3.4896581693351316,3.47741935483871,3.56798824425023,0.0196078431372549,,0.014705882352941176,
0.0052631578947368,0.0023684210526315,77.04193548387097,0.23664415051041493,77.1008064516129,0.23758869662195228,32.86764705882353,0.6031445382027583,32.8921568627451,0.6062530119349027
-0.0026315789473684,0.0086842105263157,62.160483870967745,3.356676760472225,62.31290322580645,3.382488205897773,3.7892156862745097,1.7300754109239005,3.8284313725490198,1.7160928777816842
-0.0105263157894736,0.0126315789473684,3.0330645161290324,3.3268888250817903,3.1637096774193547,3.296654188170095,0.012254901960784314,,0.00980392156862745,
-0.0057894736842105,0.0118421052631578,36.41935483870968,4.2853457011734815,36.63548387096774,4.2583587601695045,1.4583333333333333,1.6479973471624787,1.4019607843137254,1.7019047946136712
0.01,0.0118421052631578,131.2532258064516,0.6855592477418492,131.375,0.6836276013457239,48.705882352941174,0.9426096835094565,48.8921568627451,0.9497930068213601
0.0068421052631578,0.0007894736842105,98.1008064516129,0.06243904116868217,98.09919354838709,0.06251876333045966,38.42892156862745,0.4313689919524313,38.4485294117647,0.4282934718305042
0.0068421052631578,0.015,121.4241935483871,1.039883024358728,121.35161290322581,1.0403788445534181,43.46568627450981,1.0790844423153685,43.5735294117647,1.0737089524716392
-0.0168421052631578,0.001578947368421,0.0,,0.0,,0.0,,0.0,
0.0036842105263157,0.0039473684210526,58.13629032258064,0.5028724026975329,58.214516129032255,0.5035494897201446,25.936274509803923,0.7783685931197925,25.958333333333332,0.7786616213571674
-0.0073684210526315,0.015,36.660483870967745,4.21206321887998,36.86370967741936,4.1809059025041995,1.607843137254902,1.6954004521120336,1.5563725490196079,1.763328144605987
0.0005263157894736,0.0023684210526315,26.13790322580645,1.193893285133933,25.93064516129032,1.1859077439246781,2.517156862745098,0.7983272061945382,2.4607843137254903,0.8393603711276482
0.0036842105263157,0.0023684210526315,55.47258064516129,0.31300959488070274,55.583064516129035,0.3143698152390306,25.96813725490196,0.6408852069079217,25.980392156862745,0.642254630171315
-0.0152631578947368,0.0023684210526315,0.0,,0.0,,0.0,,0.0,
-0.02,0.0126315789473684,0.0,,0.0,,0.0,,0.0,
-0.0057894736842105,0.0078947368421052,7.240322580645161,4.706055786851972,7.314516129032258,4.641888951307469,0.05392156862745098,,0.04411764705882353,
-0.02,0.0063157894736842,0.0,,0.0,,0.0,,0.0,
-0.02,0.0071052631578947,0.0,,0.0,,0.0,,0.0,
0.01,0.0071052631578947,129.05241935483872,0.4234433110154188,129.17741935483872,0.4242758085195973,47.03186274509804,0.8066714551050451,47.09313725490196,0.8102557864296397
0.0036842105263157,0.0142105263157894,108.14032258064516,1.3326109100479633,107.85,1.3282043809005377,34.25735294117647,1.204443921659118,34.33578431372549,1.173551721716765
-0.0184210526315789,0.0039473684210526,0.0,,0.0,,0.0,,0.0,
-0.0121052631578947,0.0063157894736842,0.0,,0.0,,0.0,,0.0,
0.0052631578947368,0.0126315789473684,105.97338709677419,1.053300211824836,105.97096774193548,1.0506695332333358,37.495098039215684,1.0901506576947009,37.68872549019608,1.0730509790594762
-0.0042105263157894,0.0094736842105263,42.94112903225806,4.101125464216864,42.79677419354839,4.119331696785222,1.7352941176470589,1.6192533037057182,1.5514705882352942,1.6753667951714768
-0.0105263157894736,0.001578947368421,0.0,,0.0,,0.0,,0.0,
-0.0121052631578947,0.0126315789473684,0.842741935483871,1.4850152576895514,1.113709677419355,1.5815824291805376,0.0,,0.0,
-0.0089473684210526,0.0055263157894736,0.0,,0.0,,0.0,,0.0,
-0.0152631578947368,0.0063157894736842,0.0,,0.0,,0.0,,0.0,
-0.0026315789473684,0.0031578947368421,2.471774193548387,2.835470339994941,2.775,2.7783249614819976,0.0,,0.0,
0.0052631578947368,0.0063157894736842,80.92903225806451,0.6048504317447031,81.025,0.6029071207529894,33.161764705882355,0.8734927402710894,33.17892156862745,0.8684254257657852
-0.0121052631578947,0.001578947368421,0.0,,0.0,,0.0,,0.0,
0.0005263157894736,0.0039473684210526,42.038709677419355,1.407684582483146,42.104032258064514,1.4011039780791628,5.823529411764706,1.1138568445674843,5.737745098039215,1.0765947705480565
-0.0136842105263157,0.0102631578947368,0.020161290322580645,0.47675755785390483,0.01129032258064516,0.31072570095764485,0.0,,0.0,
-0.0168421052631578,0.0039473684210526,0.0,,0.0,,0.0,,0.0,
-0.0010526315789473,0.0055263157894736,58.3,2.709500730343943,58.06774193548387,2.7068593454795784,3.3063725490196076,1.5639230892925136,3.2426470588235294,1.5945910605193128
0.0036842105263157,0.0031578947368421,56.33790322580645,0.4123044917519361,56.512903225806454,0.4128135998068999,25.901960784313726,0.7152635567811538,25.894607843137255,0.7192956749487094
0.0052631578947368,0.0118421052631578,102.72258064516129,1.0043194691455324,102.64677419354838,1.0050281121067204,36.84803921568628,1.0699112171669565,36.995098039215684,1.0586502453890336
