ou_mean,ou_std,SOM2_r,SOM2_cv,SOM3_r,SOM3_cv,SOM4_r,SOM4_cv,SOM5A_r,SOM5A_cv,SOM5B_r,SOM5B_cv,SOM6_r,SOM6_cv
-0.0268421052631578,0.0378947368421052,25.2,1.2140546523371831,23.685714285714287,1.1240555951226667,24.583333333333332,1.1569920428216383,23.627906976744185,1.1206992534770226,24.6875,1.1402474457175527,23.857142857142858,1.1318797030594638
0.0205263157894736,0.0210526315789473,95.8,0.7050533787426836,94.67142857142858,0.626297777973178,95.70833333333333,0.6217869551492402,94.6046511627907,0.6262912039858187,94.83928571428571,0.6287330668334883,94.46031746031746,0.6609613782334712
0.0078947368421052,0.0294736842105263,70.4,0.8505100315413111,67.98571428571428,0.9020286578114107,69.0,0.9114866093924371,68.09302325581395,0.895568693999381,68.17857142857143,0.9100294428522007,68.76190476190476,0.9274824537633318
0.0110526315789473,0.0357894736842105,80.4,0.877518649983957,77.78571428571429,0.8880161053773064,78.625,0.8978798452215179,77.44186046511628,0.8969906850443965,77.67857142857143,0.8985655195416958,78.23809523809524,0.9223561024502797
-0.0047368421052631,0.0105263157894736,13.0,1.2539821188765081,11.67142857142857,0.9405963494952039,12.5,0.9073297265448227,11.883720930232558,0.8827568485608251,12.6875,0.9586353801102855,12.142857142857142,0.895731016091416
-0.0205263157894736,0.0357894736842105,30.2,1.1372300181466763,28.257142857142856,1.1235017634976248,28.75,1.1744557283653088,28.0,1.0976570057803843,29.044642857142858,1.1139608971783386,28.444444444444443,1.1339176531094977
0.03,0.0189473684210526,117.2,0.4848505310751589,117.64285714285714,0.41314621442463445,118.45833333333333,0.38825537328894616,117.65116279069767,0.40642197542658426,117.75892857142857,0.4062334486946469,117.28571428571429,0.42682179185963975
0.0205263157894736,0.0168421052631578,97.4,0.61644722766148,96.15714285714286,0.5452236140619231,97.16666666666667,0.541515692037939,96.04651162790698,0.544492603018275,96.69642857142857,0.534233962969921,95.96825396825396,0.5692663687179583
-0.0268421052631578,0.0084210526315789,0.0,,0.014285714285714285,,0.0,,0.0,,0.0,,0.0,
-0.0205263157894736,0.0105263157894736,0.2,,0.21428571428571427,,0.125,,0.18604651162790697,,0.15178571428571427,,0.2857142857142857,
-0.03,0.04,24.8,1.2331681454827603,22.914285714285715,1.1251739098850717,23.75,1.163105674219299,22.813953488372093,1.1202022175184545,24.0,1.1410732283933562,23.206349206349206,1.1288167346710556
-0.0173684210526315,0.0105263157894736,0.6,,0.5714285714285714,,0.375,,0.5116279069767442,,0.4732142857142857,,0.6825396825396826,1.0158373113945716
-0.0205263157894736,0.04,35.2,1.150229852423568,33.08571428571429,1.1284821114100432,33.541666666666664,1.181667679405396,32.674418604651166,1.105477047228266,33.830357142857146,1.1263502312564022,33.476190476190474,1.154205549179066
-0.001578947368421,0.04,61.4,1.0433487976289553,59.18571428571428,1.0208540438372418,60.916666666666664,1.0364931953046908,59.30232558139535,0.9984268631394458,59.714285714285715,1.0288065356084746,59.61904761904762,1.0434932647170747
-0.0173684210526315,0.031578947368421,28.8,1.111147093091051,26.928571428571427,1.094815354021093,27.5,1.163557984962536,26.767441860465116,1.0838981177533669,27.875,1.0988650961856725,26.96825396825397,1.1070345981890575
0.0047368421052631,0.04,72.2,0.9474867021270361,69.12857142857143,0.958630301440081,70.29166666666667,0.9801025881535068,69.11627906976744,0.9586282741704221,69.59821428571429,0.9726190800376084,70.07936507936508,0.9967019173629349
-0.0110526315789473,0.0,0.0,,0.0,,0.0,,0.0,,0.0,,0.0,
0.0078947368421052,0.0273684210526315,69.0,0.8705144452032079,66.57142857142857,0.8954087518236563,67.66666666666667,0.8957193668108627,66.79069767441861,0.8888334798521533,66.875,0.8968625053684337,67.55555555555556,0.9138346121981485
-0.03,0.0273684210526315,9.8,1.2962858268661588,8.928571428571429,1.0280257428935502,8.916666666666666,0.9732262931517343,8.465116279069768,0.9714022233974607,9.919642857142858,1.027270609007377,9.587301587301587,0.9713825098208841
0.0142105263157894,0.0042105263157894,86.4,0.2024020959414199,86.37142857142857,0.1736782595325856,86.5,0.16995304439733638,86.20930232558139,0.17895106722902243,86.38392857142857,0.17769192088429403,86.33333333333333,0.1815438993234376
0.0110526315789473,0.0126315789473684,70.0,0.6608490996276466,67.85714285714286,0.6785522463819511,69.04166666666667,0.6653717964695545,67.30232558139535,0.6748781043156673,68.09821428571429,0.6738825692662187,67.7936507936508,0.7084117174159317
-0.0173684210526315,0.0021052631578947,0.0,,0.0,,0.0,,0.0,,0.0,,0.0,
-0.0236842105263157,0.0294736842105263,18.2,1.3895705054042478,16.542857142857144,1.0999436744585414,17.791666666666668,1.046944554032201,16.558139534883722,1.0471724871011558,17.660714285714285,1.091927787937327,17.49206349206349,1.0803367903414327
0.001578947368421,0.0105263157894736,33.0,0.8995817499816802,30.12857142857143,0.8775724860966194,30.416666666666668,0.9477875447123161,29.767441860465116,0.8817573311712243,30.419642857142858,0.9022722491931857,30.142857142857142,0.8973958333060817
0.03,0.0147368421052631,120.4,0.3818955117819384,120.65714285714286,0.2975617128542541,121.58333333333333,0.28626469877774213,120.74418604651163,0.3023995964080636,120.94642857142857,0.3004181670127407,120.55555555555556,0.3117477969596862
0.0173684210526315,0.0063157894736842,95.4,0.2843639810729585,95.45714285714286,0.21591444538025428,96.04166666666667,0.21245367914723942,95.53488372093024,0.22313398709537444,95.59821428571429,0.21992378096814846,95.5079365079365,0.22915089612500888
0.0142105263157894,0.0189473684210526,79.6,0.724800511134416,78.37142857142857,0.7174619752765262,79.41666666666667,0.7077748721305173,77.90697674418605,0.7167839909663619,78.60714285714286,0.7176894591100088,78.73015873015873,0.742007638994654
-0.0110526315789473,0.0168421052631578,15.0,1.2593257206176827,13.285714285714286,1.011435499530292,14.041666666666666,0.9833534518448462,13.162790697674419,0.9503576279293257,14.303571428571429,1.0188602550303767,13.873015873015873,0.9786264323926965
-0.0047368421052631,0.0189473684210526,30.8,1.0461598069418678,28.757142857142856,1.0030788938676154,29.25,1.0666909159896307,28.86046511627907,1.0045488167956425,29.589285714285715,0.9996113744403282,28.952380952380953,1.0195231376181928
-0.001578947368421,0.0,0.0,,0.0,,0.0,,0.0,,0.0,,0.0,
0.0205263157894736,0.0336842105263157,95.4,0.784460653422465,94.28571428571429,0.7642249596834176,95.54166666666667,0.7659205906802087,94.09302325581395,0.7702724640705768,94.36607142857143,0.7739032106976655,94.22222222222223,0.7984142219008757
-0.0142105263157894,0.04,43.0,1.1085992837512753,40.82857142857143,1.0985860728897867,41.625,1.1067839208030676,40.627906976744185,1.065492019700191,41.723214285714285,1.1194292735229818,41.34920634920635,1.1074157130808746
0.0078947368421052,0.0252631578947368,67.2,0.8634362452982003,65.14285714285714,0.8843097217353387,66.66666666666667,0.8822464327297127,65.32558139534883,0.8723242391140933,65.45535714285714,0.8891738005494771,65.9047619047619,0.9018700662771295
0.03,0.0105263157894736,124.4,0.2195421828794179,124.22857142857143,0.17580861375314197,124.54166666666667,0.17313633043629947,124.09302325581395,0.18264204933346015,124.34821428571429,0.17843899993274984,124.15873015873017,0.18583705959529898
-0.0142105263157894,0.0021052631578947,0.0,,0.0,,0.0,,0.0,,0.0,,0.0,
0.0110526315789473,0.0252631578947368,75.0,0.8105259007126733,72.31428571428572,0.8441500072185557,73.875,0.8207295267996405,72.37209302325581,0.8422382375134168,72.8125,0.8396938046666534,72.93650793650794,0.8687444461516926
0.0078947368421052,0.0168421052631578,61.0,0.8081511085671075,59.114285714285714,0.8211274220254831,60.75,0.8102866934330146,58.95348837209303,0.8126856523399922,59.375,0.8241371104345644,59.55555555555556,0.8468823949991126
0.0173684210526315,0.0147368421052631,89.0,0.5978666705051368,88.2,0.5579399077576926,88.625,0.5700190128714472,88.16279069767442,0.5610094038237949,88.29464285714286,0.5641124166354554,88.15873015873017,0.5884823622094668
-0.001578947368421,0.0231578947368421,43.6,0.9864120182564818,42.0,0.9775431057346804,42.833333333333336,1.0136236001714225,42.23255813953488,0.9591824934667628,42.30357142857143,1.0018691266924378,42.15873015873016,1.0008497822934541
-0.0078947368421052,0.0189473684210526,24.6,1.0874911104773284,22.557142857142857,1.035318637759283,23.208333333333332,1.0568760035430316,22.6046511627907,1.0210159008182278,23.348214285714285,1.03343913600852,22.793650793650794,1.0411181783348
0.0142105263157894,0.0126315789473684,79.4,0.6257186909008304,78.87142857142857,0.5801323165672276,79.58333333333333,0.583097563887521,78.79069767441861,0.5832232845141972,78.97321428571429,0.5928120248904776,78.87301587301587,0.6184188350480301
-0.0078947368421052,0.0,0.0,,0.0,,0.0,,0.0,,0.0,,0.0,
-0.0110526315789473,0.0357894736842105,43.2,1.0929335199788752,40.55714285714286,1.0706645851883412,41.583333333333336,1.078868510168289,40.46511627906977,1.0513559431679151,41.473214285714285,1.0998574345228975,41.142857142857146,1.0889811416216963
-0.03,0.0,0.0,,0.0,,0.0,,0.0,,0.0,,0.0,
-0.0047368421052631,0.0378947368421052,55.8,1.0407983450686689,52.68571428571428,1.027442358962817,53.791666666666664,1.05651553840514,52.69767441860465,1.0372578917019135,52.9375,1.0628640363201025,52.42857142857143,1.0655158634579014
0.0268421052631578,0.0042105263157894,121.0,0.07084553736442563,121.25714285714285,0.06548712258520144,121.41666666666667,0.06456874437850169,121.13953488372093,0.06525015640681561,121.25,0.06599966509051251,121.25396825396825,0.06720818143221587
0.001578947368421,0.0189473684210526,45.0,0.9729572333994672,44.042857142857144,0.921872605001448,44.875,0.9428938994901493,43.72093023255814,0.930766846227306,44.25,0.9513525383382321,43.92063492063492,0.9535424038189395
0.0142105263157894,0.0294736842105263,83.8,0.7901326760333698,81.02857142857142,0.8261326050958318,82.16666666666667,0.8130486399143919,80.81395348837209,0.8257979141066628,81.21428571428571,0.8192506323438472,81.47619047619048,0.8585248310622328
-0.0268421052631578,0.0021052631578947,0.0,,0.0,,0.0,,0.0,,0.0,,0.0,
0.0047368421052631,0.0231578947368421,58.2,0.9349260800554375,56.25714285714286,0.9103033528513756,57.416666666666664,0.9280038329000707,56.2093023255814,0.9035962011646088,56.642857142857146,0.9259887698796777,56.55555555555556,0.9340521987471353
-0.0047368421052631,0.0336842105263157,50.4,1.0517449258088194,48.4,1.0296545719046042,49.958333333333336,1.0281838216673875,48.27906976744186,1.021714253802854,48.5,1.052812206326738,48.53968253968254,1.05738823778378
0.0078947368421052,0.0084210526315789,55.2,0.6737524908588849,53.8,0.6658230686708092,54.625,0.6518622407118627,53.7906976744186,0.6607609174306222,54.169642857142854,0.6660429906433415,54.17460317460318,0.6948164175950139
-0.0236842105263157,0.0378947368421052,28.8,1.1328862475441615,27.15714285714286,1.1241133931714746,27.75,1.1789510472579916,26.767441860465116,1.1263256860195454,28.008928571428573,1.127590295603029,27.126984126984127,1.1382934328669936
-0.0078947368421052,0.0210526315789473,28.6,1.0539780931849483,26.071428571428573,1.0374652613486652,26.5,1.093368811422174,26.023255813953487,1.0242132650294666,26.910714285714285,1.0324494161702373,26.047619047619047,1.0534266781371557
-0.03,0.0210526315789473,3.2,1.5965875118658814,3.1857142857142855,0.9929802944341961,2.9583333333333335,1.0140855095190453,2.6744186046511627,0.9886130276804673,3.3482142857142856,0.8906789807695878,3.3492063492063493,0.9193513247847432
-0.0236842105263157,0.0042105263157894,0.0,,0.0,,0.0,,0.0,,0.0,,0.0,
-0.03,0.0021052631578947,0.0,,0.0,,0.0,,0.0,,0.0,,0.0,
-0.0236842105263157,0.0273684210526315,15.6,1.3135750051942876,13.985714285714286,1.0785223989788137,14.583333333333334,1.0355438870375326,14.046511627906977,1.0040539151939187,14.982142857142858,1.0802365759319406,14.523809523809524,1.0409805571426403
0.0173684210526315,0.0273684210526315,89.0,0.7622592521884243,87.28571428571429,0.7560254389116822,87.875,0.7589232717442891,86.90697674418605,0.760560717548196,87.27678571428571,0.7622944990363856,87.39682539682539,0.7905290362563464
-0.0173684210526315,0.0210526315789473,13.6,1.315736982999015,11.957142857142857,1.0397249772548711,12.791666666666666,0.9902638481142739,11.744186046511627,0.9468229231584854,12.910714285714286,1.0417279414427976,12.73015873015873,0.9703418656880763
0.0078947368421052,0.0147368421052631,60.0,0.7775608999274846,57.51428571428571,0.795767575351543,58.958333333333336,0.7789702054594234,57.604651162790695,0.7901637074705665,57.839285714285715,0.8006893839676226,57.888888888888886,0.8198098816901028
0.0078947368421052,0.0210526315789473,65.0,0.8012012877999772,62.285714285714285,0.8545487593671924,63.541666666666664,0.8601592752960826,62.41860465116279,0.8430069118895938,62.63392857142857,0.8608109057999468,62.84126984126984,0.8877497344433246
-0.0142105263157894,0.0357894736842105,37.8,1.1187490513228198,36.24285714285714,1.0952365214696702,36.833333333333336,1.131451797710703,35.906976744186046,1.068148186686376,36.839285714285715,1.1098484132023871,36.58730158730159,1.1155253112571426
-0.0110526315789473,0.0231578947368421,25.4,1.1153734738309797,24.057142857142857,1.0622039769886777,24.5,1.0923881757615599,24.046511627906977,1.0437822913127532,24.839285714285715,1.0582471101114639,24.285714285714285,1.068924861511436
0.0173684210526315,0.0105263157894736,91.4,0.4836442030915221,91.08571428571429,0.4266770727382685,91.54166666666667,0.4225650974954389,91.04651162790698,0.41365910764668934,91.36607142857143,0.419905643677881,91.06349206349206,0.4371070923513862
-0.0236842105263157,0.0063157894736842,0.0,,0.0,,0.0,,0.0,,0.0,,0.0,
-0.0047368421052631,0.0294736842105263,45.8,1.0174640692836676,43.8,1.0190409190555618,44.5,1.047655479609816,43.651162790697676,0.9976248049302439,44.223214285714285,1.0493193823233564,43.857142857142854,1.044035891558413
-0.0268421052631578,0.0168421052631578,1.6,,1.7,0.9421101589618597,1.0,,1.1395348837209303,0.41339334651417103,1.5446428571428572,0.9841524385370968,1.619047619047619,1.1592587044370928
-0.0236842105263157,0.0336842105263157,24.6,1.2174212957779806,21.857142857142858,1.1045322424833215,23.0,1.1452723427022533,21.976744186046513,1.0894223661430593,22.955357142857142,1.1145757134247642,22.22222222222222,1.0972597312595562
0.0173684210526315,0.0231578947368421,87.8,0.7272474051206335,86.85714285714286,0.7121376520089843,87.54166666666667,0.7196713938444756,86.55813953488372,0.7218670422478947,86.98214285714286,0.7170225961589567,86.7936507936508,0.7509576324989428
0.0205263157894736,0.031578947368421,95.8,0.8023125173647495,94.08571428571429,0.7499454041987501,95.16666666666667,0.7526939760031138,93.65116279069767,0.7589764991791974,94.13392857142857,0.7577789254339241,94.12698412698413,0.7809698434652201
0.001578947368421,0.0210526315789473,48.8,0.9595873263900169,46.628571428571426,0.9476816288571708,47.333333333333336,0.9540225009405012,46.44186046511628,0.9377180603915748,46.714285714285715,0.962557377810942,46.476190476190474,0.9744651036811143
-0.0142105263157894,0.0105263157894736,1.6,,1.4857142857142858,0.6724518078781326,0.9166666666666666,,1.1162790697674418,0.6671448664166467,1.4196428571428572,0.8747662398654359,1.4444444444444444,1.1900419211269355
-0.0236842105263157,0.0252631578947368,12.8,1.3038527308578451,11.371428571428572,1.0584319716200532,12.125,0.9798345513945378,11.232558139534884,0.9501134116654738,12.241071428571429,1.0581413813263514,12.095238095238095,0.9950857492949851
0.0268421052631578,0.0378947368421052,107.6,0.7420861421458352,105.55714285714286,0.7235464220809856,106.70833333333333,0.7176688579146218,105.09302325581395,0.7212070028105522,105.41964285714286,0.7356616635537768,105.19047619047619,0.7604015055111744
-0.0236842105263157,0.031578947368421,21.8,1.3821421289516367,19.285714285714285,1.1149329448537153,20.125,1.0825116579860046,19.046511627906977,1.0664501779499174,20.258928571428573,1.1074072553228753,19.984126984126984,1.0993553155601243
-0.0173684210526315,0.0,0.0,,0.0,,0.0,,0.0,,0.0,,0.0,
-0.0047368421052631,0.0231578947368421,37.6,0.985601800430304,35.27142857142857,1.0133243804217775,36.208333333333336,1.0591424880850482,35.13953488372093,0.9866642755127687,35.848214285714285,1.0409606807424914,35.904761904761905,1.0340939375182936
0.0110526315789473,0.0336842105263157,79.0,0.8690286055309062,76.75714285714285,0.8770039541327299,78.0,0.8820616042036452,76.37209302325581,0.8858551333954666,76.82142857142857,0.8904343638948629,77.01587301587301,0.9103902498448068
0.0142105263157894,0.0147368421052631,78.8,0.6427926324038469,78.21428571428571,0.6376285897821805,79.45833333333333,0.6303496680024067,78.04651162790698,0.6382388744530275,78.49107142857143,0.6513543694166416,78.60317460317461,0.6669360638466505
-0.0047368421052631,0.0357894736842105,53.2,1.058831658771729,50.65714285714286,1.022656566409088,51.541666666666664,1.0409481407851071,50.48837209302326,1.043227287019986,50.785714285714285,1.0518709875043952,50.38095238095238,1.0635311254723507
0.001578947368421,0.0252631578947368,54.0,0.9584848554613881,51.47142857142857,0.9592103608880382,52.625,0.9670972616934082,51.51162790697674,0.9588499435780898,51.5,0.9769626998202685,51.42857142857143,0.9776304792496352
0.0110526315789473,0.0063157894736842,70.4,0.47415249012707117,70.0,0.42803644919207395,70.45833333333333,0.43462898925932364,69.86046511627907,0.4252933216176927,70.29464285714286,0.4242382147208684,70.03174603174604,0.450580629574269
0.0142105263157894,0.0231578947368421,81.0,0.7644007114852063,79.01428571428572,0.7775086433104702,80.20833333333333,0.7588482971735816,78.90697674418605,0.7693428338161294,79.44642857142857,0.7663038386822427,79.65079365079364,0.7996179111930359
-0.0078947368421052,0.0378947368421052,50.0,1.051955450687824,47.82857142857143,1.0467624512327072,49.125,1.0810847158737216,47.627906976744185,1.0309705261810693,48.044642857142854,1.0751488131704063,47.888888888888886,1.0716108107417146
0.03,0.0168421052631578,119.0,0.4348678561487289,119.07142857142857,0.357847147830583,119.83333333333333,0.33673219158339673,119.11627906976744,0.35310589285008953,119.30357142857143,0.35778547727702176,118.84126984126983,0.37622011810579475
-0.0078947368421052,0.0021052631578947,0.0,,0.0,,0.0,,0.0,,0.0,,0.0,
0.0173684210526315,0.0042105263157894,97.6,0.1444368459995016,97.37142857142857,0.12739187624560067,97.70833333333333,0.12126708264224285,97.37209302325581,0.12593647653697645,97.39285714285714,0.12753067198868986,97.42857142857143,0.12980397669409363
0.0047368421052631,0.0084210526315789,40.0,0.8240239519513703,39.41428571428571,0.7761689352335478,40.0,0.7924438326489464,39.44186046511628,0.7612207452990986,39.42857142857143,0.7800495225470738,39.3968253968254,0.7902251119796659
-0.0205263157894736,0.0147368421052631,2.2,,2.257142857142857,0.948406945226126,1.6666666666666667,0.7321450120212759,1.7906976744186047,0.9036488048963071,2.357142857142857,0.8372796747500554,2.365079365079365,1.0822635504097755
-0.0173684210526315,0.0252631578947368,19.8,1.305583035223683,17.928571428571427,1.0695483290879992,19.083333333333332,1.0533024044835324,17.906976744186046,1.0199118996021985,19.080357142857142,1.0681410100499549,18.825396825396826,1.0689487016368118
0.0173684210526315,0.0378947368421052,91.4,0.862690495356569,89.67142857142858,0.8311436140766416,90.70833333333333,0.8327359936560909,89.09302325581395,0.8368579432044274,89.625,0.8323892244647372,89.60317460317461,0.8698534687522622
-0.0205263157894736,0.031578947368421,25.2,1.2064854432739673,22.9,1.0887505161182651,23.791666666666668,1.127551456652146,22.953488372093023,1.0934614346857046,23.946428571428573,1.1214151431755628,23.142857142857142,1.1043886225071304
-0.0142105263157894,0.0273684210526315,27.4,1.1377167300593087,25.685714285714287,1.0706643253160832,25.75,1.1171863068437908,25.3953488372093,1.07967963315773,26.517857142857142,1.0829699487580855,25.603174603174605,1.0938252171001002
-0.0078947368421052,0.0357894736842105,48.0,1.0335870546943522,45.55714285714286,1.0522011345060835,46.583333333333336,1.085374192474335,45.41860465116279,1.0254588414263361,46.0,1.0682571301424502,45.682539682539684,1.0750390512678332
0.0047368421052631,0.0042105263157894,35.4,0.6049042428677327,34.15714285714286,0.6365557960197293,34.833333333333336,0.6231556590104144,33.906976744186046,0.6134524336260379,34.38392857142857,0.631980334897696,34.142857142857146,0.6427115981561989
-0.03,0.0378947368421052,23.6,1.2379680936472621,20.457142857142856,1.1248879281954345,21.375,1.1318357196770708,20.372093023255815,1.10079193351333,21.598214285714285,1.136865358840733,21.07936507936508,1.112485470509102
-0.0173684210526315,0.0357894736842105,33.6,1.1332082716356304,32.05714285714286,1.1120293875987242,32.625,1.159278895529716,31.837209302325583,1.0836705665430353,32.857142857142854,1.1068093164843558,32.53968253968254,1.139199326197434
-0.0142105263157894,0.0126315789473684,4.6,1.2557235775018245,3.4857142857142858,0.9095793378022541,3.25,0.8457117210897382,2.9069767441860463,0.8544873297677729,3.6607142857142856,0.9062569639365164,3.619047619047619,0.9390608364510935
-0.001578947368421,0.0336842105263157,56.6,1.0378002941797793,53.871428571428574,1.0031960966847133,54.958333333333336,1.0250589953573834,53.97674418604651,1.0096850730973035,54.205357142857146,1.0281964922939797,53.79365079365079,1.0339805695182915
0.0047368421052631,0.0357894736842105,68.4,0.9462886529928388,66.45714285714286,0.9503553415866662,67.66666666666667,0.9668222005324519,66.69767441860465,0.9371535303106631,66.55357142857143,0.966679226269142,67.23809523809524,0.985894698215078
-0.0110526315789473,0.0042105263157894,0.0,,0.014285714285714285,,0.0,,0.0,,0.0,,0.0,
0.0173684210526315,0.0210526315789473,88.2,0.6942639050979587,86.85714285714286,0.6837073756814629,87.625,0.6880921225429564,86.55813953488372,0.6882283557602138,87.02678571428571,0.6906787890403964,86.80952380952381,0.7188099766783187
0.0205263157894736,0.0,107.0,1.9032778270730086e-14,107.0,1.9032778270730083e-14,107.0,1.9032778270730086e-14,107.0,1.9032778270730083e-14,107.0,1.903277827073009e-14,107.0,1.9021675550120336e-14
0.0205263157894736,0.0063157894736842,104.8,0.18793165339765663,105.17142857142858,0.16329457258237562,105.625,0.15902709588580324,105.02325581395348,0.1647878410765167,105.29464285714286,0.1652976540318606,105.04761904761905,0.17551108133981708
-0.03,0.0084210526315789,0.0,,0.0,,0.0,,0.0,,0.0,,0.0,
0.0268421052631578,0.0273684210526315,108.2,0.7025851106893868,106.64285714285714,0.6195258899756619,107.875,0.6128612468330737,106.53488372093024,0.614975578993084,107.0625,0.6121830853544318,106.52380952380952,0.6471027132298293
0.0110526315789473,0.04,82.2,0.9041902777418087,79.64285714285714,0.9006395776702347,80.79166666666667,0.9100678086622249,79.23255813953489,0.9105270985984805,79.78571428571429,0.9151484839202757,80.38095238095238,0.9349051358578737
0.0205263157894736,0.0231578947368421,95.6,0.7200792027854377,94.28571428571429,0.6580203035296647,95.5,0.6600121495435184,94.04651162790698,0.6624116705297242,94.375,0.6675487158294287,93.95238095238095,0.6936841001987034
-0.001578947368421,0.0105263157894736,22.0,0.9778782625735353,19.742857142857144,0.9432286354369048,20.166666666666668,0.9791878008786608,20.023255813953487,0.9250633944075034,20.633928571428573,0.9510839212460189,20.095238095238095,0.9299919771323847
-0.03,0.0147368421052631,0.2,,0.35714285714285715,,0.16666666666666666,,0.23255813953488372,,0.2767857142857143,,0.3968253968253968,0.888585976798655
-0.0236842105263157,0.0189473684210526,4.8,1.3061159248260996,4.357142857142857,0.9293028093530171,4.166666666666667,0.8301949745875135,3.7906976744186047,0.9092962126519435,4.598214285714286,0.968971618170536,4.476190476190476,0.9885719813634879
-0.0173684210526315,0.0189473684210526,9.8,1.3002821680165533,9.0,0.993671217128833,9.541666666666666,0.8904814839248507,8.837209302325581,0.9260710175373594,9.973214285714286,0.9989872755781016,9.619047619047619,0.9420685926380938
-0.0110526315789473,0.031578947368421,37.2,1.0975196412211605,35.91428571428571,1.0744321135187584,36.375,1.106150904229936,35.627906976744185,1.04821428638869,36.24107142857143,1.0894059953698978,36.17460317460318,1.09181727224068
-0.0078947368421052,0.0063157894736842,0.6,,0.6142857142857143,,0.4166666666666667,,0.5348837209302325,,0.5,,0.7301587301587301,0.9931563601653661
0.03,0.0084210526315789,125.8,0.14854569110268354,125.44285714285714,0.12756278031871834,125.95833333333333,0.12300772878076938,125.6046511627907,0.12588102542156882,125.71428571428571,0.1280997102692343,125.41269841269842,0.13244492794317167
0.0047368421052631,0.0210526315789473,55.8,0.9106050973673332,54.34285714285714,0.9071451186496646,55.041666666666664,0.9241696328995262,54.2093023255814,0.8958153314308227,54.589285714285715,0.9198028051246022,54.523809523809526,0.9155944267201057
0.03,0.04,111.8,0.7531767531527397,110.24285714285715,0.705216717979178,111.70833333333333,0.7003405182529042,110.34883720930233,0.7077409533096025,110.79464285714286,0.7111945959810291,110.0952380952381,0.7495652274630719
0.0205263157894736,0.04,97.4,0.8440192869624331,95.14285714285714,0.8074267648922575,96.29166666666667,0.8095218359446245,95.04651162790698,0.8118058153617379,95.33035714285714,0.8133984884989801,95.19047619047619,0.8382361717242169
-0.0142105263157894,0.0336842105263157,35.8,1.1225108574941047,33.77142857142857,1.0898154784328262,34.333333333333336,1.1363027261594445,33.48837209302326,1.0706811440299893,34.535714285714285,1.1039664963199562,34.07936507936508,1.116056869606281
0.0110526315789473,0.0147368421052631,70.6,0.6973988893132634,68.04285714285714,0.723067498374266,69.25,0.7124231859383667,67.90697674418605,0.7210794888983028,68.42857142857143,0.7227981701037499,68.33333333333333,0.753089241295551
0.001578947368421,0.0294736842105263,58.0,1.006953817875513,55.48571428571429,0.971106622739324,56.708333333333336,0.9831121623576368,55.69767441860465,0.9556664315486063,55.982142857142854,0.9908820494985056,55.87301587301587,0.9864540347996826
0.0205263157894736,0.0357894736842105,95.8,0.7958589766659674,94.34285714285714,0.7812122164396588,95.75,0.7894064501625486,94.30232558139535,0.7829780376768324,94.61607142857143,0.7913694440390907,94.38095238095238,0.8118393701748754
0.0173684210526315,0.0021052631578947,98.4,0.06403341700597132,98.47142857142858,0.05788253629979705,98.5,0.05747745049667966,98.4186046511628,0.057959851713886915,98.5,0.05904966434387799,98.44444444444444,0.05926872028164324
-0.001578947368421,0.0042105263157894,3.4,0.8630254271196702,2.8285714285714287,0.7310269922399036,2.7083333333333335,0.6841343144666825,2.697674418604651,0.7364449892091546,3.1964285714285716,0.8087662746301961,2.9047619047619047,0.7367351921195708
0.0236842105263157,0.0105263157894736,109.6,0.34578459346709556,109.95714285714286,0.26886366202825907,110.45833333333333,0.2564118252640188,109.76744186046511,0.26424333076776657,109.95535714285714,0.27139347579271755,109.7936507936508,0.2818928201986225
0.0205263157894736,0.0042105263157894,106.6,0.10899219199970003,106.52857142857142,0.09757607046998333,106.75,0.0945177894050503,106.34883720930233,0.09796471333776205,106.66071428571429,0.09783718893751477,106.5079365079365,0.09988431095733978
-0.0205263157894736,0.0231578947368421,13.0,1.3108231069782204,11.628571428571428,1.063559805967656,12.333333333333334,0.9991361068299239,11.395348837209303,0.946549132261386,12.571428571428571,1.0495489405707092,12.396825396825397,0.9802030875195162
-0.03,0.0357894736842105,19.6,1.4326344741226809,17.942857142857143,1.1184878101607036,19.208333333333332,1.1070914572779567,17.953488372093023,1.069998001648548,19.205357142857142,1.1110108108004553,18.952380952380953,1.100708116697437
0.001578947368421,0.0126315789473684,36.2,0.9038089390591855,34.32857142857143,0.8894529346786223,34.75,0.9178659420529948,34.04651162790697,0.8861233021003154,34.25892857142857,0.9205028846577823,34.15873015873016,0.9223246832173526
-0.0078947368421052,0.0294736842105263,39.8,1.0567245222743584,38.41428571428571,1.052047530787326,38.875,1.0708815288707292,37.76744186046512,1.021226229769131,38.6875,1.0804406537463476,38.58730158730159,1.0616349745296267
-0.0268421052631578,0.0126315789473684,0.2,,0.12857142857142856,,0.125,,0.16279069767441862,,0.125,,0.25396825396825395,
0.03,0.0273684210526315,114.0,0.6325318333491694,112.87142857142857,0.571677942487473,113.91666666666667,0.5644001141096594,112.81395348837209,0.5761196050720726,113.00892857142857,0.5678537472639256,112.63492063492063,0.5958775557289332
-0.0236842105263157,0.0,0.0,,0.0,,0.0,,0.0,,0.0,,0.0,
0.0268421052631578,0.0168421052631578,111.8,0.4847494307822709,112.15714285714286,0.41571007961295176,112.79166666666667,0.4034307484814576,111.83720930232558,0.41530297367351865,112.32142857142857,0.4099294172654404,111.96825396825396,0.43187625196632234
0.0110526315789473,0.0084210526315789,69.0,0.5689460066253164,68.47142857142858,0.5400362107215568,69.29166666666667,0.5385512579250573,68.13953488372093,0.5381034326637523,68.52678571428571,0.5430734706399232,68.39682539682539,0.5697200416864505
0.0142105263157894,0.0378947368421052,86.8,0.8352511928232451,84.07142857142857,0.8702374008209413,85.125,0.8546853385660972,83.83720930232558,0.8676210074690586,84.3125,0.868732068620173,84.31746031746032,0.9084984382918164
0.0268421052631578,0.0294736842105263,107.2,0.7215893180000921,106.22857142857143,0.640813055513894,107.54166666666667,0.6335619748632,105.97674418604652,0.6371929679225605,106.49107142857143,0.6452408671636364,106.0,0.6725806735259897
-0.0078947368421052,0.0147368421052631,15.6,1.2936779997116221,14.485714285714286,0.9917219465236252,15.5,0.9737576448102772,14.488372093023257,0.9671636787545425,15.428571428571429,0.9824096061578594,15.34920634920635,0.9812951539049702
0.0268421052631578,0.0021052631578947,122.0,0.03357794834925067,121.64285714285714,0.0318673994360721,121.45833333333333,0.031135694424995752,121.5813953488372,0.03165487068680188,121.73214285714286,0.03210452620805818,121.63492063492063,0.03240848803731524
0.03,0.0,128.0,0.003130406761116758,128.0,0.003130406761116758,128.0,0.0031304067611167574,128.0,0.003130406761116758,128.0,0.0031304067611167574,128.0,0.003130406761116758
0.0205263157894736,0.0147368421052631,98.2,0.5584017416948835,97.45714285714286,0.49249961342079973,98.33333333333333,0.48302487137457,97.27906976744185,0.4877970096948853,97.77678571428571,0.4817451655298405,97.33333333333333,0.5047563895197182
0.0173684210526315,0.0294736842105263,89.4,0.7703930125020005,87.55714285714286,0.7706934767186543,88.41666666666667,0.7728022488987837,87.37209302325581,0.777416541627916,87.66071428571429,0.7770329520455618,87.84126984126983,0.8123142415210498
-0.03,0.031578947368421,15.4,1.3457179148143315,13.385714285714286,1.0860498592751522,13.666666666666666,1.0345632844860013,13.255813953488373,0.9998496086844286,14.455357142857142,1.0970200140599935,13.873015873015873,1.0422220774869244
0.001578947368421,0.0168421052631578,42.2,0.9311630780956994,41.042857142857144,0.9086833795016809,41.791666666666664,0.937117870893891,40.83720930232558,0.9034980370391967,41.151785714285715,0.9396399826373386,41.111111111111114,0.9433270719259638
-0.0142105263157894,0.0210526315789473,17.4,1.3535793324372878,15.742857142857142,1.0489384408730347,16.666666666666668,1.002285240695714,15.790697674418604,1.0095492094707963,16.767857142857142,1.039973074897405,16.666666666666668,1.0208461526152928
-0.0268421052631578,0.0273684210526315,12.6,1.378987044355981,11.242857142857142,1.0645324898827,11.958333333333334,0.9749511527756803,11.023255813953488,0.9715808770811079,12.125,1.063322834963902,11.936507936507937,1.0108526692240278
-0.0110526315789473,0.0336842105263157,40.2,1.0771581999054731,38.385714285714286,1.0759050520522837,39.208333333333336,1.0921615275125425,38.0,1.046613937518268,38.910714285714285,1.097622712450705,38.79365079365079,1.0818164151007525
-0.03,0.0252631578947368,7.8,1.1773012239859386,6.8,0.997525715340532,6.666666666666667,1.021611242220802,6.116279069767442,1.0621994293731627,7.482142857142857,1.0175003862526735,7.111111111111111,0.9526938278488037
0.0236842105263157,0.0273684210526315,101.4,0.7464476571211367,100.31428571428572,0.6637525728808087,101.5,0.6580503293848746,100.46511627906976,0.6593802564109494,100.60714285714286,0.6714174315120965,99.98412698412699,0.7042868958767072
-0.001578947368421,0.0084210526315789,15.4,1.118321613181966,14.314285714285715,0.8904004226604679,15.416666666666666,0.8973339320283197,14.651162790697674,0.8898535969226675,15.196428571428571,0.9044702628020707,15.0,0.8871492339732433
0.0205263157894736,0.0294736842105263,95.8,0.7778025454203461,93.92857142857143,0.7334530473896439,95.125,0.7399055583137897,93.46511627906976,0.738433144826535,94.02678571428571,0.7399986406629951,94.0,0.7639352313977565
-0.001578947368421,0.0147368421052631,31.8,0.9876841315573179,28.728571428571428,0.9410080602798272,29.0,1.0350871040976954,28.74418604651163,0.941861052120693,29.366071428571427,0.9581591873856105,28.77777777777778,0.9690523463228398
-0.0205263157894736,0.0063157894736842,0.0,,0.0,,0.0,,0.0,,0.0,,0.0,
0.0078947368421052,0.04,76.8,0.9154555522259251,74.35714285714286,0.9356601357296376,75.58333333333333,0.9327085456186271,74.0,0.9438676664213205,74.83928571428571,0.9413416242333633,74.87301587301587,0.9641529006878071
0.0142105263157894,0.0210526315789473,79.4,0.7567105775074335,78.67142857142858,0.75198308759048,79.625,0.7367039454014165,78.4186046511628,0.746779188789216,79.00892857142857,0.7406313606814557,79.0952380952381,0.7710691371685128
0.0173684210526315,0.0336842105263157,90.4,0.8322477509369219,88.71428571428571,0.8023735632945145,89.5,0.8041596447354985,88.18604651162791,0.807866644117028,88.65178571428571,0.8048627676380001,88.71428571428571,0.8417656407637818
0.0236842105263157,0.0,115.0,0.002676291171614864,115.0,0.0026771313345528144,115.0,0.002676291171614864,115.0,0.0026762911716145944,115.0,0.0026762911716147015,115.0,0.002676291171614634
0.001578947368421,0.0357894736842105,63.4,0.9683815476745942,60.97142857142857,0.976298506132079,62.666666666666664,0.9958082046792164,61.06976744186046,0.9648381531893411,61.30357142857143,0.9980759615003402,61.285714285714285,1.0202558000829955
-0.0142105263157894,0.0231578947368421,21.2,1.1763788097013659,19.12857142857143,1.0683176160631724,19.958333333333332,1.0523985086723273,19.13953488372093,1.0366496744825067,20.116071428571427,1.0597923687638748,19.825396825396826,1.0410953004459083
-0.0173684210526315,0.0231578947368421,16.4,1.3426753717184714,15.042857142857143,1.0542542896697629,15.625,1.0001111069948314,15.046511627906977,0.9994042413650603,16.026785714285715,1.0630860677446037,15.714285714285714,1.0378586883178398
0.0236842105263157,0.04,103.0,0.8223899069135111,100.21428571428571,0.7724770878338493,101.375,0.7771825325028119,100.13953488372093,0.7834919478188721,100.3125,0.783015403184815,100.41269841269842,0.8073662770682909
-0.0205263157894736,0.0378947368421052,32.4,1.1331395354160725,30.685714285714287,1.1256983278478365,31.333333333333332,1.1683478928525453,30.372093023255815,1.1068424949912472,31.5,1.1165939784730379,30.80952380952381,1.1466826099109264
0.0205263157894736,0.0084210526315789,103.0,0.303105200296122,103.24285714285715,0.25020911041771626,103.70833333333333,0.24124655877805037,103.32558139534883,0.25152700026938035,103.30357142857143,0.2532541237825555,103.12698412698413,0.26224692030348473
-0.0236842105263157,0.04,31.4,1.1654152971511542,29.52857142857143,1.1482694676155738,30.0,1.1966795205073562,29.023255813953487,1.1119633240500477,30.303571428571427,1.1237680986950171,29.650793650793652,1.1446623677522356
0.0173684210526315,0.0357894736842105,90.6,0.8476134189313118,89.17142857142858,0.8151557122509309,90.20833333333333,0.8126222471254848,88.53488372093024,0.8238966497978757,89.08035714285714,0.8202008193016874,89.06349206349206,0.8575138873063352
-0.0205263157894736,0.0042105263157894,0.0,,0.0,,0.0,,0.0,,0.0,,0.0,
0.0205263157894736,0.0378947368421052,96.4,0.8015145077714088,94.68571428571428,0.7965728948517163,95.95833333333333,0.7983936189414881,94.72093023255815,0.8023463114038056,94.95535714285714,0.8009491126803364,94.85714285714286,0.8274792366570205
-0.001578947368421,0.0063157894736842,9.2,1.051576635427534,8.685714285714285,0.8622117068378932,9.208333333333334,0.81201632103487,8.581395348837209,0.8132337529558264,9.205357142857142,0.8539330777762609,9.174603174603174,0.8159993813068644
-0.0205263157894736,0.0210526315789473,9.6,1.2969551640780004,8.82857142857143,1.0129794690954412,9.25,0.8999137961426108,8.627906976744185,0.9470401612931253,9.866071428571429,1.002802569184183,9.412698412698413,0.9550635673797945
0.0078947368421052,0.0,60.0,0.0011550342106276318,60.0,0.0011550342106274836,60.0,0.0011550342106271063,60.0,0.0011550342106276318,60.0,0.0011550342106276322,60.0,0.0011550342106276309
-0.0110526315789473,0.04,47.8,1.062125765548804,45.32857142857143,1.0650528521055278,46.458333333333336,1.1011218326335996,45.18604651162791,1.0417650553506401,45.705357142857146,1.0952541526238018,45.34920634920635,1.1007744116296825
-0.001578947368421,0.0294736842105263,51.4,1.0356533264392402,49.57142857142857,0.9888560808249108,50.583333333333336,1.014042499372007,49.55813953488372,1.0129533567772273,49.67857142857143,1.0174384860871373,49.523809523809526,1.0309319040452964
-0.0268421052631578,0.0357894736842105,24.2,1.2153612792439046,21.214285714285715,1.1171341804629114,22.166666666666668,1.1394468357261647,21.093023255813954,1.087583500646416,22.169642857142858,1.121594322880534,21.682539682539684,1.1009595868480864
-0.0205263157894736,0.0,0.0,,0.0,,0.0,,0.0,,0.0,,0.0,
0.0268421052631578,0.0126315789473684,116.0,0.36494041480404626,115.54285714285714,0.2847767073267297,116.54166666666667,0.26517505477557574,115.5813953488372,0.28765980008597924,115.89285714285714,0.2862358185645198,115.39682539682539,0.3005477127475888
-0.03,0.0105263157894736,0.0,,0.014285714285714285,,0.041666666666666664,,0.0,,0.0,,0.031746031746031744,
-0.0047368421052631,0.0063157894736842,3.0,0.6845657003956783,2.757142857142857,0.8169598758595722,2.5833333333333335,0.969581923037937,2.441860465116279,0.7651601396141375,3.0357142857142856,0.8010214095957675,2.7777777777777777,0.8904052446202095
-0.0268421052631578,0.0252631578947368,9.8,1.2943198125783917,8.82857142857143,1.0024493970850556,9.041666666666666,0.9680808416664959,8.465116279069768,0.9452509892738296,9.883928571428571,1.0147393416489148,9.492063492063492,0.9645961606608991
-0.0173684210526315,0.0084210526315789,0.2,,0.05714285714285714,,0.08333333333333333,,0.09302325581395349,,0.07142857142857142,,0.12698412698412698,
0.0142105263157894,0.0021052631578947,88.0,0.08473593850678066,87.78571428571429,0.07733786354634326,88.0,0.07595806561830759,87.69767441860465,0.07719163168829876,87.90178571428571,0.07798357514097075,87.77777777777777,0.07912395439126796
-0.0142105263157894,0.0063157894736842,0.0,,0.014285714285714285,,0.08333333333333333,,0.0,,0.008928571428571428,,0.031746031746031744,
-0.0205263157894736,0.0084210526315789,0.0,,0.014285714285714285,,0.08333333333333333,,0.023255813953488372,,0.008928571428571428,,0.031746031746031744,
0.0205263157894736,0.0105263157894736,100.8,0.4081209462484017,100.97142857142858,0.3423433002838498,101.70833333333333,0.3238860193552524,101.11627906976744,0.34059937847085503,101.16071428571429,0.33783096440233773,101.06349206349206,0.35860513170097785
0.0205263157894736,0.0273684210526315,95.8,0.7415406638758892,93.84285714285714,0.7156571865947998,95.16666666666667,0.7181804236528465,93.27906976744185,0.7161270988523097,93.9375,0.7189677388182779,93.88888888888889,0.74547658373777
0.03,0.0252631578947368,114.0,0.6205931086456539,113.57142857142857,0.5447443266648048,114.58333333333333,0.5378703455165624,114.06976744186046,0.5345062999453724,114.04464285714286,0.5354584394513312,113.68253968253968,0.5523926452788803
0.0047368421052631,0.0105263157894736,43.2,0.832098521568313,42.2,0.8106734084879074,42.708333333333336,0.8226730082509407,41.95348837209303,0.79761419326864,42.36607142857143,0.8211612285333657,42.41269841269841,0.8272497442235375
0.0078947368421052,0.031578947368421,71.6,0.8767214262576918,69.12857142857143,0.9038287676698974,70.375,0.927573284935622,69.16279069767442,0.908784409421472,69.48214285714286,0.9170883549043544,70.11111111111111,0.9345497576562983
-0.03,0.0294736842105263,12.6,1.380087227815388,11.114285714285714,1.0700797725877804,11.916666666666666,0.9728013303613103,10.744186046511627,0.9755194708251314,12.089285714285714,1.0685175102050968,11.857142857142858,1.012660847025259
0.0268421052631578,0.0336842105263157,106.6,0.7383172174698905,105.78571428571429,0.682401819935843,107.0,0.6794209394502339,105.34883720930233,0.6959225014802684,105.75892857142857,0.690894193234034,105.26984126984127,0.7281402638036834
-0.0173684210526315,0.0042105263157894,0.0,,0.0,,0.0,,0.0,,0.0,,0.0,
-0.0268421052631578,0.0,0.0,,0.0,,0.0,,0.0,,0.0,,0.0,
-0.0205263157894736,0.0336842105263157,27.4,1.1613342071649648,25.857142857142858,1.0985794560169435,26.208333333333332,1.1539608139081918,25.348837209302324,1.102461522584031,26.696428571428573,1.1133043357120511,25.746031746031747,1.1228336066826632
0.0236842105263157,0.0294736842105263,101.6,0.7539580657449156,100.04285714285714,0.6908280558689075,101.20833333333333,0.679414537032519,99.97674418604652,0.6869445410269881,100.39285714285714,0.6972105023890874,99.92063492063492,0.7231958190254253
-0.0268421052631578,0.0336842105263157,20.6,1.4730025310148316,18.414285714285715,1.1112683401931953,19.583333333333332,1.102274406082586,18.46511627906977,1.0656978492628613,19.616071428571427,1.108449155639267,19.428571428571427,1.099082391836139
-0.0173684210526315,0.0126315789473684,2.0,,1.8285714285714285,0.8518376950837581,1.2083333333333333,0.7317118074848556,1.4186046511627908,1.1362953858842986,1.9196428571428572,0.8665679216170116,1.9841269841269842,1.0756087515626596
-0.0047368421052631,0.031578947368421,47.6,1.0272505862543,46.385714285714286,1.0180863839993997,47.166666666666664,1.0632502634547139,45.93023255813954,1.007339442951691,46.464285714285715,1.045071816946778,46.20634920634921,1.0452429019572815
0.0047368421052631,0.031578947368421,65.6,0.9423219155201192,63.42857142857143,0.945646145599122,64.875,0.9491102248497526,63.30232558139535,0.9372805204823602,63.589285714285715,0.955015340693831,63.857142857142854,0.9808887569122395
0.001578947368421,0.031578947368421,59.8,1.000412831169046,57.44285714285714,0.9667447952928955,58.625,0.9840451128966844,57.48837209302326,0.9651746611996402,58.017857142857146,0.9885253849092104,57.65079365079365,0.9952798500168523
0.0205263157894736,0.0126315789473684,99.0,0.48992449117851,98.97142857142858,0.4248971308129395,99.91666666666667,0.41147930650417236,99.20930232558139,0.41310869247475523,99.33928571428571,0.4134168620845004,98.82539682539682,0.43847798261519455
0.001578947368421,0.0231578947368421,51.4,0.9415344359505937,48.98571428571429,0.9551591367628192,50.0,0.9666753793749004,49.325581395348834,0.9557498355245625,49.1875,0.971390438844837,48.98412698412698,0.979843481981246
0.0236842105263157,0.0147368421052631,106.6,0.45888524510140255,105.84285714285714,0.4272053529017762,106.625,0.4087825933533586,106.09302325581395,0.4100855158306937,106.07142857142857,0.41772726195235127,105.74603174603175,0.4336993327705549
0.0173684210526315,0.031578947368421,89.8,0.8156034017711953,88.38571428571429,0.7836706548012862,89.0,0.7894009752140393,87.86046511627907,0.7969531863614912,88.17857142857143,0.7891532746863424,88.17460317460318,0.8280648854744833
-0.0205263157894736,0.0252631578947368,16.0,1.3387506280757073,14.371428571428572,1.0723028791551934,14.958333333333334,1.0181717509673012,14.395348837209303,0.9999549342165214,15.366071428571429,1.0703412377895074,15.095238095238095,1.0346058599975658
0.0173684210526315,0.04,92.2,0.8744427828507397,90.04285714285714,0.8449388927613279,91.29166666666667,0.8411740592174916,89.72093023255815,0.8432994946387388,90.17857142857143,0.8472909292176546,90.04761904761905,0.8820006274577283
-0.0236842105263157,0.0168421052631578,2.8,0.8804804590240829,2.5285714285714285,0.9439438878872541,2.125,0.7624105422901623,2.13953488372093,0.8817709474079063,2.7232142857142856,0.8330526187875517,2.6984126984126986,0.918013259055872
-0.0268421052631578,0.0294736842105263,15.6,1.3138948432606412,13.614285714285714,1.0723014558010084,14.25,1.036693743432887,13.534883720930232,1.0009175403433175,14.714285714285714,1.0909633918367612,14.126984126984127,1.047936768846491
0.0173684210526315,0.0168421052631578,88.0,0.6331958624969422,87.31428571428572,0.6076593698992947,88.125,0.6173982031604706,87.23255813953489,0.6098487264773543,87.58928571428571,0.6147770278790876,87.66666666666667,0.6398068117670684
-0.0078947368421052,0.0168421052631578,20.4,1.1666824894253318,18.571428571428573,1.024403932781092,19.416666666666668,1.0274485008384604,18.58139534883721,1.0077982723538317,19.473214285714285,1.0236757621870092,19.206349206349206,1.0060825130675335
-0.0173684210526315,0.0273684210526315,23.6,1.1598480563165214,21.214285714285715,1.080544557691933,22.416666666666668,1.1132604256902452,21.069767441860463,1.0678334201124295,22.089285714285715,1.0803840974443288,21.50793650793651,1.0657892282403816
-0.001578947368421,0.0210526315789473,41.2,0.9724111269132951,39.3,0.9687463388533948,39.833333333333336,1.0050699597346544,38.93023255813954,0.9603628254212948,39.419642857142854,0.9985937716386835,39.142857142857146,1.0024742881070885
-0.0236842105263157,0.0210526315789473,7.4,1.2514477056618853,6.457142857142857,0.9794720293127829,6.208333333333333,0.9419619716836379,5.883720930232558,1.013895580748407,7.080357142857143,0.9963868352183287,6.73015873015873,0.9468025690894466
0.0078947368421052,0.0336842105263157,73.0,0.900443312341902,70.64285714285714,0.9137325793097734,71.79166666666667,0.9231009457232305,70.4186046511628,0.9200466927070029,71.02678571428571,0.9205382597086865,71.26984126984127,0.9453160893362418
0.0047368421052631,0.0252631578947368,61.4,0.912635371217878,58.27142857142857,0.9196729977564272,59.583333333333336,0.9236966066858097,58.04651162790697,0.924429043231996,58.589285714285715,0.9307207313701201,58.666666666666664,0.9503919116729781
0.0142105263157894,0.0273684210526315,82.4,0.7800784213011192,80.38571428571429,0.8115214876618267,81.54166666666667,0.801839861912851,80.02325581395348,0.816111221738543,80.5625,0.8040267978399668,80.77777777777777,0.841070042876163
0.0110526315789473,0.0378947368421052,81.6,0.887518971905177,78.61428571428571,0.8939377479428366,79.875,0.903101110449637,78.3953488372093,0.9047749871594051,78.74107142857143,0.909459004348568,79.46031746031746,0.9282947462983588
-0.0268421052631578,0.0189473684210526,2.8,0.9118058821000449,2.942857142857143,1.0187880549816353,2.5416666666666665,0.7441491984251374,2.441860465116279,0.9343293132841787,3.0357142857142856,0.8485171183872839,2.9682539682539684,0.9279207321357027
-0.0110526315789473,0.0105263157894736,3.2,0.6791768610849968,3.157142857142857,0.8767744759836029,2.7916666666666665,1.070650163134957,2.7209302325581395,0.8075348631950395,3.375,0.8483916570387015,3.2698412698412698,0.9518164073808502
-0.0110526315789473,0.0378947368421052,45.2,1.027951304258855,43.1,1.0721071862564326,43.666666666666664,1.0964898309980395,42.74418604651163,1.0480253157689916,43.642857142857146,1.1003717841510545,43.3968253968254,1.0972058612801425
0.0078947368421052,0.0021052631578947,57.8,0.23499418449804424,58.02857142857143,0.19040092971276834,58.125,0.18657184484852776,57.86046511627907,0.19206778793814075,58.142857142857146,0.19283548961205213,58.06349206349206,0.20003015275696492
0.0047368421052631,0.0294736842105263,63.2,0.953028889642902,61.614285714285714,0.9412773235302985,63.458333333333336,0.9305275449937095,61.58139534883721,0.935680649674568,61.94642857142857,0.9472843612687613,61.96825396825397,0.9764223483502
0.0078947368421052,0.0042105263157894,55.2,0.4442957670612696,55.1,0.4208804510012578,55.791666666666664,0.42105269586323707,55.13953488372093,0.4182868732882755,55.267857142857146,0.4247102192327062,55.142857142857146,0.4468921925375207
-0.0268421052631578,0.0147368421052631,0.8,,0.6857142857142857,,0.4583333333333333,,0.5348837209302325,,0.5803571428571429,,0.746031746031746,1.2180917587453657
0.0142105263157894,0.0252631578947368,81.8,0.7648737191469055,79.67142857142858,0.7953479850585615,80.875,0.7793177062776678,79.44186046511628,0.8007623211964704,79.86607142857143,0.790119414427254,80.23809523809524,0.8247065557595552
0.001578947368421,0.0336842105263157,61.0,1.0190276009975183,59.05714285714286,0.9799601437489537,60.833333333333336,0.9978763030839745,59.44186046511628,0.9544627485314374,59.714285714285715,0.9934695344773822,59.58730158730159,1.0034301034080526
0.0110526315789473,0.0231578947368421,73.6,0.8143387532662996,71.24285714285715,0.8303208789515556,72.29166666666667,0.8148524905524717,71.20930232558139,0.82841723596761,71.86607142857143,0.8234828780627924,71.98412698412699,0.8441416411240056
0.0236842105263157,0.0231578947368421,102.2,0.6689104934076109,101.31428571428572,0.600530097562252,102.41666666666667,0.6062106629394122,101.55813953488372,0.6057084966395544,101.71428571428571,0.6033213652762885,101.12698412698413,0.6397739624001705
-0.001578947368421,0.0357894736842105,58.4,1.026658290530183,55.58571428571429,1.0102019236542013,57.25,1.016081928416044,55.69767441860465,1.008644081117232,56.232142857142854,1.0289556762653018,55.96825396825397,1.0349733147965678
0.0236842105263157,0.031578947368421,101.4,0.7626563531080969,99.92857142857143,0.7071376487019555,101.0,0.70141077564731,99.86046511627907,0.7070712331462129,100.15178571428571,0.721426544201673,99.93650793650794,0.7447696518927515
0.001578947368421,0.0378947368421052,65.2,0.9925400519392691,62.6,0.9884739106637289,64.20833333333333,0.9774375767891215,62.83720930232558,0.9768599833535868,62.75892857142857,1.0035689351644694,63.095238095238095,1.024113830702566
-0.0236842105263157,0.0021052631578947,0.0,,0.0,,0.0,,0.0,,0.0,,0.0,
0.0078947368421052,0.0126315789473684,59.2,0.7304771916138304,55.92857142857143,0.7728192031803334,57.208333333333336,0.7698293756877806,55.883720930232556,0.760425221780494,56.482142857142854,0.7627992343689909,56.46031746031746,0.7893013288398657
0.0236842105263157,0.0210526315789473,102.2,0.6439854617277069,101.94285714285714,0.5680451562338131,103.33333333333333,0.5623218676273544,102.20930232558139,0.5731523017260718,102.44642857142857,0.5676766232753142,102.03174603174604,0.5933498471436025
-0.0078947368421052,0.0252631578947368,34.4,1.0777134736427763,32.68571428571428,1.035986438621795,33.041666666666664,1.1110176321240222,32.41860465116279,1.0199245067683034,33.214285714285715,1.055106607649824,33.07936507936508,1.0575445799279568
-0.0142105263157894,0.0168421052631578,10.4,1.365950498239455,9.242857142857142,0.9722945719578315,9.875,0.8992698019803056,9.162790697674419,0.9187728590142981,10.1875,0.989886184859257,9.873015873015873,0.9373837621142579
0.001578947368421,0.0042105263157894,13.8,0.9229267835438059,13.914285714285715,0.7805655397480632,14.583333333333334,0.7817804162285539,14.279069767441861,0.784640669328121,14.348214285714286,0.7862409650055829,14.523809523809524,0.7691911445287187
-0.0173684210526315,0.0336842105263157,31.6,1.11529424767917,29.542857142857144,1.1109812918232629,29.875,1.1790758562219559,29.3953488372093,1.0981842487217537,30.357142857142858,1.1033699796264869,29.77777777777778,1.118050762045981
0.0236842105263157,0.0168421052631578,104.8,0.5365801020247133,104.31428571428572,0.4826331293640858,105.29166666666667,0.4711072893673937,104.6046511627907,0.4650788402858847,104.70535714285714,0.4726800572422426,104.0952380952381,0.49222195633619725
-0.0236842105263157,0.0084210526315789,0.0,,0.014285714285714285,,0.0,,0.0,,0.0,,0.031746031746031744,
0.0047368421052631,0.0336842105263157,67.0,0.9571816034101429,64.84285714285714,0.9529832282049522,66.33333333333333,0.9525178397415571,65.11627906976744,0.9379319759340663,65.1875,0.9586953974059015,65.42857142857143,0.9820590946664594
0.0236842105263157,0.0189473684210526,103.6,0.5861653056473262,103.01428571428572,0.5294893848832339,104.20833333333333,0.5288790522081854,103.04651162790698,0.5227697685337731,103.55357142857143,0.5219404481010164,102.87301587301587,0.545851521944572
-0.0205263157894736,0.0273684210526315,18.2,1.3708385409396293,17.114285714285714,1.085719448561449,18.291666666666668,1.0596611031386127,17.186046511627907,1.0472853492893628,18.366071428571427,1.0752409682395185,18.047619047619047,1.0567034532414854
0.0110526315789473,0.0042105263157894,72.0,0.33946412688525573,72.72857142857143,0.26577688141038036,73.25,0.24998671111021187,72.6046511627907,0.26679176161335855,72.88392857142857,0.2634455262477719,72.66666666666667,0.2817273269984902
-0.0110526315789473,0.0147368421052631,11.0,1.2895119490401656,9.657142857142857,0.9677382938134018,10.333333333333334,0.8897654433852576,9.813953488372093,0.8900449553052044,10.625,0.9879553754367559,10.301587301587302,0.9311991558954799
0.0142105263157894,0.0084210526315789,81.8,0.49468913630754746,81.6,0.4219255467166703,82.25,0.41689477861932306,81.30232558139535,0.42857885118231326,81.88392857142857,0.42133578663574844,81.53968253968254,0.4424411948139809
0.03,0.0378947368421052,112.2,0.7443358208309607,110.25714285714285,0.6902816423723468,111.79166666666667,0.6860012833740917,110.46511627906976,0.6858630329182865,110.9375,0.6891293631627741,110.31746031746032,0.7194276604431623
0.0173684210526315,0.0126315789473684,89.6,0.5641533622709347,89.27142857142857,0.5078819383080171,89.875,0.49669731554763086,89.32558139534883,0.5004560151031068,89.70535714285714,0.49613280159421624,89.28571428571429,0.528419984730525
0.0268421052631578,0.0189473684210526,111.2,0.5385334511255466,110.6,0.4742891824011823,111.41666666666667,0.45754163400377806,110.32558139534883,0.4608972278706498,110.75892857142857,0.4610983478864243,110.28571428571429,0.4867972306064422
0.0078947368421052,0.0063157894736842,54.6,0.5803053587323397,53.65714285714286,0.5791260674006399,54.291666666666664,0.559058641986436,53.48837209302326,0.5738447263898683,53.919642857142854,0.5697143142413263,53.857142857142854,0.5942941530156708
-0.0236842105263157,0.0105263157894736,0.0,,0.07142857142857142,,0.08333333333333333,,0.06976744186046512,,0.0625,,0.12698412698412698,
0.03,0.0042105263157894,127.2,0.060372940180898324,127.21428571428571,0.05563284955520899,127.25,0.05440678405983539,127.16279069767442,0.05527325632216293,127.28571428571429,0.0562181193137538,127.12698412698413,0.05657987476850031
0.0236842105263157,0.0126315789473684,107.8,0.4363286559654235,107.84285714285714,0.3521895594599386,108.54166666666667,0.33363569656135184,107.88372093023256,0.3491494629592093,107.91071428571429,0.34943327678838515,107.6984126984127,0.3680239150605212
0.03,0.0294736842105263,113.0,0.6599005338116651,112.01428571428572,0.6041278753715146,113.29166666666667,0.6029013417404088,112.0,0.596613331413945,112.55357142857143,0.5953625460565994,111.96825396825396,0.6263508588000729
0.03,0.0126315789473684,122.2,0.2950589053626921,122.57142857142857,0.23709333334413576,123.16666666666667,0.22184601989680383,122.62790697674419,0.23656920880839064,122.65178571428571,0.23873007254364143,122.36507936507937,0.250604065990172
0.0142105263157894,0.0336842105263157,84.6,0.8158306803613303,82.38571428571429,0.8524605964209495,83.79166666666667,0.8308031529412861,82.20930232558139,0.8519413316472937,82.83035714285714,0.8445644653083905,82.88888888888889,0.8871687777953741
0.0142105263157894,0.0168421052631578,79.6,0.6788753110499787,78.15714285714286,0.6810786154892895,79.58333333333333,0.6693733753827139,77.69767441860465,0.686400830438195,78.375,0.6875644000856738,78.58730158730158,0.704470192422053
-0.0047368421052631,0.0,0.0,,0.0,,0.0,,0.0,,0.0,,0.0,
0.0142105263157894,0.0,89.0,0.002202037027102546,89.0,0.0022020370271025533,89.0,0.0022020370271025533,89.0,0.002202037027102616,89.0,0.002202037027102518,89.0,0.002202037027102608
0.0205263157894736,0.0252631578947368,95.8,0.7223766416235787,94.05714285714286,0.6888416675135831,94.91666666666667,0.6978944266486063,93.51162790697674,0.6944524236290524,94.0625,0.6931292324197054,93.93650793650794,0.7250740145751838
-0.001578947368421,0.0378947368421052,59.6,1.0423708840668955,57.55714285714286,1.0212388280334086,59.041666666666664,1.0202586785989995,57.58139534883721,1.0028447628037012,57.92857142857143,1.029841678097412,57.84126984126984,1.0367084486836344
-0.0268421052631578,0.04,27.8,1.2490150044398924,26.242857142857144,1.1256361407626472,27.041666666666668,1.1807986271248685,25.930232558139537,1.1283437216799344,27.089285714285715,1.1378005704261762,26.063492063492063,1.1458420602404957
0.0268421052631578,0.0084210526315789,119.2,0.17840142927776922,119.18571428571428,0.15371909076463858,119.70833333333333,0.14622114033072445,118.97674418604652,0.1568582204154374,119.24107142857143,0.15640220553391546,119.12698412698413,0.16193909815542035
-0.001578947368421,0.0252631578947368,46.2,1.007523988865773,44.871428571428574,0.983552766907875,45.916666666666664,1.011059308394703,44.627906976744185,0.9809007498709849,45.214285714285715,1.0033745185313563,44.92063492063492,1.0057392789390638
-0.0173684210526315,0.0294736842105263,25.6,1.2057188141257265,24.257142857142856,1.1015099042410859,24.833333333333332,1.1346153915454498,24.162790697674417,1.0749489866661104,25.044642857142858,1.1024731061077735,24.19047619047619,1.1015408366996924
-0.0110526315789473,0.0021052631578947,0.0,,0.0,,0.0,,0.0,,0.0,,0.0,
-0.03,0.0168421052631578,1.2,,0.9857142857142858,,0.5833333333333334,,0.8372093023255814,,0.7767857142857143,,1.0634920634920635,1.3006382051430363
0.0268421052631578,0.0105263157894736,117.0,0.28826170424813935,117.45714285714286,0.2175025722154006,118.08333333333333,0.20739403993148023,117.6046511627907,0.21696433868266166,117.66964285714286,0.2199999291166253,117.31746031746032,0.2288489892981592
0.0173684210526315,0.0189473684210526,88.0,0.6607769930718248,87.02857142857142,0.6533027402287729,87.83333333333333,0.6610070743639364,86.69767441860465,0.6569032397001408,87.20535714285714,0.659399652782242,86.92063492063492,0.6836174460599319
0.0110526315789473,0.0273684210526315,76.0,0.8333909639225554,73.52857142857142,0.8493013241459758,74.70833333333333,0.8398515359147453,73.13953488372093,0.8580523051320159,73.98214285714286,0.851994471297001,74.06349206349206,0.8819019966817213
-0.0078947368421052,0.0231578947368421,31.8,1.0877884071282578,29.37142857142857,1.038564142248085,30.125,1.107347945683414,29.53488372093023,1.0313435925796528,30.285714285714285,1.0371562386197972,29.634920634920636,1.0582772443768313
0.0142105263157894,0.0357894736842105,85.6,0.8181515815229716,83.37142857142857,0.8624965314787717,84.625,0.8418033168778537,82.97674418604652,0.861945440453092,83.54464285714286,0.8591268925139853,83.58730158730158,0.8946778811970504
0.0236842105263157,0.0021052631578947,115.2,0.04057447176989844,114.91428571428571,0.03771635327361027,114.95833333333333,0.036843313614422626,114.86046511627907,0.03762144744549301,114.99107142857143,0.03824969638472673,114.98412698412699,0.038451461780157584
-0.0173684210526315,0.0063157894736842,0.0,,0.014285714285714285,,0.0,,0.0,,0.0,,0.0,
0.0047368421052631,0.0147368421052631,49.0,0.8395605717934485,47.385714285714286,0.8670221068193437,48.5,0.8590786108890898,47.627906976744185,0.8419088132566724,47.589285714285715,0.8759280756710444,47.55555555555556,0.8826507947385415
0.0268421052631578,0.0252631578947368,108.8,0.6503505225056566,107.14285714285714,0.594148014673991,108.5,0.5878794958609337,107.09302325581395,0.5958200895474017,107.69642857142857,0.5845911062230551,107.19047619047619,0.6115726929890052
-0.0078947368421052,0.04,52.0,1.0647590201047765,49.7,1.0492381819458994,51.083333333333336,1.0792320876041523,49.93023255813954,1.0519574131788334,50.125,1.078634529283976,49.80952380952381,1.0809864586298394
0.0236842105263157,0.0336842105263157,102.0,0.7684508379312402,99.82857142857142,0.7289955562898532,101.125,0.7172244256158734,99.83720930232558,0.7380156892759927,100.05357142857143,0.7386304953953327,100.01587301587301,0.7660792507732439
0.0268421052631578,0.0210526315789473,110.4,0.5872687939528377,109.22857142857143,0.5189538622219588,110.16666666666667,0.5100558796181901,108.93023255813954,0.5124314101190404,109.48214285714286,0.5122897995162032,109.19047619047619,0.5242029709971648
0.0078947368421052,0.0105263157894736,57.0,0.6962224898105479,54.58571428571429,0.7218945135164763,55.583333333333336,0.7307713669538088,54.72093023255814,0.7164097259567939,55.17857142857143,0.7248556940165989,54.96825396825397,0.7559307871973585
-0.0205263157894736,0.0189473684210526,7.2,1.2216468267105185,6.328571428571428,0.9659537313272227,6.125,0.9402314386781369,5.837209302325581,1.002734102897248,6.919642857142857,0.979529446806837,6.587301587301587,0.9381252673586019
0.0173684210526315,0.0084210526315789,92.6,0.4162019511863132,93.2,0.32916477558958535,93.58333333333333,0.31478418891030174,93.27906976744185,0.3291662657463883,93.41071428571429,0.32749357818864994,93.03174603174604,0.3471074546366099
0.0236842105263157,0.0357894736842105,102.2,0.7818640276298797,99.9,0.7411166824317196,101.08333333333333,0.7462308747245731,99.97674418604652,0.7535832502848374,100.10714285714286,0.7566033545195374,100.12698412698413,0.7739563670758848
-0.0110526315789473,0.0210526315789473,23.2,1.1503733192493955,20.585714285714285,1.0390339554053567,21.75,1.072085865131578,20.488372093023255,1.0424948099729503,21.571428571428573,1.0658002675488822,20.857142857142858,1.038449503850533
0.0236842105263157,0.0084210526315789,111.6,0.2458437245176326,111.71428571428571,0.1925125054654076,112.25,0.1875807209991512,111.81395348837209,0.19678048063224898,111.85714285714286,0.19632235624870825,111.74603174603175,0.20409289689270882
-0.0268421052631578,0.0063157894736842,0.0,,0.0,,0.0,,0.0,,0.0,,0.0,
-0.0236842105263157,0.0147368421052631,1.4,,1.3428571428571427,0.6250301880100455,0.875,,1.069767441860465,0.6760072033040294,1.0892857142857142,,1.3333333333333333,1.1412670518568218
0.0110526315789473,0.0,75.0,0.0018038727259652454,75.0,0.001803872725965015,75.0,0.0018038727259651426,75.0,0.001803872725965131,75.0,0.001803872725965027,75.0,0.0018038727259651222
-0.0142105263157894,0.0,0.0,,0.0,,0.0,,0.0,,0.0,,0.0,
-0.0236842105263157,0.0357894736842105,26.2,1.2152247114798118,24.6,1.1180061590220727,25.416666666666668,1.1628626952529766,24.53488372093023,1.091369938445936,25.589285714285715,1.1318975633150332,24.6984126984127,1.1303448061156447
-0.0047368421052631,0.04,57.2,1.0609483264686104,54.542857142857144,1.0282845111303505,56.041666666666664,1.0522292651521779,54.46511627906977,1.0405856118669032,54.9375,1.063397439389781,54.57142857142857,1.0673310214505656
-0.001578947368421,0.0273684210526315,48.8,1.0145343885920277,47.31428571428572,0.98745828205108,48.291666666666664,0.992503569551959,47.30232558139535,0.992656919949751,47.401785714285715,1.0130880872187027,47.07936507936508,1.0275278415903566
-0.0078947368421052,0.0126315789473684,11.8,1.24816154411034,10.271428571428572,0.966602333394357,11.333333333333334,0.9160186993640926,10.44186046511628,0.8867810568193604,11.294642857142858,0.9703094791551296,10.984126984126984,0.9115185311074057
0.0236842105263157,0.0042105263157894,114.4,0.0883353966484384,114.38571428571429,0.07877133991996159,114.58333333333333,0.07766104371897864,114.3953488372093,0.07835602424632468,114.46428571428571,0.07943369455443798,114.46031746031746,0.08039046258712773
0.0268421052631578,0.0,121.0,0.0023144029470954994,121.0,0.0023144029470955,121.0,0.0023144029470954994,121.0,0.0023144029470955,121.0,0.0023144029470954994,121.0,0.0023144029470955002
-0.001578947368421,0.0168421052631578,35.0,0.9508325036088786,32.52857142857143,0.9599016345271949,33.25,1.009765136078291,32.58139534883721,0.9570366836102704,32.94642857142857,0.9862538177101605,32.857142857142854,0.9806496546342536
-0.0268421052631578,0.031578947368421,17.4,1.4081609846883583,15.942857142857143,1.09531087885815,17.041666666666668,1.0403845336703006,16.023255813953487,1.0388328229446582,17.116071428571427,1.0925545720544896,16.857142857142858,1.0843632243200425
-0.0205263157894736,0.0021052631578947,0.0,,0.0,,0.0,,0.0,,0.0,,0.0,
0.001578947368421,0.0021052631578947,6.4,0.9376169734361431,5.928571428571429,0.6874133910958544,6.458333333333333,0.701657084046565,5.883720930232558,0.5973229110945882,6.276785714285714,0.6843193443493688,6.253968253968254,0.6405236997905454
-0.0078947368421052,0.0273684210526315,37.0,1.0570687619071608,35.285714285714285,1.047864531558303,36.125,1.0808415310984405,35.25581395348837,1.0231332880436605,35.88392857142857,1.069343638484675,35.98412698412698,1.0624679628211002
0.0110526315789473,0.0210526315789473,72.0,0.8105881739893789,70.27142857142857,0.8062942205652971,71.33333333333333,0.7914114306076551,70.25581395348837,0.8069770853730255,70.76785714285714,0.8053241418808313,70.96825396825396,0.8276815277474536
-0.0047368421052631,0.0042105263157894,0.2,,0.2571428571428571,,0.125,,0.23255813953488372,,0.25,,0.3333333333333333,
0.001578947368421,0.0147368421052631,39.4,0.9106599581321039,38.05714285714286,0.8984424152250797,38.5,0.9297277339274334,37.51162790697674,0.8818186631308499,37.88392857142857,0.9300014345356035,37.714285714285715,0.9246792652613148
0.0268421052631578,0.0231578947368421,109.0,0.6322102037829656,108.07142857142857,0.556272420354546,109.29166666666667,0.5490526145108577,107.93023255813954,0.5554748299486384,108.49107142857143,0.5513588846215299,108.0,0.576341169430394
0.0047368421052631,0.0126315789473684,46.2,0.8238162052041791,44.84285714285714,0.8493305642379296,45.625,0.8448377502253906,44.883720930232556,0.819757823742333,45.11607142857143,0.8483112739109698,44.93650793650794,0.8487246197893498
-0.0236842105263157,0.0231578947368421,9.6,1.2850399811759878,8.842857142857143,1.0039487851061772,9.125,0.9350206329447325,8.55813953488372,0.9486862134652999,9.875,1.0108639614530264,9.46031746031746,0.962256018303236
-0.0268421052631578,0.0105263157894736,0.0,,0.014285714285714285,,0.08333333333333333,,0.023255813953488372,,0.008928571428571428,,0.047619047619047616,
0.0142105263157894,0.0063157894736842,83.8,0.3710426940841788,83.92857142857143,0.3043783782260521,84.41666666666667,0.29824690842689067,83.90697674418605,0.3068864582488399,84.01785714285714,0.3039460010508904,84.0,0.31889423808037026
-0.0110526315789473,0.0252631578947368,29.4,1.0688718833279105,27.314285714285713,1.0631500051963254,27.583333333333332,1.1216244385892333,27.162790697674417,1.0481605402497849,28.142857142857142,1.056406622822387,27.349206349206348,1.0756976162122005
-0.0142105263157894,0.0252631578947368,24.8,1.170148241712147,22.47142857142857,1.0617967262523524,23.208333333333332,1.0980059172015018,22.441860465116278,1.0362071131983999,23.383928571428573,1.0819898421503755,22.6984126984127,1.0783911314355954
-0.0110526315789473,0.0063157894736842,0.2,,0.1,,0.08333333333333333,,0.11627906976744186,,0.07142857142857142,,0.14285714285714285,
0.03,0.0063157894736842,126.6,0.10073460695356946,126.54285714285714,0.08803817104401991,126.91666666666667,0.08546729604915042,126.53488372093024,0.0876058193886313,126.67857142857143,0.08866858785312148,126.63492063492063,0.09015736860308574
-0.0078947368421052,0.031578947368421,43.0,1.0557357021136846,40.7,1.0405363668004657,41.583333333333336,1.066637198480058,40.72093023255814,1.0270558555019422,41.473214285714285,1.0768122385617855,41.0,1.069552574924408
0.0142105263157894,0.04,87.8,0.8651381127964257,84.82857142857142,0.8778018439521488,86.04166666666667,0.8670531588382362,84.46511627906976,0.8749646076024089,85.00892857142857,0.8771441199907039,85.11111111111111,0.9166575588359435
0.001578947368421,0.0273684210526315,56.0,0.9870122384172706,53.5,0.9693022145854442,54.625,0.9838089270111684,53.627906976744185,0.9610146397690873,53.848214285714285,0.9809845452814462,53.666666666666664,0.9818622161965396
-0.0047368421052631,0.0021052631578947,0.0,,0.0,,0.0,,0.0,,0.0,,0.0,
-0.0110526315789473,0.0273684210526315,32.2,1.1179570825561371,30.2,1.0642549387645062,31.0,1.1433506733502112,30.11627906976744,1.0537334546240062,30.991071428571427,1.065686428579278,30.41269841269841,1.102864006104685
0.0078947368421052,0.0189473684210526,63.4,0.8111099899113787,60.871428571428574,0.8391904332794416,62.416666666666664,0.8322295774318045,60.651162790697676,0.8278302094253768,61.00892857142857,0.8409011570736228,61.26984126984127,0.8672855911241679
0.0205263157894736,0.0021052631578947,107.2,0.05055982680866673,107.27142857142857,0.046144351117347195,107.33333333333333,0.045663668959842973,107.3953488372093,0.045961026792389545,107.36607142857143,0.04660494872731824,107.26984126984127,0.046904455290570454
-0.0173684210526315,0.0147368421052631,4.6,1.2604449735631889,3.8142857142857145,0.899360212188485,3.625,0.8241170475136603,3.255813953488372,0.9101513248904121,3.9375,0.9341495609119725,3.888888888888889,0.9732738140038705
-0.0142105263157894,0.0294736842105263,31.0,1.0898010860661043,28.457142857142856,1.0902110196044343,28.958333333333332,1.152844308110045,28.511627906976745,1.0713103086893423,29.25,1.0803390762531433,28.50793650793651,1.0990356778719799
0.001578947368421,0.0084210526315789,28.2,0.8531864105935014,25.857142857142858,0.8525846310237212,26.083333333333332,0.9302339208425271,25.41860465116279,0.8496952442150241,26.089285714285715,0.8682004421560953,25.984126984126984,0.8607291915731009
-0.0205263157894736,0.0294736842105263,22.8,1.2412077344562311,20.271428571428572,1.0941731150248704,21.041666666666668,1.0956440798756837,19.837209302325583,1.068690465297067,21.151785714285715,1.1002114090829342,20.714285714285715,1.0770519238295748
0.0047368421052631,0.0021052631578947,34.4,0.4183459921698091,34.02857142857143,0.4216746892608629,34.166666666666664,0.4005039665392495,33.883720930232556,0.40879363161080423,34.00892857142857,0.4221385889989907,33.98412698412698,0.4342377283949352
-0.03,0.0126315789473684,0.0,,0.07142857142857142,,0.08333333333333333,,0.06976744186046512,,0.0625,,0.12698412698412698,
0.001578947368421,0.04,66.0,1.018665783102064,64.2,0.9944683777846107,65.54166666666667,0.9919977589336163,64.55813953488372,0.9772239950280854,64.48214285714286,1.007644458019436,64.76190476190476,1.0263219102692092
-0.0078947368421052,0.0336842105263157,45.2,1.024525636314741,43.34285714285714,1.0445221987109228,43.75,1.0685874987948587,42.97674418604651,1.028113085808872,43.57142857142857,1.0749736874323672,43.507936507936506,1.073932778021981
0.001578947368421,0.0,0.0,,0.0,,0.0,,0.0,,0.0,,0.0,
0.03,0.0336842105263157,112.0,0.7156460797524148,110.97142857142858,0.6480147978167169,112.25,0.6510387502823264,110.81395348837209,0.6466409236167965,111.52678571428571,0.65032806419134,110.85714285714286,0.683152105369622
0.0110526315789473,0.0189473684210526,71.0,0.7958183915415701,69.44285714285714,0.7836473350271502,70.375,0.7685979084782221,69.18604651162791,0.7850922673470238,69.91071428571429,0.7805301820669734,69.85714285714286,0.8108788927692526
0.0236842105263157,0.0063157894736842,113.0,0.15026810719305958,113.27142857142857,0.12798211165061743,113.70833333333333,0.12444907977471813,113.23255813953489,0.12968012951377528,113.46428571428571,0.1292282633980289,113.23809523809524,0.13380712587624408
0.03,0.0021052631578947,127.8,0.02940745488885061,127.64285714285714,0.027344829834931448,127.54166666666667,0.026637983979800012,127.4186046511628,0.027036263308566358,127.5625,0.027499750330791568,127.53968253968254,0.027635607909239288
-0.0142105263157894,0.031578947368421,32.4,1.1282778236366484,31.185714285714287,1.0936823336115225,31.833333333333332,1.1446684934234346,30.906976744186046,1.069809908781909,31.973214285714285,1.0867506943321479,31.571428571428573,1.1205931392368795
-0.0047368421052631,0.0126315789473684,18.0,1.2455952893519207,16.5,0.9824059074204438,17.333333333333332,0.9737752637450777,16.325581395348838,0.9541516825230287,17.241071428571427,0.9659387749852923,17.365079365079364,0.9608418760537406
-0.0110526315789473,0.0126315789473684,7.2,1.1829688497006634,6.2,0.9096391660131186,6.166666666666667,0.8588850655808076,5.976744186046512,0.9136012929446667,6.830357142857143,0.9333445595167459,6.476190476190476,0.8676081833442613
0.0110526315789473,0.0294736842105263,77.4,0.8491450476269072,74.57142857142857,0.8651497354132743,75.75,0.8500680791878027,74.4186046511628,0.871714691487409,74.875,0.866580067087397,75.12698412698413,0.8925406904960907
-0.0047368421052631,0.0252631578947368,40.0,1.0232792484530864,38.67142857142857,1.0084496956469393,39.083333333333336,1.029266169394707,38.116279069767444,0.9942261904977584,38.767857142857146,1.0491610105445168,38.507936507936506,1.0407017450217804
-0.0205263157894736,0.0126315789473684,1.2,,1.0142857142857142,,0.625,,0.813953488372093,,0.7410714285714286,,1.0158730158730158,1.3921498671842818
0.03,0.0210526315789473,115.8,0.532611115266301,115.9,0.4655675276985431,117.08333333333333,0.4504414020574565,116.27906976744185,0.4521719120264182,116.42857142857143,0.45180956532584743,115.85714285714286,0.4737632467149758
0.0078947368421052,0.0378947368421052,74.8,0.9047538638716898,73.27142857142857,0.9281010267567064,74.5,0.922687648518007,72.88372093023256,0.9350966412775962,73.60714285714286,0.9366390979549125,73.65079365079364,0.9563829228999419
-0.0047368421052631,0.0210526315789473,34.0,1.0503767401993689,32.285714285714285,1.001133193679114,32.833333333333336,1.0804329872961633,32.25581395348837,1.005774281690106,32.75,1.0201414601281724,32.698412698412696,1.023361540456544
0.0268421052631578,0.04,107.8,0.7421901194643891,105.47142857142858,0.7416389785596419,106.70833333333333,0.7342332522227428,104.83720930232558,0.7453903614224135,105.54464285714286,0.7493706573369404,105.11111111111111,0.7787507197166622
0.03,0.0231578947368421,115.2,0.5553197300873108,114.48571428571428,0.5131436560830969,115.875,0.4996496695041077,115.02325581395348,0.4975147323552907,115.125,0.494442755861486,114.52380952380952,0.5205724974376167
-0.001578947368421,0.0189473684210526,38.4,0.9622443056081804,36.142857142857146,0.9620562969062257,36.958333333333336,0.991088165493017,35.44186046511628,0.949302377195726,36.25,0.997918070676349,36.301587301587304,0.9894248880508074
0.0268421052631578,0.0063157894736842,120.4,0.11742044525146018,120.35714285714286,0.1048252641727809,120.70833333333333,0.10239057568123223,120.37209302325581,0.10415712464230906,120.44642857142857,0.10533210276672546,120.25396825396825,0.1080336446606543
0.001578947368421,0.0063157894736842,22.0,0.8570864638361637,20.5,0.835386817934153,20.541666666666668,0.8736658423770912,20.674418604651162,0.8177114086631171,20.848214285714285,0.8370997504151425,20.444444444444443,0.8551537385138057
-0.03,0.0042105263157894,0.0,,0.0,,0.0,,0.0,,0.0,,0.0,
-0.0078947368421052,0.0084210526315789,3.0,0.6805435467853876,2.942857142857143,0.8346277363990843,2.5416666666666665,0.9766442414984212,2.5348837209302326,0.7603934608786808,3.142857142857143,0.811550674593364,2.873015873015873,0.9483100782322531
0.0268421052631578,0.0357894736842105,107.2,0.741272912683096,105.67142857142858,0.7001544482067781,106.79166666666667,0.7052998718113369,105.18604651162791,0.7087081421051799,105.59821428571429,0.7160629006764822,105.07936507936508,0.7482102009659486
0.0142105263157894,0.031578947368421,84.8,0.7941721786862925,81.7,0.8399608099716268,82.95833333333333,0.8228049105123706,81.25581395348837,0.8433272345059503,82.01785714285714,0.8345769335288372,82.22222222222223,0.8755457723169017
-0.0110526315789473,0.0189473684210526,18.6,1.3453365300377946,16.914285714285715,1.0467154375680352,17.916666666666668,1.0250571380624438,16.674418604651162,0.9957386170509905,17.9375,1.023079260699695,17.746031746031747,1.0210116786904906
-0.0110526315789473,0.0084210526315789,1.2,,1.1714285714285715,0.5836257855583692,0.7083333333333334,,0.813953488372093,,0.8571428571428571,,1.0317460317460319,1.259991611143813
0.0078947368421052,0.0357894736842105,74.0,0.8880453686377645,71.77142857142857,0.9216517517767944,73.08333333333333,0.9342225658763592,71.44186046511628,0.9288613638129349,72.40178571428571,0.9272769150903315,72.3015873015873,0.9511318998254331
0.0142105263157894,0.0105263157894736,81.2,0.540847746572702,80.01428571428572,0.512642753264713,80.33333333333333,0.5269569837374338,79.65116279069767,0.5232545371898838,80.00892857142857,0.5211244796960399,79.80952380952381,0.5435025026718106
0.0110526315789473,0.0105263157894736,68.4,0.629089604036321,67.75714285714285,0.6256957061230128,68.625,0.6129080725363388,67.18604651162791,0.6168730057461047,67.9375,0.6246664480988032,67.82539682539682,0.6495521020240139
-0.0205263157894736,0.0168421052631578,4.6,1.262529688123059,4.085714285714285,0.8985591392339123,3.875,0.8053183897330461,3.488372093023256,0.9431833242325738,4.232142857142857,0.9443144357032212,4.222222222222222,0.9891531865744256
0.0047368421052631,0.0,36.0,0.0007235890014473278,36.0,0.0007235890014474915,36.0,0.0007235890014470984,36.0,0.0007235890014474186,36.0,0.000723589001447293,36.0,0.000723589001447335
-0.0173684210526315,0.04,38.4,1.1369377162764909,36.957142857142856,1.1096889895516249,37.333333333333336,1.1444533382370992,36.651162790697676,1.082784951726914,37.535714285714285,1.1262894617914028,37.19047619047619,1.137856154307963
-0.0110526315789473,0.0294736842105263,34.6,1.1098801771092448,33.05714285714286,1.067591531416132,33.75,1.1271157544764134,32.81395348837209,1.0490524097572964,33.82142857142857,1.0808038195237046,33.507936507936506,1.0964472749512901
0.03,0.031578947368421,112.8,0.6771834171041147,111.34285714285714,0.627724707524907,112.58333333333333,0.6286377797700128,111.25581395348837,0.6282691032536785,111.90178571428571,0.6277608363917067,111.36507936507937,0.6558795312238835
-0.0268421052631578,0.0231578947368421,7.6,1.2678192875640262,6.628571428571429,0.9742347972531629,6.375,0.967561890292339,6.023255813953488,1.076262164784265,7.276785714285714,1.006017274543318,6.904761904761905,0.9537156159496556
-0.001578947368421,0.031578947368421,54.4,1.0104568736357868,51.84285714285714,0.9998630211843418,52.916666666666664,1.0325166021797392,51.72093023255814,1.0082121071560408,51.875,1.0250025973585597,51.76190476190476,1.0329882200427132
0.0205263157894736,0.0189473684210526,96.2,0.6797580620407003,95.22857142857143,0.5880193021237008,95.95833333333333,0.5881820525365392,95.25581395348837,0.5841235876318183,95.53571428571429,0.5847606733859964,95.11111111111111,0.6166256557029326
0.0268421052631578,0.031578947368421,107.0,0.7603522573013988,105.84285714285714,0.6592014952969969,107.125,0.6600274224297801,105.67441860465117,0.6651260637398844,106.02678571428571,0.6690209862332213,105.76190476190476,0.7019708819050963
-0.03,0.0336842105263157,17.0,1.374807377157261,15.657142857142857,1.0969405698122017,16.666666666666668,1.052839415859786,15.604651162790697,1.034606748756722,16.714285714285715,1.1057980999322958,16.365079365079364,1.0786882601783676
0.0047368421052631,0.0168421052631578,52.0,0.867368677603444,49.82857142857143,0.8797703701923414,50.541666666666664,0.8793672535654519,50.2093023255814,0.8635098473638005,49.99107142857143,0.890852454009149,50.0,0.8948516881922501
-0.001578947368421,0.0126315789473684,26.2,0.9751225646236914,24.62857142857143,0.9579031158671881,24.916666666666668,0.988357146616722,24.558139534883722,0.9218769151516611,25.160714285714285,0.9511494637088803,24.6984126984127,0.966784542798484
-0.0078947368421052,0.0105263157894736,7.2,1.1824122881696353,6.4,0.8944270785802382,6.583333333333333,0.8579183069618002,6.116279069767442,0.901218366835799,7.026785714285714,0.8966396762059139,6.825396825396825,0.8533960708178875
-0.0268421052631578,0.0042105263157894,0.0,,0.0,,0.0,,0.0,,0.0,,0.0,
0.0173684210526315,0.0,99.0,0.002417967903575927,99.0,0.0024162405414296325,99.0,0.0024159526477385835,99.0,0.0024159526477385835,99.0,0.0024159526477385835,99.0,0.0024159526477385835
0.0236842105263157,0.0378947368421052,102.8,0.7893389577390248,100.05714285714286,0.7579653482087569,101.375,0.755979126319598,100.04651162790698,0.7643302724006543,100.05357142857143,0.7726710741145367,100.2063492063492,0.7936974330433747
-0.0142105263157894,0.0189473684210526,14.0,1.2787656733198616,12.6,1.0174677576606277,13.166666666666666,0.9833180494952898,12.465116279069768,0.9493571153509873,13.526785714285714,1.018793567458292,13.174603174603174,0.9850765362260077
-0.0142105263157894,0.0378947368421052,41.2,1.110666597469216,38.714285714285715,1.096513124578113,39.208333333333336,1.1149963517981385,38.46511627906977,1.0689499083219443,39.348214285714285,1.1127044499241132,39.23809523809524,1.1048172373866876
-0.0142105263157894,0.0147368421052631,7.0,1.205130736150418,6.085714285714285,0.8997151377999802,6.125,0.8982035936972291,5.813953488372093,0.9574296074527429,6.758928571428571,0.9572068487843371,6.301587301587301,0.884538724379873
-0.0173684210526315,0.0378947368421052,36.2,1.1486551250012687,34.457142857142856,1.1080928400047807,35.0,1.1445761691228824,34.0,1.0803347813109678,35.205357142857146,1.1162343131279597,34.96825396825397,1.1343481021427353
0.0047368421052631,0.0063157894736842,38.0,0.7475414600452203,36.65714285714286,0.7218786206975795,37.0,0.7291170134296991,36.325581395348834,0.7034537671577672,36.535714285714285,0.7229227936248408,36.20634920634921,0.7462569899518277
0.0173684210526315,0.0252631578947368,88.4,0.7476903602418734,86.77142857142857,0.7363667647689097,87.70833333333333,0.7414628971057682,86.69767441860465,0.7401503628018232,86.98214285714286,0.7413037183090232,87.19047619047619,0.7696177562076835
-0.0142105263157894,0.0042105263157894,0.0,,0.0,,0.0,,0.0,,0.0,,0.0,
-0.0173684210526315,0.0168421052631578,7.0,1.2058367271583559,6.185714285714286,0.9490223538697018,6.125,0.924772913681864,5.744186046511628,0.9625661342267788,6.830357142857143,0.9694599907079874,6.396825396825397,0.9070494502397196
0.0110526315789473,0.0168421052631578,70.6,0.7343411592556841,68.81428571428572,0.7571557861516739,69.83333333333333,0.7408625622288688,68.4186046511628,0.755490322253727,69.03571428571429,0.7561877795607617,68.93650793650794,0.7828021652210969
-0.0078947368421052,0.0042105263157894,0.0,,0.014285714285714285,,0.041666666666666664,,0.0,,0.008928571428571428,,0.031746031746031744,
0.0268421052631578,0.0147368421052631,113.8,0.43258576366889584,114.0,0.3487759999596598,114.58333333333333,0.3349042914805707,113.76744186046511,0.34853885074138,114.05357142857143,0.35098450661236036,113.68253968253968,0.3686376068892183
0.0110526315789473,0.0021052631578947,74.8,0.12449971444307477,74.84285714285714,0.11151792381185759,74.875,0.10797722006715703,74.83720930232558,0.11144792744922882,74.9375,0.11284183779800021,74.84126984126983,0.11498503890177812
-0.0047368421052631,0.0168421052631578,27.4,1.011622970692633,25.085714285714285,0.9984281164004569,25.416666666666668,1.0358712157528969,24.976744186046513,0.9887530605680801,25.732142857142858,1.0090813903046547,25.333333333333332,1.014396737049293
0.0110526315789473,0.031578947368421,78.4,0.8614047980682067,75.61428571428571,0.8730644869699794,77.04166666666667,0.8749920775360366,75.34883720930233,0.8829732003973417,75.83035714285714,0.879806531915839,76.07936507936508,0.9050447736044611
-0.03,0.0231578947368421,5.4,1.3088891421796405,4.8428571428571425,0.9837128533675646,4.458333333333333,0.8965697277099095,4.209302325581396,0.9902305954989572,5.133928571428571,0.9751136290262932,5.111111111111111,1.0027107436506955
-0.0236842105263157,0.0126315789473684,0.2,,0.38571428571428573,,0.2916666666666667,,0.3488372093023256,,0.35714285714285715,,0.5396825396825397,0.9836746486802207
0.03,0.0357894736842105,112.4,0.7203650739026938,110.54285714285714,0.6684877009918084,111.83333333333333,0.6709608563559825,110.6046511627907,0.6686557101050553,111.13392857142857,0.6718015329415082,110.41269841269842,0.7004364430833383
0.0236842105263157,0.0252631578947368,102.0,0.6800877624826305,100.61428571428571,0.6344800971764387,102.04166666666667,0.6269067788668664,101.0,0.6294501520308411,101.13392857142857,0.6373195176780743,100.58730158730158,0.6771990698146646
0.0078947368421052,0.0231578947368421,65.4,0.8340597847607139,63.7,0.8692152258055167,65.41666666666667,0.8709493056685157,63.81395348837209,0.85888102246174,64.25,0.8739943598144048,64.34920634920636,0.8962786375824212
-0.0047368421052631,0.0273684210526315,43.6,0.990443022396662,41.05714285714286,1.0144813989134527,42.25,1.0368564359207828,41.16279069767442,0.9909343315810267,41.50892857142857,1.0421338217767215,41.333333333333336,1.038994411341162
-0.0047368421052631,0.0084210526315789,8.0,1.1112478716856926,7.1,0.8792583013148453,7.333333333333333,0.7981735787649049,6.906976744186046,0.8735184061153675,7.571428571428571,0.8966130445541336,7.507936507936508,0.8235354647032965
-0.03,0.0063157894736842,0.0,,0.0,,0.0,,0.0,,0.0,,0.0,
-0.0268421052631578,0.0210526315789473,5.0,1.3068863996996825,4.571428571428571,0.9483479452466954,4.333333333333333,0.8851965771031256,4.0,0.9155475291625887,4.892857142857143,0.9685746257887095,4.809523809523809,0.9990486645371042
0.0047368421052631,0.0378947368421052,69.8,0.9747872925285304,67.82857142857142,0.9554435897819799,69.29166666666667,0.9644657168469416,67.88372093023256,0.9510836657968247,68.03571428571429,0.9719668513112785,68.66666666666667,0.9909690503684357
-0.03,0.0189473684210526,2.2,,1.9142857142857144,1.0130702497595556,1.2083333333333333,,1.5348837209302326,0.5071897619040708,1.9107142857142858,0.9344849199712506,2.0476190476190474,1.180504162691172
-0.0047368421052631,0.0147368421052631,22.8,1.0131798280284299,21.02857142857143,0.9919347051138729,21.583333333333332,1.0338190325291599,21.046511627906977,0.9730593484811887,21.964285714285715,1.0048845062024543,21.22222222222222,0.9892811809598694
0.0047368421052631,0.0189473684210526,55.0,0.8899631816174903,52.2,0.8994710960879075,53.083333333333336,0.8950293283480296,52.372093023255815,0.8731167216856104,52.276785714285715,0.908933224653212,52.41269841269841,0.9063348287889903
-0.0142105263157894,0.0084210526315789,0.2,,0.3,,0.125,,0.27906976744186046,,0.26785714285714285,,0.3968253968253968,
-0.001578947368421,0.0021052631578947,0.0,,0.02857142857142857,,0.08333333333333333,,0.023255813953488372,,0.026785714285714284,,0.07936507936507936,
0.0047368421052631,0.0273684210526315,62.2,0.9349526390758852,59.97142857142857,0.9307978290532845,61.416666666666664,0.9298934663968451,59.74418604651163,0.9283805230322241,60.32142857142857,0.9382765417128934,60.36507936507937,0.9666983899730639
