ou_mean,ou_std,IT2_r,IT2_cv,IT3_r,IT3_cv
-0.0142105263157894,0.0313157894736842,1.4541420118343196,0.8476007178640341,0.7479264738847792,0.7666898046008115
0.0089473684210526,0.0092105263157894,6.569156804733728,0.5538450494568729,2.9842243891504148,0.6988525369365827
0.0147368421052631,0.0257894736842105,23.747041420118343,0.6008014909398438,19.09260815960547,0.6011779027547683
0.0234210526315789,0.0092105263157894,31.34689349112426,0.29811457522886337,25.16761936785474,0.31116363216146337
0.0031578947368421,0.0221052631578947,7.524408284023669,0.7257381162638779,4.6840674736606145,0.7607837705518277
-0.0171052631578947,0.0055263157894736,0.0,,0.0,
-0.0084210526315789,0.0221052631578947,0.7244822485207101,0.7588825920380432,0.2349249047298812,0.7146903326976763
-0.0113157894736842,0.0239473684210526,0.558801775147929,0.7565413078234137,0.18748598968841068,0.7349397770573747
0.0060526315789473,0.0128947368421052,4.876109467455621,0.6824978885349345,2.202000672494956,0.7607891564875553
0.0147368421052631,0.0221052631578947,22.278846153846153,0.563320754258014,17.621525442725847,0.5616490734322521
0.0321052631578947,0.0221052631578947,44.342455621301774,0.5324804440853041,35.984448554135845,0.6919335255043741
0.0176315789473684,0.0257894736842105,27.505177514792898,0.5745013868069031,22.53513786146604,0.5766145389549818
0.0292105263157894,0.035,41.62869822485207,0.5577560589746409,35.976602779645816,0.5655915729241667
0.0321052631578947,0.0147368421052631,42.14497041420118,1.009925232980614,14.71780430396772,2.56593448538675
-0.0171052631578947,0.0092105263157894,0.0,,0.0,
0.0118421052631579,0.0276315789473684,20.74112426035503,0.6420709850692622,16.434263618022865,0.6449819102569992
0.0263157894736842,0.0202631578947368,37.92973372781065,0.47973797430495124,31.55520062766196,0.5054482085205678
-0.0084210526315789,0.0276315789473684,2.271449704142012,0.8571219740908137,1.17224277067922,0.7961946859911379
-0.0084210526315789,0.0018421052631578,0.0,,0.0,
-0.0055263157894736,0.0128947368421052,0.010724852071005916,,0.0006444743331091683,
0.035,0.016578947368421,40.08210059171598,1.3151894874396757,12.808675184936114,2.3144592276333973
0.0118421052631579,0.0331578947368421,22.953772189349113,0.6742125285565413,18.65571060300381,0.681024419378717
-0.02,0.0,0.0,,0.0,
0.0089473684210526,0.0257894736842105,16.254437869822485,0.6586765335383523,12.359896884106703,0.6665402640452244
0.0089473684210526,0.0331578947368421,19.63276627218935,0.7031617634276643,15.656523201075991,0.7090430193351159
-0.0026315789473684,0.0257894736842105,4.629437869822485,0.8005703367035956,2.6677314503474556,0.8185906422226735
0.0089473684210526,0.035,20.407544378698226,0.7113781533738258,16.425016812373908,0.7172613739025103
0.0147368421052631,0.0092105263157894,16.63609467455621,0.31714592106922723,12.293347904057386,0.32200528429410896
0.035,0.0331578947368421,46.005917159763314,0.5464090285470362,39.43286258686393,0.5744363016426584
-0.0084210526315789,0.0184210526315789,0.16087278106508876,0.5938452786640251,0.03104685048195472,0.8329243444196555
0.0031578947368421,0.0036842105263157,0.0,,0.0,
0.0176315789473684,0.0202631578947368,25.70414201183432,0.5197720362750027,20.64651983860121,0.5153810104603569
-0.0171052631578947,0.0184210526315789,0.0025887573964497044,,0.00025218560860793546,
0.0205263157894736,0.0221052631578947,30.357618343195266,0.521460891870857,24.96511432414257,0.5215484793669724
-0.0171052631578947,0.0147368421052631,0.0,,0.0,
-0.0171052631578947,0.0239473684210526,0.09208579881656805,,0.020931405514458643,
0.0002631578947368,0.0036842105263157,0.0,,0.0,
0.0147368421052631,0.0110526315789473,17.36094674556213,0.3667317215270248,12.950347455727416,0.36439070091425313
0.0234210526315789,0.0294736842105263,35.37980769230769,0.5606761036988573,29.986325935888814,0.5659100356836151
0.0002631578947368,0.016578947368421,1.857248520710059,0.804142725673887,0.6489015915713966,0.7240176996289714
0.0234210526315789,0.0331578947368421,35.91863905325444,0.5811726315876337,30.661314727639542,0.5868196177683933
-0.0171052631578947,0.0128947368421052,0.0,,0.0,
-0.02,0.016578947368421,0.0,,0.0,
0.0002631578947368,0.0221052631578947,4.818786982248521,0.7716160288031902,2.668936337144138,0.8017385192304574
-0.0026315789473684,0.0073684210526315,0.0,,0.0,
0.035,0.035,46.031065088757394,0.5483322303653277,39.621301277740415,0.5698413807304673
-0.0026315789473684,0.0221052631578947,2.827292899408284,0.8173072693990309,1.3363035193902713,0.7925857504772754
0.035,0.0110526315789473,4.3073224852071,2.9337190706330043,0.1242434431741762,1.1481395609462681
0.0292105263157894,0.0110526315789473,39.86390532544379,0.8815952192202017,14.983243667339162,1.8924163473272468
0.0234210526315789,0.0055263157894736,30.38498520710059,0.18148002986003398,24.407980273481282,0.1626762977670863
0.0031578947368421,0.0276315789473684,10.636834319526628,0.7409434349937375,7.484728760367631,0.7570923608094423
0.0292105263157894,0.0184210526315789,41.63720414201183,0.483309989835303,33.54783120376597,0.6744593235964498
-0.0026315789473684,0.0313157894736842,7.438239644970414,0.8080727526280079,4.971082716879623,0.8195990879864262
-0.0171052631578947,0.0073684210526315,0.0,,0.0,
-0.0142105263157894,0.0221052631578947,0.10909763313609468,,0.02370544720914593,
-0.0084210526315789,0.0036842105263157,0.0,,0.0,
0.0321052631578947,0.0184210526315789,44.25665680473373,0.5879225562496769,32.05517260703878,1.1848899446364425
-0.0026315789473684,0.0294736842105263,6.5107248520710055,0.8036973989910046,4.1844877830082945,0.8197194734147852
-0.0084210526315789,0.0331578947368421,4.436760355029586,0.8587020188095461,2.779926025554808,0.8516884682964061
-0.0084210526315789,0.0202631578947368,0.375,0.6929132488747561,0.1003698722259583,0.8574076205258776
-0.0113157894736842,0.0313157894736842,2.382766272189349,0.877128923447405,1.3212284241201524,0.8187160714584417
0.0263157894736842,0.0276315789473684,38.423816568047336,0.5342176233184409,32.61023313158485,0.5420021631547232
-0.0142105263157894,0.0276315789473684,0.7189349112426036,0.7816982109230691,0.2857543151759695,0.7287447500497095
0.0176315789473684,0.0276315789473684,28.055473372781066,0.5892747837439745,23.124635731898678,0.5923142027841373
-0.02,0.0331578947368421,0.6893491124260355,0.7977786276732407,0.31072069042815514,0.7415957415813264
0.0089473684210526,0.0110526315789473,7.85207100591716,0.541093109933522,4.318818650526787,0.651677366884016
0.0205263157894736,0.0294736842105263,32.02181952662722,0.5797325380562643,26.901899798251513,0.5846438270905442
0.0263157894736842,0.0294736842105263,38.563239644970416,0.5456695481034272,32.849164985429276,0.5516916730866745
0.0292105263157894,0.0202631578947368,41.55769230769231,0.49099366281374146,34.20356982739296,0.5854755153931857
0.0321052631578947,0.0313157894736842,44.01294378698225,0.535336501376524,37.678491369648064,0.5580559203917115
-0.0142105263157894,0.035,2.4656065088757395,0.8955609106326086,1.4423615781214973,0.8390683589971294
0.0031578947368421,0.0110526315789473,0.8757396449704142,0.7452287557982176,0.1459594261376373,0.749859092441107
0.0031578947368421,0.0239473684210526,8.599852071005918,0.7284687084675078,5.633266083837705,0.7570069439436456
0.0205263157894736,0.0018421052631578,25.19637573964497,0.05949918515325357,19.895791302398564,0.05365269367495502
0.0205263157894736,0.0055263157894736,25.412352071005916,0.1763132743587814,20.092580138982292,0.15953251339993235
0.0089473684210526,0.0313157894736842,18.84948224852071,0.6945735508256913,14.874299484420533,0.6995982049707199
0.0292105263157894,0.016578947368421,41.61279585798817,0.48406086907087037,32.12981954718673,0.900288024600751
0.0118421052631579,0.0,8.375,0.0003056055889411707,0.0,
-0.0055263157894736,0.016578947368421,0.20636094674556213,0.7005304931714715,0.03653889262497198,0.7897722592024456
-0.0026315789473684,0.0202631578947368,1.9881656804733727,0.8176586915625631,0.8208921766420085,0.7499441785398467
0.0031578947368421,0.0257894736842105,9.624260355029586,0.7318678247042892,6.564335350818202,0.7555456870743814
0.0321052631578947,0.0018421052631578,37.45155325443787,0.06881857367098425,37.677314503474555,0.06706969442774414
0.0002631578947368,0.0276315789473684,7.9234467455621305,0.7698428343731474,5.205615332885003,0.7936597911735894
-0.0113157894736842,0.016578947368421,0.010724852071005916,,0.0009807218112530822,
0.0031578947368421,0.0018421052631578,0.0,,0.0,
0.0060526315789473,0.0239473684210526,11.781065088757396,0.685369397130677,8.330643353508181,0.7043249478724487
0.035,0.0073684210526315,0.5695266272189349,0.2693027413630555,0.6379735485317194,0.274011046796184
0.0292105263157894,0.0,40.125,0.00200286456596361,33.0,0.0010080441082400491
-0.0055263157894736,0.0055263157894736,0.0,,0.0,
0.0321052631578947,0.0,45.5,0.0014817275942249964,37.875,0.0009495410896202041
0.0089473684210526,0.0,0.0,,0.0,
-0.0171052631578947,0.0202631578947368,0.009985207100591717,,0.001373010535754315,
-0.0055263157894736,0.0184210526315789,0.5122041420118343,0.737991252175996,0.12606478368078905,0.6594761922726583
0.0263157894736842,0.0055263157894736,35.52847633136095,0.1898573511875592,28.94168908316521,0.17620947149287872
0.0176315789473684,0.016578947368421,24.305473372781066,0.46572380305694594,19.27109952925353,0.4579166304635771
0.0002631578947368,0.0257894736842105,6.886094674556213,0.7719424460874811,4.346082716879623,0.7947235438406968
0.0234210526315789,0.0,30.125,0.0009877319934442973,24.148593364716433,0.0009458187360904091
0.0205263157894736,0.0184210526315789,29.370931952662723,0.480508932353974,23.89066352835687,0.47649653209769194
0.035,0.0092105263157894,0.7818047337278107,1.9147849430486075,0.24277067921990586,0.3651595974723928
-0.02,0.0036842105263157,0.0,,0.0,
0.0002631578947368,0.0092105263157894,0.015162721893491124,,0.00028020623178659493,
0.0118421052631579,0.0036842105263157,9.21042899408284,0.2788907415586772,3.747450123290742,0.5527988475384937
0.0060526315789473,0.0147368421052631,6.144970414201183,0.6631262225325557,3.2726406635283567,0.7373368346002106
-0.0026315789473684,0.0018421052631578,0.0,,0.0,
0.0292105263157894,0.0221052631578947,41.4737426035503,0.49807790365013505,34.56727751625196,0.5519040846834695
0.0147368421052631,0.0,15.25,0.0003800713233070197,10.75,1.9578957432111515e-15
0.0263157894736842,0.0184210526315789,37.76516272189349,0.4660443410828064,31.217580138982292,0.5041397303650418
-0.02,0.0073684210526315,0.0,,0.0,
0.0031578947368421,0.0294736842105263,11.639792899408285,0.7458852303464041,8.389122394082044,0.7598736613198864
-0.02,0.0294736842105263,0.2636834319526627,0.8025488981659168,0.10247141896435777,0.8575167039625219
0.0031578947368421,0.0313157894736842,12.593565088757396,0.7503250520875481,9.280458417395202,0.7636937123725581
0.0205263157894736,0.0128947368421052,27.589127218934912,0.3873883071300514,22.09075879847568,0.37585748530639007
0.0147368421052631,0.016578947368421,19.860207100591715,0.48480839853799396,15.277320107599193,0.47996927437791936
0.0031578947368421,0.0128947368421052,1.8284023668639053,0.7918019799651742,0.5113203317641785,0.7092867044526363
0.0089473684210526,0.0276315789473684,17.172337278106507,0.673836618100203,13.232150863035194,0.6782225038480311
-0.02,0.0221052631578947,0.008875739644970414,,0.0014570724052902937,
0.0234210526315789,0.0036842105263157,30.148668639053255,0.1187756530239329,24.211863931853845,0.105296697988187
-0.0171052631578947,0.0331578947368421,1.1730769230769231,0.8395450289469018,0.5979600986325936,0.7569601903401333
-0.0142105263157894,0.0257894736842105,0.4286242603550296,0.7404813333744136,0.15133938578793993,0.7476108943911879
-0.0055263157894736,0.0313157894736842,5.386834319526627,0.827528338809265,3.399770230889935,0.8379507358006884
0.035,0.0239473684210526,45.86094674556213,0.5933042223124648,36.68625308226855,0.8003370163377678
0.0321052631578947,0.0202631578947368,44.36057692307692,0.5494873095064071,34.70427034297243,0.8533129135750042
0.0089473684210526,0.0073684210526315,5.006286982248521,0.597184754245811,1.5111802286482852,0.7435333362492348
-0.0026315789473684,0.0239473684210526,3.702292899408284,0.8092436511251795,1.9712788612418741,0.8143573003490898
-0.0142105263157894,0.0055263157894736,0.0,,0.0,
0.035,0.0313157894736842,45.98594674556213,0.5463876841172717,39.190904505716205,0.5837016238331463
0.0060526315789473,0.0073684210526315,0.757396449704142,0.7251573988393443,0.05141784353284017,0.7910123222192138
-0.02,0.0276315789473684,0.14977810650887574,0.5937517668957719,0.04643017260703878,0.790310110863043
0.0031578947368421,0.0092105263157894,0.2455621301775148,0.6764849419585813,0.016756332660838376,
-0.0026315789473684,0.035,9.2448224852071,0.8113196851075744,6.575011208249271,0.8215305535696402
0.0263157894736842,0.0092105263157894,36.446005917159766,0.33192662443019605,27.50313830979601,0.38688134623244697
-0.0055263157894736,0.0221052631578947,1.4981508875739644,0.8189618921557051,0.5979600986325936,0.726124401847561
-0.02,0.0313157894736842,0.444896449704142,0.7709937101837806,0.18611297915265634,0.7734566328336423
0.0089473684210526,0.0221052631578947,14.340606508875739,0.6280118678948077,10.541918852275275,0.639784191819345
0.0292105263157894,0.0147368421052631,41.56804733727811,0.4985829099736005,28.60827168796234,1.432021985052799
0.0321052631578947,0.0110526315789473,25.575443786982248,3.119265055594395,2.6384498991257566,1.7752373823985366
0.0205263157894736,0.016578947368421,28.812130177514792,0.454517378546809,23.317193454382426,0.448724439527529
0.0031578947368421,0.0331578947368421,13.506656804733728,0.7581261791909937,10.153749159381304,0.7685555837838951
0.0002631578947368,0.0313157894736842,9.853920118343195,0.7776107264811795,6.938802958977807,0.7930921490138123
-0.0084210526315789,0.035,5.2233727810650885,0.8521220823219103,3.402067921990585,0.8560944463131032
0.035,0.0018421052631578,0.15347633136094674,0.06691473764264627,1.979012553239184,0.07449798181020448
0.0147368421052631,0.0147368421052631,19.036242603550296,0.45074455602382724,14.475678099080923,0.4450244821649097
0.0234210526315789,0.035,36.19711538461539,0.5902169985250394,30.987194575207354,0.5960211545155263
0.0205263157894736,0.0239473684210526,30.810650887573964,0.5387930725312408,25.47466935664649,0.5402001994623589
0.0205263157894736,0.0276315789473684,31.649778106508876,0.5682005933642791,26.434711947993723,0.5713408867537005
-0.0055263157894736,0.0147368421052631,0.06656804733727811,,0.006332660838377045,
-0.0084210526315789,0.0,0.0,,0.0,
-0.02,0.0092105263157894,0.0,,0.0,
0.0031578947368421,0.0184210526315789,5.252958579881657,0.7285758008518287,2.8224333109168347,0.7779585636727758
0.0292105263157894,0.0331578947368421,41.562869822485204,0.5498474586539552,35.792283120376595,0.5588183277292444
0.0002631578947368,0.0147368421052631,1.0539940828402368,0.7604808473276194,0.2676810132257341,0.6690433509870468
0.0205263157894736,0.035,33.13720414201183,0.6102632361157669,28.200963909437345,0.6170814888079353
0.0263157894736842,0.016578947368421,37.655325443786985,0.44554692715688987,30.825571620712843,0.5196904863755831
-0.0084210526315789,0.0257894736842105,1.6871301775147929,0.8378952399961355,0.777572293207801,0.7577394169810711
0.0263157894736842,0.0257894736842105,38.22263313609467,0.5225418127026655,32.358776059179554,0.5316133469915734
0.0205263157894736,0.0073684210526315,25.77144970414201,0.2374233457790477,20.394978704326384,0.2165476711484694
0.0176315789473684,0.0294736842105263,28.57248520710059,0.6019555678447219,23.69482739296122,0.6066189703657443
0.0234210526315789,0.0018421052631578,30.07507396449704,0.05901718040940276,24.14696816857207,0.05236644659451258
0.0089473684210526,0.0036842105263157,0.702292899408284,0.7235577053016424,0.002942165433759247,
0.0176315789473684,0.0092105263157894,21.433431952662723,0.2960207111608501,16.57677650750953,0.2797222799617848
-0.0055263157894736,0.0110526315789473,0.0011094674556213018,,0.0,
0.0234210526315789,0.0147368421052631,32.9219674556213,0.4178695853320913,26.82882201300157,0.4272966668969185
-0.0113157894736842,0.035,3.660872781065089,0.8764663502009589,2.2821396547859223,0.8587789625674351
0.0205263157894736,0.0110526315789473,26.9375,0.34453982934630567,21.479432862586865,0.32984495554806215
0.0263157894736842,0.0,35.10539940828402,0.001356142646814852,28.5,0.0008470066152453569
0.0089473684210526,0.0018421052631578,0.0003698224852071006,,0.0,
0.0089473684210526,0.016578947368421,11.247411242603551,0.5749683337055832,7.636824702981395,0.6094880123818165
-0.0113157894736842,0.0294736842105263,1.8239644970414202,0.85799061660681,0.9341795561533288,0.7851499591457781
-0.0026315789473684,0.0110526315789473,0.010724852071005916,,0.0005604124635731899,
0.0060526315789473,0.0092105263157894,2.0366124260355027,0.7672415236281107,0.4033008294104461,0.6871713264706055
-0.0142105263157894,0.0,0.0,,0.0,
-0.02,0.0257894736842105,0.07803254437869822,,0.01829746693566465,
-0.02,0.0055263157894736,0.0,,0.0,
0.0060526315789473,0.0184210526315789,8.522559171597633,0.659268095951726,5.374915938130464,0.7033807731888551
0.0089473684210526,0.0294736842105263,18.03069526627219,0.6849922204484218,14.060776731674512,0.6892791103887785
-0.0171052631578947,0.0257894736842105,0.1804733727810651,0.6246367038540754,0.056097287603676306,0.7904480753856049
-0.0142105263157894,0.0294736842105263,1.0425295857988166,0.8145029667309214,0.48268325487558844,0.7394548775079219
-0.0055263157894736,0.0331578947368421,6.227440828402367,0.8290353262326546,4.10390047074647,0.8412952640172288
-0.0084210526315789,0.0110526315789473,0.0,,0.0,
-0.0142105263157894,0.0073684210526315,0.0,,0.0,
0.0292105263157894,0.0092105263157894,36.92640532544379,1.1209433702633316,21.021912127325713,0.4405522503856195
0.0321052631578947,0.0073684210526315,18.870192307692307,0.31662176898552485,14.323974445191661,0.26766121464497655
0.0031578947368421,0.0147368421052631,2.951183431952663,0.7693806764228165,1.130267877157588,0.7649965632257909
0.0118421052631579,0.035,23.631656804733726,0.6839154768423453,19.348212284241203,0.6907086715887493
0.0147368421052631,0.0055263157894736,15.590606508875739,0.21271783862792823,11.341459314055145,0.2310555643499843
-0.0084210526315789,0.0073684210526315,0.0,,0.0,
-0.0171052631578947,0.0,0.0,,0.0,
-0.0113157894736842,0.0147368421052631,0.0018491124260355029,,0.00011208249271463797,
-0.0171052631578947,0.0018421052631578,0.0,,0.0,
0.0031578947368421,0.0073684210526315,0.02625739644970414,,0.0003362474781439139,
0.0002631578947368,0.0184210526315789,2.793639053254438,0.8013306314352521,1.200627661959202,0.7773973570155159
0.0176315789473684,0.0184210526315789,25.00776627218935,0.4940429964912959,19.966739520286932,0.48904107118307466
0.035,0.0,0.0,,0.0,
-0.0026315789473684,0.0128947368421052,0.08468934911242604,,0.006696928939699619,
0.0060526315789473,0.0110526315789473,3.4937130177514795,0.7246465966732194,1.1788276171262049,0.7581437976394807
-0.0026315789473684,0.0036842105263157,0.0,,0.0,
0.0118421052631579,0.0202631578947368,17.36575443786982,0.5691430666941705,13.150330643353508,0.5730362479674944
-0.02,0.035,0.9508136094674556,0.831793470652928,0.4813102443398341,0.7565022075245899
-0.0084210526315789,0.0055263157894736,0.0,,0.0,
-0.0171052631578947,0.0276315789473684,0.33912721893491127,0.7655569998789307,0.12415938130464022,0.5842406929241476
-0.0055263157894736,0.0239473684210526,2.143491124260355,0.8372515698973488,0.9986550100874243,0.7749944962027777
0.0147368421052631,0.0239473684210526,23.02921597633136,0.5844378476582204,18.36701412239408,0.5826515812812546
-0.0142105263157894,0.0036842105263157,0.0,,0.0,
0.0263157894736842,0.0147368421052631,37.47226331360947,0.4212538984254459,30.220382201300158,0.5824249535862799
0.0321052631578947,0.0331578947368421,44.00258875739645,0.5422646707247687,37.85067809908092,0.5585561571658993
-0.0171052631578947,0.0221052631578947,0.03698224852071006,,0.006164537099305089,
0.0263157894736842,0.0018421052631578,35.055473372781066,0.061572669206340205,28.525022416498544,0.05450743505266969
-0.02,0.0147368421052631,0.0,,0.0,
0.0147368421052631,0.0073684210526315,16.042529585798817,0.26583717609747093,11.757481506388702,0.2791749148973953
0.0002631578947368,0.0239473684210526,5.856878698224852,0.7680934301269293,3.487502802062318,0.7983946795454673
-0.0055263157894736,0.0202631578947368,0.9245562130177515,0.7732654050813349,0.3028749159381305,0.6894150131558665
-0.0113157894736842,0.0221052631578947,0.2932692307692308,0.8079572627072252,0.0823245908989016,0.8574121807470978
0.0292105263157894,0.0294736842105263,41.43454142011834,0.5331273220050614,35.425016812373904,0.5464631248711251
0.0002631578947368,0.0,0.0,,0.0,
0.0176315789473684,0.0110526315789473,22.118343195266274,0.34891316560183594,17.177006276619593,0.3323835022909034
0.0118421052631579,0.0257894736842105,19.943417159763314,0.6272426352850436,15.656971531046851,0.6298985700403406
0.0234210526315789,0.0202631578947368,33.99371301775148,0.4893026436849445,28.13021183591123,0.4915089550975828
0.0002631578947368,0.0331578947368421,10.79215976331361,0.7855888235317555,7.795281327056713,0.7953689504593192
0.0234210526315789,0.0073684210526315,30.81139053254438,0.2428065830371341,24.769054023761488,0.22492563606398477
0.0234210526315789,0.016578947368421,33.2862426035503,0.4453185930482183,27.28737951132033,0.45083481620284777
0.0234210526315789,0.0128947368421052,32.424926035502956,0.38364511725794864,26.30979600986326,0.4060678553559249
0.0031578947368421,0.016578947368421,4.101701183431953,0.7476608455985688,1.934655906747366,0.7855939638864528
-0.0026315789473684,0.016578947368421,0.7078402366863905,0.7447328834365484,0.17042143017260705,0.7274780613569354
0.0263157894736842,0.0036842105263157,35.19156804733728,0.12484950669183142,28.638898229096615,0.11194213552017754
0.0089473684210526,0.0128947368421052,9.072485207100591,0.5453193547367023,5.508686393185385,0.6217341655634382
0.0263157894736842,0.0073684210526315,35.922707100591715,0.25017004567579254,28.973800717327954,0.24114469328613838
0.0263157894736842,0.0239473684210526,38.134245562130175,0.5087778046234089,32.10474108944183,0.5211538699473645
0.0147368421052631,0.0294736842105263,25.0625,0.6276147728649852,20.439279309571845,0.6310281446363513
0.0060526315789473,0.0202631578947368,9.63905325443787,0.6649153450044889,6.3807442277516255,0.6995151979895081
0.0089473684210526,0.0055263157894736,2.996301775147929,0.6868656471597427,0.3195752073526115,0.6739181546826531
0.0234210526315789,0.0257894736842105,34.86723372781065,0.5365167256818584,29.278693118134946,0.5404079033875071
-0.0055263157894736,0.0257894736842105,2.913091715976331,0.8343710555060315,1.499103340058283,0.8104638383896353
0.0002631578947368,0.0018421052631578,0.0,,0.0,
0.0292105263157894,0.0018421052631578,40.2085798816568,0.0651271401074191,33.12457969065232,0.059727847127975506
-0.0113157894736842,0.0110526315789473,0.0,,0.0,
-0.0142105263157894,0.0110526315789473,0.0,,0.0,
0.0118421052631579,0.0073684210526315,10.86094674556213,0.3586876408412792,6.684291638646044,0.4620380182148746
0.0002631578947368,0.0128947368421052,0.46671597633136097,0.746015720615091,0.07268549652544272,0.7906878593156663
0.0205263157894736,0.0147368421052631,28.203032544378697,0.4231145887336551,22.712452364940596,0.41502429310552974
0.0205263157894736,0.0036842105263157,25.239275147928993,0.11776119246395432,19.950739744451916,0.10646485033678758
0.035,0.0257894736842105,45.91087278106509,0.5671970804741795,37.76384218785026,0.6949192607733242
0.0089473684210526,0.0239473684210526,15.300665680473372,0.6439519230681201,11.461107375028021,0.6534478213952359
0.0321052631578947,0.0036842105263157,33.41346153846154,0.13790064134249386,34.57862586863932,0.13818500427977384
-0.0084210526315789,0.0147368421052631,0.011464497041420118,,0.0008406186953597848,
0.0234210526315789,0.0313157894736842,35.69045857988166,0.571601156772191,30.330419188522754,0.5769697325117193
0.0060526315789473,0.0,0.0,,0.0,
-0.0113157894736842,0.0331578947368421,3.026997041420118,0.8765641775838289,1.7762273032952254,0.8463849058365682
0.0002631578947368,0.0055263157894736,0.0,,0.0,
0.0234210526315789,0.0110526315789473,31.90051775147929,0.3445210883928622,25.719121273257116,0.3844016593108345
0.0321052631578947,0.0239473684210526,44.257026627218934,0.5230594301043463,36.643969961891955,0.6177276716183224
0.0118421052631579,0.0294736842105263,21.509615384615383,0.6541275973332895,17.20172046626317,0.6585294842425811
0.0176315789473684,0.0128947368421052,22.859097633136095,0.3939047536706147,17.855945976238512,0.37946899025488423
0.0263157894736842,0.0128947368421052,37.22189349112426,0.3959767491621337,28.99473212284241,0.7674200186609144
0.0060526315789473,0.035,17.359467455621303,0.7377318336330606,13.622618247029814,0.7443196793726912
-0.0142105263157894,0.0331578947368421,1.9326923076923077,0.8756827871565285,1.065175969513562,0.8040764033175866
0.0263157894736842,0.0313157894736842,38.70377218934911,0.5546455567282199,33.10087424344317,0.5607791742808894
0.0147368421052631,0.035,26.85835798816568,0.6581340771437645,22.30959986550101,0.6645308962000439
-0.0026315789473684,0.0184210526315789,1.2751479289940828,0.7833684330118824,0.41963685272360457,0.7027733565145442
0.0205263157894736,0.0257894736842105,31.225221893491124,0.5547267317180234,25.962816633041918,0.5566173574782322
0.0321052631578947,0.0276315789473684,44.139792899408285,0.5248316938132407,37.29606590450572,0.5667925387107127
0.0118421052631579,0.0128947368421052,13.569526627218934,0.45531403482642474,9.560440484196368,0.4791849479529062
0.0292105263157894,0.0055263157894736,38.79289940828402,0.19752840264693694,33.00254987670926,0.19312807814810834
0.0176315789473684,0.0239473684210526,26.951183431952664,0.5591463488007177,21.934431741761937,0.5590732776862408
0.0292105263157894,0.0128947368421052,41.0887573964497,0.590889820098067,20.62645707240529,2.205220706681255
0.0031578947368421,0.035,14.417529585798816,0.7640691090901186,10.998655010087424,0.7732402263091127
-0.02,0.0184210526315789,0.0003698224852071006,,2.8020623178659493e-05,
-0.0113157894736842,0.0036842105263157,0.0,,0.0,
0.0176315789473684,0.035,30.012943786982248,0.6313941311528912,25.281467159829635,0.6403730442699314
-0.0113157894736842,0.0092105263157894,0.0,,0.0,
0.0089473684210526,0.0184210526315789,12.332470414201184,0.5937076387367715,8.632005155794666,0.6163110107611955
0.0147368421052631,0.0276315789473684,24.413831360946745,0.6156671250057318,19.78009414929388,0.6170342951921015
0.0060526315789473,0.0036842105263157,0.0003698224852071006,,0.0,
0.0002631578947368,0.035,11.6875,0.7908666312307348,8.633882537547635,0.797809579380988
0.0060526315789473,0.0257894736842105,12.794008875739644,0.695316861744867,9.269110065007846,0.7108332387839965
0.0060526315789473,0.0331578947368421,16.498150887573964,0.7293498871796174,12.798671822461332,0.7378029464134552
0.0147368421052631,0.0128947368421052,18.165310650887573,0.41027952446611593,13.688046402151985,0.4061409007518609
0.0205263157894736,0.0092105263157894,26.340236686390533,0.2950873142903139,20.88500336247478,0.27509597273267866
0.0118421052631579,0.016578947368421,15.499260355029586,0.5190864046535529,11.380183815288053,0.5256548508823072
0.0060526315789473,0.0018421052631578,0.0,,0.0,
-0.0026315789473684,0.0147368421052631,0.2921597633136095,0.7446208196994503,0.04713068818650527,0.7904286957607599
-0.0055263157894736,0.0294736842105263,4.519970414201183,0.8340644324347201,2.720438242546514,0.8350596627719504
0.0205263157894736,0.0331578947368421,32.76997041420118,0.6015919363224694,27.780150190540237,0.6073294934183263
0.0234210526315789,0.0184210526315789,33.678994082840234,0.46861100775142545,27.713713292983638,0.47225640425507714
-0.0084210526315789,0.0313157894736842,3.6852810650887573,0.8563408558852574,2.1962284241201524,0.8429751478016054
-0.0026315789473684,0.0276315789473684,5.5673076923076925,0.7977161988001864,3.408512665321677,0.818994101391376
-0.0142105263157894,0.0202631578947368,0.045488165680473376,,0.006388702084734364,
-0.0055263157894736,0.0036842105263157,0.0,,0.0,
-0.0113157894736842,0.0128947368421052,0.0,,0.0,
0.0176315789473684,0.0073684210526315,20.906065088757398,0.24025181725918665,16.11600537995965,0.22626316047413145
0.0118421052631579,0.0184210526315789,16.4582100591716,0.5469649253407541,12.270623178659493,0.5496976441701213
0.0118421052631579,0.0147368421052631,14.519600591715976,0.48826992819862175,10.473324366733916,0.5011655613986288
0.0205263157894736,0.0313157894736842,32.4012573964497,0.591624317429603,27.344177314503476,0.596300752714607
0.0002631578947368,0.0110526315789473,0.12721893491124261,0.5951993867741159,0.008938578793992378,
-0.0084210526315789,0.0294736842105263,2.9789201183431953,0.8498365438682238,1.649770230889935,0.8291030194481224
0.0176315789473684,0.0036842105263157,20.392381656804734,0.12491710187274953,15.691100650078457,0.11952771604597281
0.0234210526315789,0.0221052631578947,34.2917899408284,0.5064297872690676,28.527712396323693,0.5098821775414589
-0.0113157894736842,0.0018421052631578,0.0,,0.0,
-0.0055263157894736,0.0276315789473684,3.690828402366864,0.8314259479207077,2.0850425913472317,0.8283875732424755
-0.0113157894736842,0.0055263157894736,0.0,,0.0,
-0.0171052631578947,0.0294736842105263,0.566198224852071,0.7768928969984134,0.22999327505043712,0.7381887543477287
0.0263157894736842,0.0221052631578947,38.05362426035503,0.49454769018531264,31.829830755436,0.5123994951322219
0.0147368421052631,0.0018421052631578,15.226701183431953,0.07938946147619655,10.879119031607264,0.09060537831365204
-0.02,0.0239473684210526,0.03217455621301775,,0.005800268997982515,
0.0292105263157894,0.0239473684210526,41.45673076923077,0.5052891006331724,34.80671374131361,0.5409498201245115
0.0321052631578947,0.035,44.01220414201183,0.548857963161263,38.02076328177539,0.561335507761012
-0.0142105263157894,0.0239473684210526,0.22485207100591717,0.7602536505637667,0.06856646491817978,0.857451082583753
0.0147368421052631,0.0036842105263157,15.318047337278106,0.15198062293812714,11.041218336695808,0.17019615153285977
-0.02,0.0202631578947368,0.0025887573964497044,,0.00036426810132257344,
0.0234210526315789,0.0276315789473684,35.13609467455621,0.5491623903086392,29.639038332212507,0.5537277869715459
-0.0026315789473684,0.0055263157894736,0.0,,0.0,
0.0292105263157894,0.0036842105263157,40.18971893491124,0.1314458625156614,33.32391840394531,0.12451151633169237
-0.0142105263157894,0.0184210526315789,0.011464497041420118,,0.0011208249271463797,
-0.0113157894736842,0.0073684210526315,0.0,,0.0,
0.0031578947368421,0.0202631578947368,6.383875739644971,0.7310366743660242,3.743667339161623,0.769089871220741
0.0205263157894736,0.0,25.125,0.0008310796936167802,19.875,0.0006819572311408271
0.0060526315789473,0.0294736842105263,14.732248520710058,0.713477313018223,11.084902488231338,0.7246789464459232
0.0321052631578947,0.0128947368421052,37.781065088757394,1.7077196566231614,4.803995740865277,2.4727487023115997
0.0060526315789473,0.0276315789473684,13.745192307692308,0.7060695502758089,10.186393185384443,0.717114665668718
0.0147368421052631,0.0202631578947368,21.505547337278106,0.5404708320252314,16.860289172831205,0.5381452456608009
0.035,0.0184210526315789,43.580621301775146,0.9277428833757342,23.155738623626988,1.8874256616002416
-0.0084210526315789,0.0128947368421052,0.0014792899408284023,,5.6041246357318986e-05,
-0.0171052631578947,0.0110526315789473,0.0,,0.0,
0.035,0.0055263157894736,2.492603550295858,0.2240436124321222,3.284157139654786,0.22832342074836218
0.0060526315789473,0.0055263157894736,0.08321005917159763,,0.0006444743331091683,
-0.0055263157894736,0.0018421052631578,0.0,,0.0,
0.0176315789473684,0.0018421052631578,20.331360946745562,0.0636498349668931,15.630127774041695,0.061048938341241574
0.0321052631578947,0.0092105263157894,12.197485207100591,2.4510251139501724,5.267652992602556,0.39129665747486453
0.0176315789473684,0.0055263157894736,20.562869822485208,0.18357445386647214,15.83739632369424,0.1742560089683627
0.035,0.0036842105263157,5.304363905325443,0.14497683513669657,9.422999327505044,0.15409176007361972
-0.0142105263157894,0.0128947368421052,0.0,,0.0,
0.0147368421052631,0.0313157894736842,25.67640532544379,0.6380257902674848,21.090870880968392,0.6437247597174082
-0.0171052631578947,0.0036842105263157,0.0,,0.0,
0.0002631578947368,0.0294736842105263,8.898298816568047,0.7736071180437564,6.077673167451244,0.7928729215161685
0.0292105263157894,0.0276315789473684,41.4112426035503,0.5234864301019433,35.22733131584847,0.5421429106363225
0.0089473684210526,0.0147368421052631,10.183801775147929,0.5572139757575334,6.598324366733916,0.6086889913031829
0.0118421052631579,0.0239473684210526,19.10724852071006,0.610190497596113,14.856590450571622,0.6134583976569692
-0.0113157894736842,0.0257894736842105,0.8912721893491125,0.7905826331942075,0.35754315175969514,0.7166199633165138
0.0147368421052631,0.0331578947368421,26.27292899408284,0.6488669590643054,21.71430172607039,0.6549146822007313
0.0176315789473684,0.0313157894736842,29.058062130177515,0.612444501749067,24.244003586639767,0.6194442914465359
0.0321052631578947,0.0055263157894736,31.042529585798817,0.2048479813091837,29.064195247702308,0.20893747085704287
0.0118421052631579,0.0055263157894736,10.040680473372781,0.32657712809466244,5.45191661062542,0.48467254413406285
-0.0113157894736842,0.0,0.0,,0.0,
0.0060526315789473,0.016578947368421,7.395710059171598,0.6546535539882795,4.33005492042143,0.7159920004233367
0.0292105263157894,0.0313157894736842,41.467825443786985,0.5420426490714728,35.608523873570945,0.5524695541145017
-0.0113157894736842,0.0184210526315789,0.05103550295857988,,0.006416722707913024,
0.0118421052631579,0.0313157894736842,22.238165680473372,0.6645359807669143,17.94690091907644,0.6706794129556076
-0.0171052631578947,0.0313157894736842,0.8420857988165681,0.8057263305457467,0.3866285586191437,0.7328524284508078
-0.0142105263157894,0.016578947368421,0.0022189349112426036,,0.00019614436225061645,
0.0176315789473684,0.0,20.25,0.0006944181765308643,15.625,0.00040677581235822795
0.0321052631578947,0.0294736842105263,44.05806213017752,0.5299027938190379,37.494732122842414,0.5600796853004179
0.0118421052631579,0.0092105263157894,11.696005917159763,0.38924959606708837,7.721194799372338,0.4564907083783577
0.0176315789473684,0.0147368421052631,23.598742603550296,0.43285044525542676,18.559683927370546,0.4216289704212235
0.0060526315789473,0.0313157894736842,15.609467455621301,0.7218672690643877,11.955531271015467,0.7312450092153662
-0.02,0.0128947368421052,0.0,,0.0,
0.035,0.0147368421052631,31.934171597633135,2.054113647781375,4.057218112530823,2.064942784915933
0.0176315789473684,0.0221052631578947,26.35576923076923,0.5409368575672482,21.301642008518268,0.5386820541747386
0.0263157894736842,0.0331578947368421,38.82211538461539,0.5642616143670622,33.35233131584847,0.5696852220324082
-0.0142105263157894,0.0147368421052631,0.0003698224852071006,,0.0,
-0.0055263157894736,0.0092105263157894,0.0,,0.0,
0.0263157894736842,0.035,38.99038461538461,0.5720543930040671,33.61740641111858,0.5782472478805131
0.035,0.0128947368421052,17.995192307692307,3.015576249730269,0.6980497646267653,1.9632753878721476
-0.0142105263157894,0.0092105263157894,0.0,,0.0,
0.0118421052631579,0.0018421052631578,8.598002958579881,0.1865556345106054,0.881668908316521,0.6814195195682833
-0.0084210526315789,0.0239473684210526,1.1494082840236686,0.806027648198243,0.45597960098632595,0.7208746588149088
0.0147368421052631,0.0184210526315789,20.699334319526628,0.5149868337144685,16.080783456624076,0.511156513562501
0.0234210526315789,0.0239473684210526,34.57692307692308,0.5230527063503373,28.90868078906075,0.5257699922911272
-0.0142105263157894,0.0018421052631578,0.0,,0.0,
-0.02,0.0018421052631578,0.0,,0.0,
0.0089473684210526,0.0202631578947368,13.362056213017752,0.6108886640038107,9.596306881865052,0.6278949757984248
-0.0113157894736842,0.0276315789473684,1.327662721893491,0.8276493783550125,0.6083277292086976,0.7382584166525571
0.0118421052631579,0.0221052631578947,18.230399408284022,0.590466848098837,14.012385115444967,0.5942292228446189
-0.0113157894736842,0.0202631578947368,0.13350591715976332,,0.02709594261376373,
-0.0026315789473684,0.0092105263157894,0.0003698224852071006,,0.0,
-0.02,0.0110526315789473,0.0,,0.0,
0.0002631578947368,0.0202631578947368,3.793639053254438,0.7827977453354212,1.8955110961667787,0.8011936572171107
0.0292105263157894,0.0073684210526315,35.85539940828402,0.2902387654706735,29.282083613539566,0.25510725769944215
0.0031578947368421,0.0055263157894736,0.0003698224852071006,,0.0,
0.0031578947368421,0.0,0.0,,0.0,
0.0118421052631579,0.0110526315789473,12.622041420118343,0.4211101119632793,8.649854292759471,0.46326129588908904
0.0060526315789473,0.0221052631578947,10.725961538461538,0.6739930754201637,7.369620040349697,0.70095508272315
-0.0171052631578947,0.035,1.5724852071005917,0.8707386393824899,0.8685552566689083,0.7915946239794505
0.0321052631578947,0.016578947368421,43.760355029585796,0.7086368288587208,25.812766195920197,1.8414931287920966
0.035,0.0221052631578947,45.569526627218934,0.6455390934342832,34.53869648060973,1.0066667324409886
0.0205263157894736,0.0202631578947368,29.85096153846154,0.5023938606424376,24.433871329298363,0.5003495013356071
-0.0026315789473684,0.0,0.0,,0.0,
-0.0171052631578947,0.016578947368421,0.0003698224852071006,,0.0,
-0.0084210526315789,0.0092105263157894,0.0,,0.0,
0.035,0.0202631578947368,44.979659763313606,0.7435354964455956,30.609448554135845,1.3554683856376204
-0.0026315789473684,0.0331578947368421,8.367973372781066,0.8076710408214235,5.768409549428379,0.8190545033416937
0.035,0.0294736842105263,46.04326923076923,0.5477409036386908,38.8713292983636,0.6025590988165901
0.0321052631578947,0.0257894736842105,44.26516272189349,0.523435608081197,37.025891055817084,0.5830844160049979
-0.0055263157894736,0.0,0.0,,0.0,
-0.0084210526315789,0.016578947368421,0.05806213017751479,,0.006472763954270343,
0.0002631578947368,0.0073684210526315,0.0003698224852071006,,0.0,
-0.0055263157894736,0.0073684210526315,0.0,,0.0,
0.0263157894736842,0.0110526315789473,36.84985207100592,0.38009508295473077,26.919020399013675,0.8834136580283313
0.0292105263157894,0.0257894736842105,41.428994082840234,0.514559559024996,35.02238847791975,0.5389097407367069
0.035,0.0276315789473684,45.98779585798817,0.5541640354741635,38.43305873122618,0.634370746661264
-0.0055263157894736,0.035,7.088387573964497,0.8373485371566741,4.824955167002914,0.8412400937395484
0.0176315789473684,0.0331578947368421,29.52958579881657,0.6206529786689652,24.7672046626317,0.6304809899088853
