ou_mean,ou_std,IRE_r,IRE_cv,IREM_r,IREM_cv
-0.0068421052631578,0.04,97.9483870967742,1.3550229366622752,98.45806451612903,1.3879555035089
0.0042105263157894,0.0126315789473684,77.04516129032258,1.0254878118656223,77.45161290322581,1.0446970921012386
-0.0068421052631578,0.0126315789473684,36.619354838709675,1.2702898976324046,37.651612903225804,1.2872284459138998
-0.0178947368421052,0.0231578947368421,40.980645161290326,1.4314196508698267,42.354838709677416,1.4740683202628562
0.0042105263157894,0.0147368421052631,82.49032258064516,1.0652120473348337,82.76129032258065,1.0788063987442333
-0.0068421052631578,0.0105263157894736,30.56774193548387,1.3070003601613878,31.73548387096774,1.3452977505137853
0.0005263157894736,0.0231578947368421,87.12258064516129,1.2113079241730742,87.51612903225806,1.2394413514181106
-0.0178947368421052,0.0021052631578947,0.0,,0.0,
-0.04,0.0357894736842105,36.251612903225805,1.654757198750779,37.3741935483871,1.6660379209267595
-0.0105263157894736,0.0,0.0,,0.0,
-0.0289473684210526,0.04,55.038709677419355,1.495601762879765,56.92258064516129,1.5156347504060759
-0.0252631578947368,0.0378947368421052,56.8,1.458119770079905,58.883870967741935,1.49776322064864
-0.0289473684210526,0.0084210526315789,0.23870967741935484,0.7467817683317882,0.14838709677419354,0.4801475593764723
-0.0031578947368421,0.0,0.0,,0.0,
-0.0252631578947368,0.0210526315789473,27.89677419354839,1.6811888237375332,29.2,1.6975122251319985
-0.021578947368421,0.04,66.46451612903226,1.4399875316039825,68.12258064516129,1.4757035221116146
0.0005263157894736,0.0021052631578947,18.251612903225805,0.8825862080440937,18.8,0.8772580785166555
-0.0031578947368421,0.0147368421052631,52.66451612903226,1.1820721002170942,53.193548387096776,1.221937082848905
-0.0289473684210526,0.0294736842105263,37.83870967741935,1.5560978849463671,39.10322580645161,1.5915509063715567
-0.0068421052631578,0.0042105263157894,10.23225806451613,1.891799235186338,11.148387096774194,1.9705927299984627
-0.0289473684210526,0.0357894736842105,48.43225806451613,1.5037143571851501,49.94838709677419,1.5443825400047617
0.011578947368421,0.0189473684210526,124.87741935483871,0.9935486273084735,124.8258064516129,1.0140470940174877
-0.0031578947368421,0.0336842105263157,96.41290322580645,1.3036062194806497,96.83225806451613,1.3365568302067463
-0.0105263157894736,0.0231578947368421,54.729032258064514,1.319433425704473,55.73548387096774,1.3494764162916715
-0.0178947368421052,0.0252631578947368,45.348387096774196,1.4298976585179164,46.961290322580645,1.4516475592538307
-0.0068421052631578,0.0084210526315789,24.87741935483871,1.415298034958346,25.93548387096774,1.4260770010332768
-0.0363157894736842,0.0042105263157894,0.0,,0.0,
-0.0326315789473684,0.0357894736842105,43.92258064516129,1.5532318011147657,45.27741935483871,1.5946434530237532
-0.0252631578947368,0.0063157894736842,0.03870967741935484,0.569750904287475,0.0,
-0.0252631578947368,0.04,60.60645161290323,1.4730425425609792,62.30967741935484,1.4918360608472627
-0.0326315789473684,0.0063157894736842,0.0,,0.0,
0.0078947368421052,0.0357894736842105,132.14193548387098,1.2210377927136513,132.3548387096774,1.2364578509336988
-0.0142105263157894,0.0084210526315789,13.083870967741936,1.9906139820728246,14.0,1.9999186820582582
0.0042105263157894,0.0378947368421052,123.75483870967741,1.2739540535882719,123.94193548387096,1.2858613732206094
-0.04,0.0336842105263157,33.47741935483871,1.6796361005517637,34.651612903225804,1.699857030935718
-0.0105263157894736,0.0378947368421052,85.36129032258064,1.3740197936454321,86.2258064516129,1.4065750028307948
-0.0142105263157894,0.0252631578947368,51.67741935483871,1.3684814020729164,52.99354838709677,1.4030132487261449
-0.0142105263157894,0.0357894736842105,73.26451612903226,1.3783177457214804,74.36774193548388,1.4239048941686687
0.011578947368421,0.0,122.0,0.003034956810321293,122.0,0.003034956810321293
-0.0068421052631578,0.0294736842105263,78.06451612903226,1.3193371881368763,78.53548387096774,1.349891800863391
-0.021578947368421,0.0378947368421052,62.76774193548387,1.4383757980903504,64.4,1.4708444471241404
0.011578947368421,0.0126315789473684,118.30967741935484,0.843908769214413,118.23225806451613,0.8469175736128176
-0.0326315789473684,0.0231578947368421,24.53548387096774,1.8529758832692838,25.8,1.857291169038322
0.011578947368421,0.0042105263157894,118.81935483870967,0.30888058345388525,118.88387096774194,0.31507734039061264
-0.0142105263157894,0.0273684210526315,56.16129032258065,1.3745292142852772,57.71612903225807,1.395212879962629
-0.0142105263157894,0.0210526315789473,42.55483870967742,1.3893091880458288,44.07741935483871,1.409196097994232
-0.0068421052631578,0.0189473684210526,53.464516129032255,1.254052087774975,54.670967741935485,1.2949150956136841
0.0042105263157894,0.0084210526315789,65.63870967741936,0.9187813353653357,65.81290322580645,0.9305922289514731
0.0042105263157894,0.0294736842105263,111.2516129032258,1.2238033079037633,111.8,1.2417277471731503
-0.04,0.0126315789473684,0.5806451612903226,0.5791740035690948,0.4967741935483871,0.6407457268250109
-0.0326315789473684,0.0294736842105263,33.83870967741935,1.6225637103296493,35.21290322580645,1.6565468086472137
0.0078947368421052,0.0105263157894736,92.87096774193549,0.8809823107064833,92.83225806451613,0.9000544723359898
0.0005263157894736,0.0168421052631578,72.06451612903226,1.157855759224647,72.84516129032258,1.1728326731032688
-0.0363157894736842,0.0294736842105263,30.81935483870968,1.7097578641444011,31.858064516129033,1.7234430296881544
-0.0326315789473684,0.0084210526315789,0.06451612903225806,0.3997260028570675,0.0,
-0.0031578947368421,0.0210526315789473,69.63870967741936,1.2397339791383726,70.46451612903226,1.2618218910216694
-0.0252631578947368,0.0084210526315789,0.632258064516129,0.548589954446945,0.6774193548387096,0.6752076682941125
-0.0178947368421052,0.0,0.0,,0.0,
-0.0105263157894736,0.04,89.09032258064516,1.3804829812410944,89.96774193548387,1.4101295176532485
-0.0178947368421052,0.0147368421052631,24.4,1.7112335485642396,25.38064516129032,1.707330175436859
-0.0178947368421052,0.0105263157894736,14.083870967741936,1.9843072740189345,15.193548387096774,2.0265212734892906
-0.0068421052631578,0.0168421052631578,47.76774193548387,1.2518023680786123,49.27741935483871,1.2947258220479718
-0.0363157894736842,0.031578947368421,33.66451612903226,1.6431242172546856,34.66451612903226,1.6848233705351614
-0.0142105263157894,0.0042105263157894,0.15483870967741936,0.46627677121983774,0.06451612903225806,0.4267593279999703
0.0005263157894736,0.031578947368421,103.3741935483871,1.2701408446854825,103.14838709677419,1.3029794705569187
-0.0252631578947368,0.0336842105263157,49.57419354838709,1.4728274072805698,51.483870967741936,1.5064494346981414
0.0078947368421052,0.0,88.0,0.0011166189375982068,88.0,0.0011166189375982525
-0.0068421052631578,0.0210526315789473,59.090322580645164,1.2699590943211343,60.012903225806454,1.3109915760075426
-0.04,0.0231578947368421,17.974193548387095,2.082661324065242,19.26451612903226,2.0533466684367747
0.0042105263157894,0.0336842105263157,117.92258064516129,1.2516298038726734,117.70967741935483,1.2737059569447227
-0.021578947368421,0.0252631578947368,39.75483870967742,1.4884708073479171,40.883870967741935,1.5215720128019272
-0.021578947368421,0.0210526315789473,31.690322580645162,1.553235503090244,33.10967741935484,1.5888521434420215
-0.0363157894736842,0.0357894736842105,39.81290322580645,1.5945464419103716,41.26451612903226,1.6198453129767882
-0.0031578947368421,0.0105263157894736,39.76774193548387,1.1558760046707577,40.6258064516129,1.1864336832589797
-0.04,0.0084210526315789,0.0,,0.0,
0.011578947368421,0.0168421052631578,122.30322580645161,0.9587096807100656,122.46451612903226,0.9691382221728487
-0.0252631578947368,0.0147368421052631,15.548387096774194,2.027306378856246,16.87741935483871,2.0505472181053954
-0.0031578947368421,0.0294736842105263,88.56129032258065,1.280822768741244,89.15483870967742,1.3158811370073789
-0.021578947368421,0.0273684210526315,43.41290322580645,1.459309339766648,45.090322580645164,1.4958065695368974
0.0042105263157894,0.0042105263157894,52.57419354838709,0.7126660936912137,52.464516129032255,0.7248687459979004
-0.0326315789473684,0.0273684210526315,31.025806451612905,1.6818259790850283,31.90967741935484,1.6985281258644362
-0.0289473684210526,0.0378947368421052,51.748387096774195,1.5013889117864625,53.354838709677416,1.530134715715254
0.0078947368421052,0.0378947368421052,134.84516129032258,1.2308977668889578,134.8774193548387,1.2578925847878037
-0.04,0.0273684210526315,24.716129032258063,1.8701494066043411,26.34193548387097,1.8844144358778037
-0.0031578947368421,0.0252631578947368,79.86451612903225,1.2695492053436126,80.04516129032258,1.2867866144209013
-0.0252631578947368,0.0126315789473684,10.206451612903226,1.8510735140669303,11.380645161290323,1.9217454865175034
-0.0326315789473684,0.0,0.0,,0.0,
-0.0252631578947368,0.0357894736842105,53.32258064516129,1.4712518604229716,55.0258064516129,1.4991080256611642
-0.0326315789473684,0.0378947368421052,47.03225806451613,1.5330606665456523,48.52903225806452,1.5663747636117384
-0.0363157894736842,0.0,0.0,,0.0,
-0.0252631578947368,0.0042105263157894,0.0,,0.0,
-0.0031578947368421,0.0126315789473684,46.23870967741936,1.1616538961964997,47.07741935483871,1.198886264998321
-0.0142105263157894,0.0063157894736842,4.393548387096774,1.417429012277044,4.567741935483871,1.4083937002501963
0.0005263157894736,0.0273684210526315,95.88387096774194,1.2353395221543264,95.76129032258065,1.271697377550348
0.0078947368421052,0.0147368421052631,100.41935483870968,0.9903793425348534,100.6258064516129,1.0091751024911129
-0.0105263157894736,0.0252631578947368,59.541935483870965,1.3274470643932146,60.76129032258064,1.3559086093954955
-0.021578947368421,0.0189473684210526,28.219354838709677,1.632322256297085,29.161290322580644,1.6460106985453908
-0.0031578947368421,0.0063157894736842,25.73548387096774,1.2257622049301216,26.767741935483873,1.2352022936267728
-0.0363157894736842,0.0063157894736842,0.0,,0.0,
-0.0068421052631578,0.0231578947368421,64.1741935483871,1.282727291351947,65.2516129032258,1.3173903297554435
-0.0252631578947368,0.031578947368421,46.15483870967742,1.4908955471242356,47.670967741935485,1.5210980748920688
-0.0289473684210526,0.0042105263157894,0.0,,0.0,
-0.04,0.0042105263157894,0.0,,0.0,
0.0042105263157894,0.0273684210526315,107.6,1.214711146985021,108.02580645161291,1.227989254809397
-0.0363157894736842,0.0105263157894736,0.24516129032258063,0.5569089690941654,0.1935483870967742,0.7027385125542479
-0.0031578947368421,0.031578947368421,92.48387096774194,1.2903901648511205,93.0,1.328307005495273
-0.0363157894736842,0.0189473684210526,13.638709677419355,1.994568185965943,14.587096774193549,2.0890511451518883
-0.0363157894736842,0.0336842105263157,36.55483870967742,1.6182500719356756,37.89032258064516,1.6429029445202135
0.011578947368421,0.0273684210526315,134.6,1.105654501185245,134.79354838709676,1.1231807172736368
-0.021578947368421,0.0126315789473684,14.832258064516129,2.0048204379936148,16.10322580645161,2.021497235273365
-0.0178947368421052,0.0294736842105263,53.50967741935484,1.4120220885619699,55.038709677419355,1.4337558712767111
-0.021578947368421,0.0084210526315789,2.4064516129032256,0.9921742060420631,2.6516129032258067,0.8648665151007638
-0.0142105263157894,0.0378947368421052,76.91612903225807,1.3913362106069331,78.10967741935484,1.4332789019992673
-0.0289473684210526,0.0252631578947368,31.12258064516129,1.6413965794272387,32.10322580645161,1.6661258524298752
0.0005263157894736,0.0084210526315789,46.32258064516129,1.023820412936029,46.748387096774195,1.036893546445491
-0.0289473684210526,0.0336842105263157,44.84516129032258,1.5166951642549622,46.50967741935484,1.546417660823908
-0.0363157894736842,0.0210526315789473,17.52258064516129,2.0580772988887563,18.780645161290323,2.048426539391605
-0.0289473684210526,0.0231578947368421,27.870967741935484,1.730418902386788,28.83225806451613,1.7336184584333145
-0.0289473684210526,0.0063157894736842,0.0,,0.0,
0.0042105263157894,0.0063157894736842,58.909677419354836,0.8373471464401091,59.50322580645161,0.849693720881926
-0.0105263157894736,0.0210526315789473,49.96774193548387,1.3155311690088756,51.20645161290322,1.344485462360683
-0.0178947368421052,0.0126315789473684,19.63225806451613,1.8830345188113569,21.096774193548388,1.8784018757557372
-0.0068421052631578,0.0378947368421052,94.07096774193549,1.346384311217277,94.81290322580645,1.3796116119176831
0.0078947368421052,0.0273684210526315,120.83870967741936,1.1658952720031555,120.86451612903225,1.1783177331636059
-0.0289473684210526,0.0210526315789473,24.309677419354838,1.8267061411468333,25.63225806451613,1.824589092969659
-0.0031578947368421,0.0231578947368421,74.79354838709678,1.2481751965394756,75.49677419354839,1.2777482972051717
-0.04,0.0189473684210526,10.251612903225807,1.8620940000439081,11.129032258064516,1.909682486726409
-0.0326315789473684,0.0105263157894736,0.6064516129032258,0.5707769011698163,0.567741935483871,0.6337736810279561
-0.0178947368421052,0.0336842105263157,62.0,1.4009070104067263,63.07096774193548,1.4380126424738071
-0.021578947368421,0.0042105263157894,0.0,,0.0,
-0.0031578947368421,0.0273684210526315,84.18709677419355,1.2786440915063155,84.93548387096774,1.3049552694669606
-0.0289473684210526,0.031578947368421,41.29032258064516,1.5395849867602454,42.76129032258064,1.5743293450947098
0.0078947368421052,0.04,137.1032258064516,1.2448437691403582,137.30967741935484,1.2626090805108814
-0.04,0.031578947368421,30.55483870967742,1.7252856808512822,31.83225806451613,1.746849932635162
0.0005263157894736,0.0063157894736842,38.28387096774193,0.9713665968265623,38.55483870967742,0.9899110665825227
-0.0178947368421052,0.0042105263157894,0.025806451612903226,,0.0,
-0.0363157894736842,0.04,46.012903225806454,1.5576797896556334,47.50967741935484,1.6050237907684677
-0.0289473684210526,0.0189473684210526,20.61935483870968,1.9362496290245579,22.06451612903226,1.9385677870922087
-0.0142105263157894,0.0105263157894736,19.580645161290324,1.8403184047083436,20.825806451612902,1.843476658747931
-0.0326315789473684,0.0189473684210526,17.0,2.0488498657251877,18.18709677419355,2.040815363051938
0.0078947368421052,0.031578947368421,126.86451612903225,1.1928227636848665,127.09032258064516,1.2060480010074295
-0.0289473684210526,0.0,0.0,,0.0,
-0.0326315789473684,0.0252631578947368,27.73548387096774,1.7581089097666307,29.148387096774194,1.7747067080890833
-0.04,0.0105263157894736,0.1032258064516129,0.860630303980943,0.03870967741935484,
-0.0068421052631578,0.0147368421052631,42.60645161290323,1.2623718721556814,43.50967741935484,1.2799063994556634
-0.0326315789473684,0.0168421052631578,12.664516129032258,1.9433154934871608,13.812903225806451,2.0793094657095472
-0.0105263157894736,0.0084210526315789,19.34193548387097,1.7667443995645125,20.483870967741936,1.7908405020485405
0.011578947368421,0.0063157894736842,116.8258064516129,0.5009563488684876,116.8,0.5077369899519263
-0.0142105263157894,0.0168421052631578,33.20645161290322,1.4433034851998015,34.85806451612903,1.4734630713268577
-0.0178947368421052,0.0273684210526315,49.380645161290325,1.406327996313836,50.89032258064516,1.4371885372280855
0.0005263157894736,0.0105263157894736,53.55483870967742,1.065529062829326,53.748387096774195,1.0902132529128392
-0.021578947368421,0.0168421052631578,24.219354838709677,1.7640997824504718,25.503225806451614,1.755761049229405
-0.04,0.0378947368421052,39.270967741935486,1.6223495192014576,40.63225806451613,1.6295233533226021
0.0078947368421052,0.0042105263157894,85.66451612903226,0.4859384259641769,85.83225806451613,0.4914604708608304
-0.04,0.0294736842105263,27.561290322580646,1.8168864154015931,29.051612903225806,1.8224620850644362
-0.0142105263157894,0.0294736842105263,60.593548387096774,1.3683222912073505,61.81935483870968,1.4097331219562794
-0.0252631578947368,0.0273684210526315,38.67741935483871,1.5263402039071827,40.14193548387097,1.5556118753614425
-0.0289473684210526,0.0105263157894736,1.6064516129032258,0.7684357436510298,1.9870967741935484,0.8302693318261617
-0.04,0.0021052631578947,0.0,,0.0,
-0.0178947368421052,0.031578947368421,57.483870967741936,1.41631841798594,59.2,1.4441847092735205
0.0005263157894736,0.0252631578947368,91.69032258064516,1.218771353140423,91.73548387096774,1.2560233565542362
-0.0142105263157894,0.0126315789473684,24.296774193548387,1.6421821730777693,25.34193548387097,1.6537164273263274
-0.0363157894736842,0.0147368421052631,4.432258064516129,1.3522383177540138,4.67741935483871,1.3251436880997298
-0.0105263157894736,0.0021052631578947,0.0,,0.0,
-0.0363157894736842,0.0084210526315789,0.03225806451612903,0.4226339615370014,0.0,
-0.0105263157894736,0.0126315789473684,29.670967741935485,1.4304489471035156,30.638709677419357,1.443662202419817
-0.0363157894736842,0.0168421052631578,8.974193548387097,1.8133998435627572,9.916129032258064,1.9059272678422543
-0.0068421052631578,0.0063157894736842,19.24516129032258,1.6821946896797397,20.0,1.668280875759667
-0.0105263157894736,0.0273684210526315,64.2258064516129,1.3330588570931872,65.32903225806452,1.375944068360804
0.0005263157894736,0.0042105263157894,29.051612903225806,0.9145251045539053,29.748387096774195,0.926046602056542
0.0005263157894736,0.0126315789473684,60.29677419354839,1.101875769780547,61.00645161290323,1.125344362032601
-0.021578947368421,0.0,0.0,,0.0,
-0.04,0.04,42.012903225806454,1.6066395021253435,43.670967741935485,1.6309785499690297
-0.0068421052631578,0.031578947368421,82.34838709677419,1.327308097253486,83.02580645161291,1.3554203572950556
-0.0142105263157894,0.0189473684210526,37.83870967741935,1.4143080762259765,39.12258064516129,1.4452312218804735
-0.0252631578947368,0.0294736842105263,42.42580645161291,1.4996933231290765,43.561290322580646,1.5342510226579296
0.0042105263157894,0.0231578947368421,100.08387096774193,1.1773080169949657,100.5741935483871,1.1944135969086775
0.0005263157894736,0.0378947368421052,113.56129032258065,1.301280933250402,113.79354838709678,1.3229748796989964
-0.0289473684210526,0.0147368421052631,11.6,1.9108040210038433,12.606451612903227,2.003927087953531
-0.04,0.0252631578947368,21.36774193548387,1.9706268805227218,22.974193548387095,1.982879990903253
-0.0178947368421052,0.0378947368421052,69.38709677419355,1.4126336939838506,70.87096774193549,1.4553875889999521
-0.0289473684210526,0.0021052631578947,0.0,,0.0,
0.011578947368421,0.0294736842105263,136.94193548387096,1.1292620047260264,137.21935483870968,1.143251322273347
0.0005263157894736,0.0357894736842105,110.04516129032258,1.2922601469319575,110.30322580645161,1.3168855681625828
0.011578947368421,0.0210526315789473,127.08387096774193,1.0309138075221624,127.44516129032257,1.0464550655700426
-0.0363157894736842,0.0273684210526315,27.690322580645162,1.7966472898556187,28.89032258064516,1.790027024824134
-0.0105263157894736,0.0357894736842105,81.41290322580645,1.3680142971401947,82.2258064516129,1.4001809567228192
-0.0031578947368421,0.0378947368421052,103.72258064516129,1.3138644203621392,103.89032258064516,1.3525608389863124
-0.04,0.0,0.0,,0.0,
-0.04,0.0147368421052631,2.264516129032258,0.9018260421275425,2.6451612903225805,0.853894657004662
-0.0105263157894736,0.0336842105263157,77.30967741935484,1.362482947766195,78.21290322580646,1.3926497732380723
-0.0105263157894736,0.0042105263157894,1.4774193548387098,0.7350093331820943,1.8774193548387097,0.9012638119486585
0.0042105263157894,0.031578947368421,114.76129032258065,1.2411557722874298,114.95483870967742,1.2571624258404424
0.0042105263157894,0.0210526315789473,96.24516129032259,1.1528801615236626,96.52258064516128,1.1707584925095107
0.0042105263157894,0.04,126.98709677419355,1.277965570787193,126.70322580645161,1.2954188668469064
-0.0142105263157894,0.0021052631578947,0.0,,0.0,
-0.021578947368421,0.031578947368421,51.38709677419355,1.4435140651790739,53.0,1.473250106659904
0.011578947368421,0.0105263157894736,116.70967741935483,0.7617891782261823,116.86451612903225,0.7696508290376588
0.0005263157894736,0.0147368421052631,66.45806451612903,1.1332166283551333,66.97419354838709,1.149647357558973
0.0078947368421052,0.0294736842105263,123.85806451612903,1.1825056969405519,123.6258064516129,1.1986668634985054
0.0078947368421052,0.0252631578947368,117.93548387096774,1.1372264083182366,118.07096774193549,1.1548023785208377
-0.0252631578947368,0.0231578947368421,31.470967741935485,1.6076888883842284,32.464516129032255,1.6276790777375258
-0.0178947368421052,0.0210526315789473,36.47741935483871,1.472098890200988,37.85806451612903,1.5085747071793698
0.0005263157894736,0.0189473684210526,77.27741935483871,1.1768137289818619,77.8,1.197069996022021
0.0078947368421052,0.0063157894736842,86.83225806451613,0.6723271353442517,86.70967741935483,0.6929362874160303
-0.0363157894736842,0.0231578947368421,21.032258064516128,1.9543219732366934,22.503225806451614,1.9744908760176967
-0.021578947368421,0.0147368421052631,19.974193548387095,1.905136139433863,21.251612903225805,1.9122785214929705
0.0005263157894736,0.0,0.0,,0.0,
0.0042105263157894,0.0021052631578947,47.87096774193548,0.45412226673357226,47.9741935483871,0.4579314667646341
-0.04,0.0063157894736842,0.0,,0.0,
-0.0178947368421052,0.0168421052631578,28.419354838709676,1.5782378516836884,29.72258064516129,1.6010989449792365
-0.0068421052631578,0.0021052631578947,0.12258064516129032,0.7811022147626332,0.05806451612903226,0.818795347051934
-0.021578947368421,0.0357894736842105,59.21290322580645,1.4510896728100204,61.038709677419355,1.4666000727433244
-0.0142105263157894,0.0,0.0,,0.0,
-0.0326315789473684,0.0147368421052631,7.819354838709677,1.7114396953055018,8.387096774193548,1.772895365752208
-0.04,0.0168421052631578,5.858064516129033,1.631030431844709,6.27741935483871,1.5792763281721485
0.0078947368421052,0.0231578947368421,114.75483870967741,1.1188860520620079,114.79354838709678,1.1339635141059132
-0.0363157894736842,0.0252631578947368,24.638709677419357,1.8587413625990203,25.948387096774194,1.8708959282654911
-0.0289473684210526,0.0126315789473684,6.180645161290323,1.5946177639132448,6.554838709677419,1.5971104927231774
-0.0363157894736842,0.0126315789473684,1.2774193548387096,0.6249484128654342,1.696774193548387,0.8437870070652712
0.0042105263157894,0.0357894736842105,120.8,1.26293558861018,120.87741935483871,1.2828601462082587
0.0078947368421052,0.0210526315789473,111.47096774193548,1.0902708369248568,111.55483870967743,1.1051482010539366
0.011578947368421,0.0021052631578947,120.89032258064516,0.1357082272633802,120.88387096774194,0.13698294875140543
-0.0068421052631578,0.0252631578947368,68.99354838709678,1.2978312347816992,70.04516129032258,1.3302029478062969
0.011578947368421,0.0252631578947368,132.03225806451613,1.0851377177651393,132.58064516129033,1.0987394358906855
-0.021578947368421,0.0231578947368421,35.74193548387097,1.5158136472188657,37.15483870967742,1.5373350273106077
0.0042105263157894,0.0105263157894736,71.63870967741936,0.9795660335121433,71.55483870967743,0.9986465028453957
0.011578947368421,0.0147368421052631,120.30967741935484,0.9021201884821755,120.23870967741935,0.912410306175829
0.0042105263157894,0.0,48.0,0.0011410047711272243,48.0,0.0011407644005406736
0.0078947368421052,0.0336842105263157,129.65806451612903,1.2047188739066146,129.8516129032258,1.2260184136460335
-0.0068421052631578,0.0336842105263157,86.84516129032258,1.3330736513674748,87.32903225806452,1.3640796747537836
-0.0252631578947368,0.0105263157894736,4.245161290322581,1.3842786262140743,4.464516129032258,1.3477598219236118
-0.0031578947368421,0.0042105263157894,19.206451612903226,1.427264488217534,20.09032258064516,1.4473955446615316
-0.021578947368421,0.0021052631578947,0.0,,0.0,
-0.021578947368421,0.0063157894736842,0.1870967741935484,0.4068252890356635,0.12258064516129032,0.3224229436525078
-0.0105263157894736,0.0189473684210526,45.13548387096774,1.3297349822046878,46.2,1.351050678895801
-0.0068421052631578,0.0357894736842105,90.6774193548387,1.3451220961525354,91.12903225806451,1.3721439085155742
0.0078947368421052,0.0084210526315789,89.59354838709677,0.7955438807741728,89.92903225806451,0.801065783745978
-0.0289473684210526,0.0273684210526315,34.39354838709677,1.5869582712365493,35.81290322580645,1.6152407805482425
-0.0252631578947368,0.0252631578947368,34.92903225806452,1.5530573201133238,36.49032258064516,1.5808603203311429
0.0078947368421052,0.0126315789473684,96.61935483870968,0.9417740302263821,96.88387096774194,0.957372606380964
-0.0252631578947368,0.0168421052631578,20.270967741935483,1.918611682220342,21.638709677419357,1.9396266714830122
-0.0178947368421052,0.04,73.28387096774193,1.4209753975032013,74.70322580645161,1.4591919783842795
-0.0105263157894736,0.0105263157894736,24.851612903225806,1.541499323438687,25.35483870967742,1.5518367429991893
-0.0031578947368421,0.04,107.01935483870967,1.3265226301786646,107.05806451612904,1.3608329181385246
-0.0031578947368421,0.0357894736842105,100.19354838709677,1.3099686944394566,100.58064516129032,1.3444408955619014
-0.0178947368421052,0.0189473684210526,32.619354838709675,1.511344498617695,33.85806451612903,1.535388020972365
-0.04,0.0210526315789473,14.464516129032258,2.0345390321464203,15.32258064516129,2.0992057267294375
-0.0142105263157894,0.031578947368421,64.84516129032258,1.3813120433460684,66.12258064516129,1.4079572679419283
-0.0178947368421052,0.0357894736842105,65.43870967741935,1.409310751609882,67.16774193548387,1.4444528881670504
-0.0326315789473684,0.0126315789473684,3.0709677419354837,1.2191959311417566,3.2,0.9707388791239528
0.0005263157894736,0.0210526315789473,82.45806451612903,1.1861533169314968,82.74193548387096,1.216450679648611
0.0078947368421052,0.0021052631578947,87.24516129032259,0.2190839798289926,87.16774193548387,0.22201424394248714
-0.0105263157894736,0.031578947368421,73.50322580645161,1.3432503173348045,74.16129032258064,1.3860504442386452
-0.0363157894736842,0.0021052631578947,0.0,,0.0,
-0.0326315789473684,0.0042105263157894,0.0,,0.0,
0.0042105263157894,0.0189473684210526,92.14193548387097,1.1304314369450008,92.2516129032258,1.1421127279758085
-0.0142105263157894,0.04,80.78064516129032,1.3988005401907582,81.8,1.4367002203467323
0.0042105263157894,0.0168421052631578,87.12903225806451,1.1022834340706182,87.59354838709677,1.119300401422319
-0.0031578947368421,0.0021052631578947,7.864516129032258,1.7707457567895641,8.819354838709678,1.8984886582908973
-0.0178947368421052,0.0084210526315789,6.903225806451613,1.6615277898702685,7.406451612903226,1.6798487104072954
0.0042105263157894,0.0252631578947368,103.89677419354838,1.1915839722673536,104.21935483870968,1.2076057034287129
-0.0252631578947368,0.0,0.0,,0.0,
-0.0031578947368421,0.0084210526315789,32.89677419354839,1.1610436755926652,33.9741935483871,1.1866139609864332
-0.0326315789473684,0.0336842105263157,40.52903225806452,1.5754644418985746,42.064516129032256,1.5995412633198889
-0.021578947368421,0.0336842105263157,55.41290322580645,1.4373768817878811,56.96774193548387,1.464411539376924
-0.0363157894736842,0.0378947368421052,42.806451612903224,1.579285204749861,44.516129032258064,1.618957866649111
0.011578947368421,0.0231578947368421,129.48387096774192,1.0625701099845601,130.1225806451613,1.0721325069979424
0.0005263157894736,0.0336842105263157,106.83870967741936,1.281472599876978,107.03225806451613,1.3077163904632714
0.0078947368421052,0.0168421052631578,104.36129032258064,1.0279555389983035,104.38709677419355,1.048873508042715
-0.0178947368421052,0.0063157894736842,0.8387096774193549,0.5330598784063293,1.0,0.7067870324419014
-0.0326315789473684,0.0210526315789473,20.774193548387096,1.9569641555176758,22.270967741935483,1.9661720915680965
-0.021578947368421,0.0105263157894736,8.709677419354838,1.8422053635124322,9.812903225806451,1.8858892041252284
-0.021578947368421,0.0294736842105263,47.774193548387096,1.4529159659266728,49.012903225806454,1.4861079775016166
-0.0142105263157894,0.0147368421052631,28.89032258064516,1.51460500239983,30.0,1.5317684380825376
-0.0105263157894736,0.0147368421052631,34.54838709677419,1.3728376170654952,35.65806451612903,1.4173453801073665
-0.0105263157894736,0.0294736842105263,68.65806451612903,1.3369276858591004,70.16774193548387,1.376318729742309
-0.0326315789473684,0.0021052631578947,0.0,,0.0,
0.0078947368421052,0.0189473684210526,108.0,1.0628003460898503,108.03225806451613,1.0778910682382319
0.0005263157894736,0.04,116.49032258064516,1.311182733182591,116.90967741935484,1.3301436796513086
-0.0289473684210526,0.0168421052631578,16.303225806451614,2.049642749279223,17.593548387096774,2.0564769284056075
-0.0068421052631578,0.0273684210526315,73.54838709677419,1.3141145977628965,74.66451612903226,1.3395003405974546
-0.0031578947368421,0.0189473684210526,64.60645161290323,1.223023643187802,65.31612903225806,1.2549709341578865
-0.0068421052631578,0.0,0.0,,0.0,
0.0005263157894736,0.0294736842105263,99.63870967741936,1.253880345151166,99.64516129032258,1.2874882961869298
-0.0326315789473684,0.04,50.458064516129035,1.5198135423859163,51.92258064516129,1.5612148694866637
0.011578947368421,0.0084210526315789,115.86451612903225,0.6534221957679118,116.09032258064516,0.6645019716815588
-0.0252631578947368,0.0189473684210526,24.406451612903226,1.80642890972888,25.322580645161292,1.790278907868955
-0.0105263157894736,0.0168421052631578,39.81935483870968,1.3419795958936491,40.909677419354836,1.366818667566302
-0.0031578947368421,0.0168421052631578,59.12258064516129,1.196042071001526,59.47741935483871,1.2342963427706684
-0.0105263157894736,0.0063157894736842,11.929032258064517,1.933300083577111,12.735483870967743,2.008761772636588
-0.0142105263157894,0.0231578947368421,47.24516129032258,1.3702350669763559,48.75483870967742,1.3989197296962717
-0.0326315789473684,0.031578947368421,37.21935483870968,1.581892816485432,38.41935483870968,1.616543641963964
-0.0252631578947368,0.0021052631578947,0.0,,0.0,
-0.0142105263157894,0.0336842105263157,69.09677419354838,1.3793143486939086,70.32903225806452,1.4260023151426522
